policy,date,J_plan,J_emerg,J,e_kWh
alpha0.85,2025-02-01,24688.79187256685,642.4853230047563,25331.277195571605,131.80914096474305
alpha0.85,2025-02-02,59278.86076772014,108.58332765624908,59387.44409537639,30.85222916666646
alpha0.85,2025-02-03,58256.42502665223,327.46498653970957,58583.890013191936,89.54351192847562
alpha0.85,2025-02-04,58534.40298699528,1609.738142587361,60144.14112958264,436.4465163719323
alpha0.85,2025-02-05,58196.946687705255,617.909108384158,58814.85579608941,169.8634168154395
alpha0.85,2025-02-06,58908.349243583565,170.21256047448193,59078.561804058045,50.437116891377855
alpha0.85,2025-02-07,23845.7116343029,316.29312988801706,24162.00476419092,56.46558593052433
alpha0.85,2025-02-08,21814.2097442624,1543.7084660050086,23357.91821026741,305.8172545198757
alpha0.85,2025-02-09,55120.676895822726,2716.372635790815,57837.04953161354,844.9373246254003
alpha0.85,2025-02-10,55843.773125121494,321.9139985150915,56165.687123636584,86.67579222324483
alpha0.85,2025-02-11,54160.645275314244,602.0918178047691,54762.737093119016,108.3566461112469
alpha0.85,2025-02-12,53770.996303621694,875.8448232380047,54646.8411268597,204.8784083481614
alpha0.85,2025-02-13,53453.04149246914,811.9277844046297,54264.96927687377,171.11745014507625
alpha0.85,2025-02-14,19834.764639983998,3311.259131600916,23146.023771584914,993.1248901658687
alpha0.85,2025-02-15,19590.102989052313,2027.2379919021967,21617.34098095451,597.471341597399
alpha0.85,2025-02-16,51529.777223903875,2763.3585256125,54293.135749516376,662.823641465392
alpha0.85,2025-02-17,51310.03357429773,814.1942379892591,52124.22781228699,191.65337267140228
alpha0.85,2025-02-18,50751.05342878008,1129.563422716954,51880.616851497034,279.3632406164276
alpha0.85,2025-02-19,50361.01022744061,2666.3268478205473,53027.33707526116,760.1589748694769
alpha0.85,2025-02-20,50043.827292308764,1480.1617472905077,51523.98903959927,335.6390181099904
alpha0.85,2025-02-21,18949.365672026815,938.2366238530357,19887.60229587985,281.33297647441634
alpha0.85,2025-02-22,18797.094604224287,3002.729513686123,21799.824117910408,731.6328161604658
alpha0.85,2025-02-23,49365.86293173736,1985.9797226118883,51351.84265434925,604.9974954431091
alpha0.85,2025-02-24,48796.77995689045,1386.3626769365476,50183.142633827,322.8009153419418
alpha0.85,2025-02-25,48511.98729288703,983.7613318800197,49495.74862476705,278.21941068679973
alpha0.85,2025-02-26,47589.065905806485,3018.6277064640362,50607.69361227052,740.2971945576436
alpha0.85,2025-02-27,47045.24109938197,2964.9755289957334,50010.216628377704,607.7202987027297
alpha0.85,2025-02-28,18136.191056199485,2773.439209385131,20909.630265584616,755.0295074652264
alpha0.85,2025-03-01,18062.559527147332,2679.106579974292,20741.666107121622,668.2676808907227
alpha0.85,2025-03-02,47094.809106395885,14672.13454279121,61766.943649187095,3906.210830045295
alpha0.85,2025-03-03,48088.21025524028,7558.772608476345,55646.98286371662,1798.604501894548
alpha0.85,2025-03-04,49423.935874370974,891.0956536470751,50315.03152801805,275.1015457324513
alpha0.85,2025-03-05,49491.13341361366,585.2814089013572,50076.41482251501,127.70682582408527
alpha0.85,2025-03-06,48943.380217701386,588.6648249918586,49532.045042693244,200.2574601844602
alpha0.85,2025-03-07,17882.58943434498,425.1720075771964,18307.761441922175,131.52954402960452
alpha0.85,2025-03-08,17292.12314051989,743.6116591139102,18035.7347996338,222.29179309441412
alpha0.85,2025-03-09,46208.16832578969,933.2627573327393,47141.43108312243,224.8292257145937
alpha0.85,2025-03-10,45268.1639075634,6337.815575872518,51605.97948343592,2050.5560044821327
alpha0.85,2025-03-11,45465.402130943505,1586.608971242014,47052.01110218552,412.68025992969524
alpha0.85,2025-03-12,45148.598317171374,1111.5779530036868,46260.17627017506,340.6781323578944
alpha0.85,2025-03-13,44226.19147691102,10794.117095381107,55020.30857229213,2760.7031593602605
alpha0.85,2025-03-14,16654.562107880796,1952.9725289248745,18607.53463680567,462.3726726016696
alpha0.85,2025-03-15,16753.635153870997,2687.022723391522,19440.657877262518,843.4143949789376
alpha0.85,2025-03-16,44429.08864108329,2559.1310283883568,46988.21966947165,636.0230246463086
alpha0.85,2025-03-17,44208.242302618346,690.5185787707674,44898.76088138911,137.95123110069363
alpha0.85,2025-03-18,42781.74284116633,3802.5780870407625,46584.32092820709,806.1408660664547
alpha0.85,2025-03-19,43020.192257525865,1211.066712176271,44231.25896970214,237.98643779029595
alpha0.85,2025-03-20,42899.024329105734,2014.2312319543714,44913.255561060105,544.7613888422143
alpha0.85,2025-03-21,16205.789537502034,1105.090141355577,17310.87967885761,366.83499967080576
alpha0.85,2025-03-22,16521.976037412227,1499.2348378418478,18021.210875254073,392.91189360504217
alpha0.85,2025-03-23,41720.995418354985,1859.1848286857328,43580.18024704072,513.2798003410346
alpha0.85,2025-03-24,41209.161636539175,2107.9718916715074,43317.13352821068,617.4203984264328
alpha0.85,2025-03-25,40791.44893258873,5551.594477483397,46343.04341007213,1437.8918962382772
alpha0.85,2025-03-26,41072.590564475584,903.2664012914381,41975.85696576702,277.14880372108826
alpha0.85,2025-03-27,40667.45641629509,2574.3085288702146,43241.764945165305,697.8282337204913
alpha0.85,2025-03-28,15799.393690686244,1267.9485336020716,17067.342224288317,345.6048699825363
alpha0.85,2025-03-29,15578.850345242696,582.9300001850896,16161.780345427786,149.87887883833292
alpha0.85,2025-03-30,39162.53768632761,2666.550040213938,41829.08772654155,629.2948919033646
alpha0.85,2025-03-31,38383.49319577946,8047.177082141045,46430.67027792051,2001.1095548417384
alpha0.85,2025-04-01,38840.6373081573,8728.27630838025,47568.913616537546,3065.1787553163053
alpha0.85,2025-04-02,39189.21535789489,12228.936129584135,51418.15148747903,2781.1332996588803
alpha0.85,2025-04-03,40067.37069332224,2185.7697774663143,42253.14047078856,545.7660137482795
alpha0.85,2025-04-04,15191.08208655493,1065.221984974086,16256.304071529015,266.8292861150398
alpha0.85,2025-04-05,15326.639118940668,4061.0560114934337,19387.695130434102,969.1986453576293
alpha0.85,2025-04-06,39386.11093592647,951.288106371736,40337.3990422982,236.6296009799757
alpha0.85,2025-04-07,38708.10682066868,1384.6799379959234,40092.78675866461,428.4984092427527
alpha0.85,2025-04-08,38660.36947301708,3631.335864217101,42291.70533723418,769.3688810883957
alpha0.85,2025-04-09,38537.6009434357,6959.691563279134,45497.29250671483,1941.4696226917422
alpha0.85,2025-04-10,39151.29800887629,2441.0551216709346,41592.35313054723,547.8728410712766
alpha0.85,2025-04-11,14833.78922766892,1510.4921234289504,16344.28135109787,369.5285234139367
alpha0.85,2025-04-12,15049.516497177312,1114.1766842224597,16163.693181399773,348.05330357817394
alpha0.85,2025-04-13,37668.94070373226,2114.4326549948755,39783.373358727134,463.1909710440284
alpha0.85,2025-04-14,37395.08314171895,1701.2587277506527,39096.3418694696,408.64038565859335
alpha0.85,2025-04-15,37681.652345570925,1089.2617606239583,38770.91410619488,231.14552083936303
alpha0.85,2025-04-16,37104.51691187431,4540.282279056754,41644.79919093106,1196.285781678227
alpha0.85,2025-04-17,37472.65892255517,813.7654425036463,38286.42436505882,193.12857341357204
alpha0.85,2025-04-18,14601.661424094313,790.3986524415348,15392.060076535847,241.03727758789643
alpha0.85,2025-04-19,14308.97232059395,899.4601071151675,15208.432427709118,264.465917215438
alpha0.85,2025-04-20,36941.777515135094,2035.9116952993463,38977.689210434444,509.8178989070731
alpha0.85,2025-04-21,37067.20885953015,831.1610042951372,37898.36986382528,271.41257908257785
alpha0.85,2025-04-22,36149.28850568044,2386.396270519486,38535.68477619992,738.5781786156132
alpha0.85,2025-04-23,36362.899705703705,1043.0831951555572,37405.982900859264,309.5899108432476
alpha0.85,2025-04-24,36094.65311324426,515.1364297552833,36609.78954299955,107.27264576392845
alpha0.85,2025-04-25,13595.550423055189,602.3247657013475,14197.875188756536,180.27212980743303
alpha0.85,2025-04-26,13581.886005475466,2443.4527032148444,16025.33870869031,616.6465544809566
alpha0.85,2025-04-27,33952.697546115334,4540.882635782058,38493.58018189739,1013.6154717801471
alpha0.85,2025-04-28,34910.75818703267,17920.43808692975,52831.196273962414,4826.699127424212
alpha0.85,2025-04-29,35971.03838835757,1661.751625514351,37632.79001387192,376.6471398381831
alpha0.85,2025-04-30,35568.3126426879,2382.247592082693,37950.56023477059,673.0387052722417
alpha0.85,2025-05-01,35004.99167373228,11690.323357858892,46695.31503159117,2465.2162978450265
alpha0.85,2025-05-02,13853.725309171994,17678.336716529517,31532.06202570151,4028.8205241197184
alpha0.85,2025-05-03,14168.731914128053,7263.5283052748655,21432.260219402917,1405.0209635522972
alpha0.85,2025-05-04,36646.761214966114,7449.933672255927,44096.69488722204,1573.0900416546094
alpha0.85,2025-05-05,36597.81157026764,12153.164556421983,48750.976126689624,2660.9722817027264
alpha0.85,2025-05-06,36924.098442108225,7569.719955579449,44493.818397687675,1788.4205521827048
alpha0.85,2025-05-07,37224.877572065314,7858.5158777687275,45083.39344983404,1648.2198148644118
alpha0.85,2025-05-08,39989.78838453577,4455.451301591585,44445.23968612736,1140.234745478304
alpha0.85,2025-05-09,16943.270925568715,451.6328434206223,17394.903768989338,158.78140736551944
alpha0.85,2025-05-10,17015.507308270702,3001.367380389356,20016.874688660057,733.008205098144
alpha0.85,2025-05-11,40910.27260735368,1120.0426107406374,42030.31521809432,288.23890701198246
alpha0.85,2025-05-12,40992.69843961872,1854.5174265890505,42847.21586620777,661.7315793740885
alpha0.85,2025-05-13,40580.17718681366,190.71124728081747,40770.88843409447,46.070612873899506
alpha0.85,2025-05-14,40629.76583590969,711.0087524807764,41340.774588390464,201.46041635241994
alpha0.85,2025-05-15,40178.23049029677,1848.7850903155545,42027.01558061233,473.7201123941969
alpha0.85,2025-05-16,16646.566104845628,456.8323910605921,17103.398495906218,203.22509755065767
alpha0.85,2025-05-17,16758.177207445093,4378.492480272265,21136.66968771736,1148.5106079070893
alpha0.85,2025-05-18,39919.0623307268,2818.0952662184336,42737.15759694524,783.6480835363128
alpha0.85,2025-05-19,39619.46993985676,788.5219215540736,40407.99186141083,140.51636371319242
alpha0.85,2025-05-20,38936.01195017138,2682.4326330215663,41618.44458319295,674.4173917055227
alpha0.85,2025-05-21,39483.89578606513,1644.9257126147427,41128.82149867987,430.13614674749556
alpha0.85,2025-05-22,39081.362956966026,508.03866621803337,39589.40162318406,134.8862564133215
alpha0.85,2025-05-23,16635.259261200175,755.0476258608167,17390.306887060993,240.25179226841743
alpha0.85,2025-05-24,17065.76362611809,194.4129107819092,17260.1765369,73.27643014275026
alpha0.85,2025-05-25,39146.749511896895,416.59931844435874,39563.34883034125,90.70813930844969
alpha0.85,2025-05-26,38539.49951638968,7459.439301400125,45998.93881778981,2080.1058049304443
alpha0.85,2025-05-27,39368.18702755681,171.35811436703452,39539.545141923845,78.98263483331093
alpha0.85,2025-05-28,38816.95536190756,3056.8877131975732,41873.843075105135,1026.228178419191
alpha0.85,2025-05-29,38830.54364776237,2231.7423335298586,41062.28598129223,601.7738936645395
alpha0.85,2025-05-30,16535.55502074256,2764.8208226678125,19300.375843410373,693.9786623095637
alpha0.85,2025-05-31,16680.288242791754,3078.560364108638,19758.848606900392,774.620975589055
alpha0.85,2025-06-01,39715.35086862942,40311.67217700295,80027.02304563238,10798.212605410728
alpha0.85,2025-06-02,41302.221130899816,30677.38204908336,71979.60317998318,7592.2357507482375
alpha0.85,2025-06-03,43031.44367538404,15388.34704212675,58419.79071751079,3830.97240676392
alpha0.85,2025-06-04,44041.65914328038,15011.161573329191,59052.820716609574,4189.638595659577
alpha0.85,2025-06-05,45607.51190552913,14108.500208492474,59716.01211402161,3800.893067409361
alpha0.85,2025-06-06,17885.537419228633,24208.28853737231,42093.825956600944,5699.983709780683
alpha0.85,2025-06-07,19265.671962470056,12394.920762081858,31660.592724551912,2956.937468320856
alpha0.85,2025-06-08,56639.68684453473,93.46633597860638,56733.153180513335,32.68866192214745
alpha0.85,2025-06-09,54975.471648841325,519.1822420172771,55494.6538908586,197.28104760849354
alpha0.85,2025-06-10,55214.192920204136,744.1807330295666,55958.3736532337,203.09796146962776
alpha0.85,2025-06-11,55588.91494915821,5098.632695159279,60687.547644317485,1053.4511148972065
alpha0.85,2025-06-12,56985.65514521258,531.383961581444,57517.03910679402,123.9643880879115
alpha0.85,2025-06-13,25066.45738646038,2852.556631563352,27919.014018023732,552.7237240037831
alpha0.85,2025-06-14,25373.172893617033,76.55239083174428,25449.725284448778,24.616289791666418
alpha0.85,2025-06-15,57401.67080235145,0.0,57401.67080235145,0.0
alpha0.85,2025-06-16,57233.68481865681,523.8749471616937,57757.5597658185,159.3653678465963
alpha0.85,2025-06-17,56898.36225586629,2204.0446163663837,59102.40687223268,522.590071249352
alpha0.85,2025-06-18,58051.33048347775,5.850835776550689,58057.181319254305,1.4478210471827424
alpha0.85,2025-06-19,57486.1131344362,462.9765209060058,57949.089655342206,129.03915466850356
alpha0.85,2025-06-20,24618.987035824113,0.0,24618.987035824113,0.0
alpha0.85,2025-06-21,24396.191149497477,44.011020822749444,24440.202170320226,9.396033480518668
alpha0.85,2025-06-22,55240.10388162041,123.64032536367218,55363.74420698408,57.078204322916804
alpha0.85,2025-06-23,54984.75620242267,128.28704073536397,55113.043243158034,58.71988020833305
alpha0.85,2025-06-24,54430.7425977048,10567.690307266477,64998.432904971276,2512.2464171103825
alpha0.85,2025-06-25,55726.46499341413,1601.5116009556932,57327.97659436982,547.1219756950939
alpha0.85,2025-06-26,56368.76317230603,59.62749297496039,56428.390665281,14.491122860793894
alpha0.85,2025-06-27,23450.860900790765,33.57777689217771,23484.43867768294,14.153805268718088
alpha0.85,2025-06-28,23252.152774343485,445.56584632570633,23697.71862066919,123.6040582675058
alpha0.85,2025-06-29,55266.12192073968,712.146259709008,55978.268180448686,293.2145259573665
alpha0.85,2025-06-30,54774.928893824064,1893.703783239688,56668.63267706375,506.53712886304504
alpha0.85,2025-07-01,54154.92434804279,11159.861298482736,65314.785646525524,3469.841530163199
alpha0.85,2025-07-02,52118.78359781292,12914.736281222942,65033.51987903586,3906.0848810682837
alpha0.85,2025-07-03,50351.68725478177,20208.505707285,70560.19296206677,5647.139960281375
alpha0.85,2025-07-04,21677.96389999696,16909.817016720568,38587.78091671753,4718.920344754472
alpha0.85,2025-07-05,21733.275013190538,17310.53489711442,39043.80991030496,4572.291172810948
alpha0.85,2025-07-06,48186.56581056025,30877.979192842868,79064.54500340312,7447.041811384923
alpha0.85,2025-07-07,49444.23187494643,9187.145593329189,58631.37746827562,2693.396675273912
alpha0.85,2025-07-08,57977.597403212814,1791.8050053965565,59769.40240860937,423.745680833478
alpha0.85,2025-07-09,57813.39867240003,778.9429158056458,58592.34158820567,206.551188422511
alpha0.85,2025-07-10,57969.59551179304,491.0040057431025,58460.599517536146,105.59143605023556
alpha0.85,2025-07-11,29822.9419946477,4337.633938981816,34160.575933629516,1401.9839672577127
alpha0.85,2025-07-12,29747.462164607823,639.8985170151335,30387.360681622955,195.1698461929825
alpha0.85,2025-07-13,58321.83053623663,133.70379006948235,58455.534326306115,19.888998150908492
alpha0.85,2025-07-14,57140.03092911156,466.9727905324187,57607.00371964398,87.88766140060807
alpha0.85,2025-07-15,57510.501413142505,2601.3459180060913,60111.847331148594,932.271322217772
alpha0.85,2025-07-16,56860.46972076892,1282.9966781188368,58143.46639888775,319.8816691990628
alpha0.85,2025-07-17,56781.18576932495,2741.669175623831,59522.85494494878,557.8223858696887
alpha0.85,2025-07-18,29841.725067180018,1331.0531829117883,31172.778250091807,413.0833542003526
alpha0.85,2025-07-19,29937.954223721666,26.087720983931355,29964.041944705597,5.463969208070239
alpha0.85,2025-07-20,57490.18245145891,576.5452561211837,58066.727707580096,139.16631131020938
alpha0.85,2025-07-21,58284.51495578133,847.7027158123371,59132.217671593666,214.57250212508836
alpha0.85,2025-07-22,58535.39611584976,1586.2181816849236,60121.61429753469,362.3089989401384
alpha0.85,2025-07-23,58684.514950043245,1008.3980339446985,59692.912983987946,207.8291313783606
alpha0.85,2025-07-24,58541.9915310144,1821.3485011004204,60363.34003211482,435.0893955199916
alpha0.85,2025-07-25,30101.858135764112,259.0162645423501,30360.874400306464,65.48032525381883
alpha0.85,2025-07-26,30589.15273054543,426.613738507547,31015.766469052975,163.04554680949093
alpha0.85,2025-07-27,58129.712320280814,3153.5441493132225,61283.25646959404,661.6551500316266
alpha0.85,2025-07-28,58247.125881340544,3220.602136972894,61467.728018313435,928.44648943226
alpha0.85,2025-07-29,60388.58732760817,1661.2592043408954,62049.846531949064,458.59796911487535
alpha0.85,2025-07-30,60459.6615025081,301.6222946999158,60761.283797208016,79.21595294022961
alpha0.85,2025-07-31,59333.908595135275,545.4601691861394,59879.368764321414,114.84048487057034
alpha0.85,2025-08-01,28547.449667485555,47.95547716145842,28595.40514464701,22.624072916666705
alpha0.85,2025-08-02,27927.21634392246,0.0,27927.21634392246,0.0
alpha0.85,2025-08-03,54110.79516111753,596.3489097370592,54707.14407085459,137.5395722788905
alpha0.85,2025-08-04,51980.79697817851,371.1358505484394,52351.932828726945,109.897099488837
alpha0.85,2025-08-05,50833.198085425756,703.8882884044278,51537.086373830185,177.24499744849868
alpha0.85,2025-08-06,50206.07705022833,5744.283154368085,55950.360204596414,1399.9099701323
alpha0.85,2025-08-07,50104.39395283232,992.2834308940119,51096.67738372633,305.7258811515843
alpha0.85,2025-08-08,25834.815951184526,438.58990745561744,26273.405858640144,128.55958262210524
alpha0.85,2025-08-09,25357.590850112563,1749.0365173280088,27106.62736744057,513.5030204710077
alpha0.85,2025-08-10,48965.845860970185,2539.4000777646197,51505.245938734806,735.9993681720082
alpha0.85,2025-08-11,49129.77053466811,2812.731552692264,51942.50208736037,603.5804105470423
alpha0.85,2025-08-12,48194.34314740943,7187.0783626609,55381.42151007033,1700.4316194500097
alpha0.85,2025-08-13,48857.93733080481,3153.755653835296,52011.6929846401,773.2922223099929
alpha0.85,2025-08-14,48809.134012553244,3676.696929154928,52485.83094170817,738.2463798307924
alpha0.85,2025-08-15,24965.38487106396,994.4936424896206,25959.878513553584,294.2345794455378
alpha0.85,2025-08-16,25018.299467529658,1858.2425251400564,26876.541992669714,367.95634358228773
alpha0.85,2025-08-17,48140.58755110696,1955.3723669119586,50095.95991801892,444.31355843349394
alpha0.85,2025-08-18,47956.33889543067,3139.8439884551417,51096.18288388581,705.4881083164486
alpha0.85,2025-08-19,48195.78009690874,2355.7064967443744,50551.48659365311,645.8027116442906
alpha0.85,2025-08-20,48013.43643538959,13237.384650087537,61250.821085477124,3195.4792015113653
alpha0.85,2025-08-21,49090.497178165955,2803.4819465578275,51893.97912472378,694.2326512676219
alpha0.85,2025-08-22,24890.023287177195,2683.7394869120735,27573.762774089268,678.9416817233375
alpha0.85,2025-08-23,25213.38870190735,923.9485942415041,26137.337296148857,257.271952361205
alpha0.85,2025-08-24,49515.91342179701,1473.3475929829156,50989.26101477993,360.6413230292595
alpha0.85,2025-08-25,49449.76884921577,6892.157122780298,56341.92597199607,1934.1261983478817
alpha0.85,2025-08-26,50030.83698234509,1209.1449999754425,51239.98198232053,278.43484031978215
alpha0.85,2025-08-27,49844.33008924051,2284.7598062146885,52129.089895455196,508.72274879232486
alpha0.85,2025-08-28,50021.943484233765,12226.121946792005,62248.06543102577,3151.771188831357
alpha0.85,2025-08-29,26154.02598168359,2227.8971412087803,28381.92312289237,544.63349318216
alpha0.85,2025-08-30,25905.530421476462,955.4832957359488,26861.013717212412,278.48879513599707
alpha0.85,2025-08-31,50559.46929887896,1348.253505276973,51907.722804155936,340.5920609287335
alpha0.85,2025-09-01,50330.1871883216,317.25715300061523,50647.44434132222,72.8683603054235
alpha0.85,2025-09-02,49839.01816996799,105.43096887997226,49944.44913884796,26.156682355199333
alpha0.85,2025-09-03,49501.31696552437,0.0,49501.31696552437,0.0
alpha0.85,2025-09-04,49921.1169341591,248.30113453564462,50169.418068694744,42.74789266344919
alpha0.85,2025-09-05,25411.938072207333,108.89912675601799,25520.837198963352,43.25788570587201
alpha0.85,2025-09-06,25742.18347903419,339.15297954565773,26081.336458579848,68.97548859279414
alpha0.85,2025-09-07,48995.18100712806,827.8801259063727,49823.06113303443,180.1914133775769
alpha0.85,2025-09-08,41631.36285758986,8108.948596615045,49740.31145420491,1892.95180829778
alpha0.85,2025-09-09,42978.623849949785,755.2285945342101,43733.85244448399,174.96260491451278
alpha0.85,2025-09-10,42463.738160248846,10778.213206495939,53241.95136674478,2455.3711003109756
alpha0.85,2025-09-11,43409.01434478712,1017.1379051631093,44426.15224995023,222.10081545938937
alpha0.85,2025-09-12,19618.460304976896,1072.0331852572426,20690.493490234137,289.982058408447
alpha0.85,2025-09-13,19860.5581931148,620.216972816582,20480.775165931384,150.04369450129846
alpha0.85,2025-09-14,42805.30224036916,4142.00845599704,46947.3106963662,1228.9905084135944
alpha0.85,2025-09-15,43171.06187257516,1053.1459934908914,44224.207866066055,262.49969836645835
alpha0.85,2025-09-16,42871.24886030204,3259.923715290198,46131.17257559224,1132.8436028524188
alpha0.85,2025-09-17,43236.33095044234,2798.4826202519216,46034.813570694256,756.7768317924252
alpha0.85,2025-09-18,43138.24083760064,1541.4234965260139,44679.66433412665,352.85434801645135
alpha0.85,2025-09-19,19361.574178267903,1719.821848033389,21081.396026301292,598.3937648333197
alpha0.85,2025-09-20,19255.130023069796,2263.3182313142474,21518.448254384042,525.7196518912993
alpha0.85,2025-09-21,44670.08699110085,1039.6694516302518,45709.7564427311,272.66388890316915
alpha0.85,2025-09-22,43530.9151649262,2754.5681141417303,46285.48327906793,753.9402505398696
alpha0.85,2025-09-23,44070.69608809269,4266.009795693755,48336.705883786446,977.5969850587511
alpha0.85,2025-09-24,44061.925138268125,1927.9912555178448,45989.91639378597,573.3854516581143
alpha0.85,2025-09-25,44276.94919047928,3170.1805445533932,47447.12973503267,852.8681658744343
alpha0.85,2025-09-26,19206.222587361954,1275.6358741267065,20481.85846148866,331.42496186784126
alpha0.85,2025-09-27,19237.010049328866,7396.763106977771,26633.773156306637,1838.7676107494487
alpha0.85,2025-09-28,45115.81871682053,2506.376440850533,47622.19515767106,694.9780826971219
alpha0.85,2025-09-29,45090.138027793626,3308.6671671319505,48398.805194925575,751.1042105323493
alpha0.85,2025-09-30,45592.30099472095,4235.3553875074995,49827.65638222845,1072.0745682562454
alpha0.85,2025-10-01,45886.80104852617,196.79828135808089,46083.59932988425,90.15568343586949
alpha0.85,2025-10-02,44154.99238631276,487.1768760332708,44642.16926234603,202.11670469931153
alpha0.85,2025-10-03,18554.246745470275,278.90807037655907,18833.154815846832,126.15905461963945
alpha0.85,2025-10-04,19389.090778441965,957.0171804756021,20346.107958917568,253.1723097712881
alpha0.85,2025-10-05,43000.22362169224,365.0364337839889,43365.260055476225,164.88707193582263
alpha0.85,2025-10-06,43208.85723216151,727.8751559913485,43936.73238815286,309.46611196275944
alpha0.85,2025-10-07,43131.52758148276,455.45711726126933,43586.98469874403,134.35116563153588
alpha0.85,2025-10-08,40337.101019048016,1757.6568399733048,42094.75785902132,465.21896963689176
alpha0.85,2025-10-09,40580.83036355296,881.0637874048148,41461.89415095777,198.87568513657965
alpha0.85,2025-10-10,16684.70170727023,1714.472345518469,18399.174052788698,510.2335294210359
alpha0.85,2025-10-11,17333.52622258896,1246.2643883198805,18579.79061090884,337.79202987933655
alpha0.85,2025-10-12,41507.128832923176,3193.1391153950785,44700.26794831825,770.5219005369844
alpha0.85,2025-10-13,41921.050589013226,565.232924757599,42486.283513770824,150.69773458574173
alpha0.85,2025-10-14,41480.71828502795,3129.7870687111126,44610.50535373906,774.3091738032781
alpha0.85,2025-10-15,41855.01243826001,5571.259521813774,47426.271960073784,1371.9896975279974
alpha0.85,2025-10-16,42715.76108638361,6086.377038464715,48802.13812484832,1518.2277502396068
alpha0.85,2025-10-17,17666.678646500208,813.368803593915,18480.047450094124,194.82883412326447
alpha0.85,2025-10-18,17803.227327435998,1212.8224290721514,19016.04975650815,383.18172613345837
alpha0.85,2025-10-19,44066.964917131234,3074.6386665554314,47141.603583686665,793.5946091197653
alpha0.85,2025-10-20,44826.6249824055,4608.676545056416,49435.30152746191,990.5124918735127
alpha0.85,2025-10-21,45516.62009941289,2567.012923946763,48083.63302335965,795.6022801767563
alpha0.85,2025-10-22,45468.72751980253,4756.400103380763,50225.127623183296,978.5906611716789
alpha0.85,2025-10-23,46311.40568923104,1242.3044616025225,47553.71015083356,322.54409847144285
alpha0.85,2025-10-24,17744.012916288433,2533.802100913835,20277.81501720227,548.4533631210297
alpha0.85,2025-10-25,17973.060228164533,1786.1586658964616,19759.218894060996,428.5407518536507
alpha0.85,2025-10-26,46635.291883011014,611.5976667492257,47246.88954976024,182.15302360008354
alpha0.85,2025-10-27,46576.118898596,1752.4667860793513,48328.58568467535,454.83439607258924
alpha0.85,2025-10-28,46277.304796990065,1758.9896913859593,48036.29448837602,422.12593114269924
alpha0.85,2025-10-29,46260.444440785475,6451.40520411715,52711.84964490263,1812.5883370626452
alpha0.85,2025-10-30,46927.59802458405,1553.8850822490786,48481.483106833126,382.963709872874
alpha0.85,2025-10-31,18621.50452910365,2234.2075269077136,20855.712056011365,645.0074365525916
alpha0.85,2025-11-01,18685.920740323112,1007.8532821952551,19693.774022518366,324.3756364540454
alpha0.85,2025-11-02,48258.19633916361,2057.5170746379863,50315.7134138016,432.6858625331521
alpha0.85,2025-11-03,48976.88014779049,1317.1271093360333,50294.00725712653,399.08125961459916
alpha0.85,2025-11-04,49102.738304806524,1556.069483852907,50658.80778865943,340.5587750520238
alpha0.85,2025-11-05,49351.91497502041,932.9761710209561,50284.891146041366,318.07603697951913
alpha0.85,2025-11-06,49037.232822787104,5245.039894559688,54282.272717346794,1187.951154146197
alpha0.85,2025-11-07,19133.44794887722,2025.0064062608744,21158.454355138092,443.2861826142115
alpha0.85,2025-11-08,19028.54367014608,830.06735992387,19858.611030069947,200.25507896962782
alpha0.85,2025-11-09,50383.92742053872,2544.7828198234947,52928.71024036221,617.5079731942393
alpha0.85,2025-11-10,50667.94896935338,3002.544897638543,53670.49386699193,736.0831161987878
alpha0.85,2025-11-11,51310.201994153365,672.2293524025572,51982.431346555924,195.52909893312832
alpha0.85,2025-11-12,51554.53829449956,1009.056144794374,52563.594439293935,189.83082861044522
alpha0.85,2025-11-13,51606.26577840495,2078.3387387296957,53684.60451713465,584.3565576613619
alpha0.85,2025-11-14,19923.8335783799,620.860990454203,20544.694568834104,170.65763930283984
alpha0.85,2025-11-15,19728.712083540442,1422.4155243295686,21151.12760787001,351.56178376042703
alpha0.85,2025-11-16,52719.554750704025,2315.6000858393472,55035.15483654337,658.7125482786845
alpha0.85,2025-11-17,53371.39526845429,724.5877563235392,54095.98302477783,230.4531429245616
alpha0.85,2025-11-18,52939.92717982998,1918.8588104535083,54858.78599028349,571.7795351095997
alpha0.85,2025-11-19,52957.82449085498,1669.2181049997055,54627.04259585469,431.9055084528273
alpha0.85,2025-11-20,53417.75305202666,1680.7971246461607,55098.55017667282,440.0824391771967
alpha0.85,2025-11-21,20360.258778184656,750.6599774577242,21110.91875564238,292.72525526052857
alpha0.85,2025-11-22,20598.178642810246,712.6493415901951,21310.827984400443,197.47189952670476
alpha0.85,2025-11-23,54246.86582374209,2506.5219560732176,56753.387779815304,578.6564292355106
alpha0.85,2025-11-24,53706.35211117909,1778.8925913855678,55485.24470256466,458.1846321196437
alpha0.85,2025-11-25,53929.09599650056,973.062963547002,54902.15896004756,315.69078504066374
alpha0.85,2025-11-26,54467.61531681733,822.7320562758789,55290.34737309321,214.0915036768123
alpha0.85,2025-11-27,54601.82661263218,1026.7153599980045,55628.541972630184,248.5341192649137
alpha0.85,2025-11-28,21088.60818401075,1427.2102161437738,22515.818400154523,301.4643873490994
alpha0.85,2025-11-29,21436.800120631127,6106.386381167758,27543.186501798886,1844.509767038366
alpha0.85,2025-11-30,55748.243184906765,1589.166625371352,57337.40981027811,394.78388244575206
alpha0.85,2025-12-01,56440.621056707314,14996.996277361379,71437.6173340687,4097.638589992004
alpha0.85,2025-12-02,56751.00323826236,19188.680954903764,75939.68419316612,4932.256088628944
alpha0.85,2025-12-03,57916.48607129129,10055.61817924888,67972.10425054017,3201.4560317567766
alpha0.85,2025-12-04,58307.074011961435,11256.114178515418,69563.18819047685,3108.443997935548
alpha0.85,2025-12-05,24161.869773192753,8027.035685196319,32188.905458389072,2216.9207429646754
alpha0.85,2025-12-06,24428.317261966047,10587.993452238836,35016.31071420488,3111.9043372833335
alpha0.85,2025-12-07,60537.300655949715,3833.4223572436895,64370.723013193405,1114.1678927190046
alpha0.85,2025-12-08,64816.278771177385,929.9669783868586,65746.24574956424,182.1382121972649
alpha0.85,2025-12-09,65124.50165579432,824.3895548767025,65948.89121067102,173.69439529085278
alpha0.85,2025-12-10,64451.97858473574,674.8380559785733,65126.816640714314,152.03537935078174
alpha0.85,2025-12-11,65340.94693402028,498.3804345358486,65839.32736855613,122.42599218325199
alpha0.85,2025-12-12,28616.583506716754,1605.4067801069198,30221.990286823675,498.9616022908791
alpha0.85,2025-12-13,29230.605560376323,780.4806186890522,30011.086179065376,153.09296801050834
alpha0.85,2025-12-14,65697.16692822777,542.7652579589155,66239.93218618669,113.20351553227458
alpha0.85,2025-12-15,65555.86143686046,470.1369410040486,66025.99837786451,144.7150306034677
alpha0.85,2025-12-16,66176.64176133808,83.01691162374944,66259.65867296183,36.21718885416635
alpha0.85,2025-12-17,65738.24899853668,703.2889064030346,66441.53790493972,117.47740771875158
alpha0.85,2025-12-18,65479.690964811794,319.53377290951113,65799.2247377213,106.01520423349064
alpha0.85,2025-12-19,29405.17755769245,513.0277390074339,29918.20529669988,126.566704297478
alpha0.85,2025-12-20,29519.38824577823,319.94837834166594,29839.336624119896,79.31453145812914
alpha0.85,2025-12-21,65845.93279365,1122.9077903849272,66968.84058403493,363.6184365334922
alpha0.85,2025-12-22,65902.80034959158,460.4187801542102,66363.21912974579,93.58449100853962
alpha0.85,2025-12-23,66153.66606607035,12.855227109374885,66166.52129317973,6.124453124999945
alpha0.85,2025-12-24,65669.69658312135,372.49816732394834,66042.1947504453,74.09268359833504
alpha0.85,2025-12-25,65673.4697238785,557.6543296862174,66231.12405356472,152.36114443468693
alpha0.85,2025-12-26,29581.09068881836,432.95441756672676,30014.045106385085,76.78517744017273
alpha0.85,2025-12-27,29613.26247215265,207.26056608066958,29820.52303823332,51.800275834216336
alpha0.85,2025-12-28,65969.86267787815,619.2791642204583,66589.1418420986,121.49988385072976
alpha0.85,2025-12-29,66125.44091019919,284.29635774674523,66409.73726794594,75.44561686988057
alpha0.85,2025-12-30,65040.20797645208,41.265142815052045,65081.47311926713,10.511804374999883
alpha0.85,2025-12-31,64195.08246343483,835.7084833052297,65030.79094674006,235.09131134076299
alpha0.50,2025-02-01,21626.64771462895,3457.68708481508,25084.33479944403,763.3192385266319
alpha0.50,2025-02-02,55347.8399001089,1145.2307590304736,56493.07065913937,269.6387296068348
alpha0.50,2025-02-03,54232.28491272955,4839.008466808562,59071.29337953811,1363.068471095236
alpha0.50,2025-02-04,54572.15947761183,7359.248820674718,61931.40829828655,1816.2895081324916
alpha0.50,2025-02-05,54182.560985068645,4902.7866881009795,59085.34767316963,1338.1769818474438
alpha0.50,2025-02-06,54904.90082927898,3161.6129528147144,58066.513782093694,841.6448435058664
alpha0.50,2025-02-07,20727.003841955706,4023.120539918009,24750.124381873713,838.7955728344523
alpha0.50,2025-02-08,18939.964639481423,8289.91437374004,27229.879013221464,1988.9132609899416
alpha0.50,2025-02-09,51006.86374275747,11282.226648574593,62289.090391332065,3250.1181245120715
alpha0.50,2025-02-10,51710.429255426774,2841.570076571761,54551.99933199854,846.6654068800923
alpha0.50,2025-02-11,50072.22937342976,4498.350643168093,54570.58001659785,1062.2151875991094
alpha0.50,2025-02-12,49677.33829388661,6586.936240171721,56264.274534058335,1545.1953025616835
alpha0.50,2025-02-13,49333.0468270268,3959.4912443053086,53292.538071332114,1102.0687511422643
alpha0.50,2025-02-14,17930.846663862216,8972.898696024167,26903.745359886383,2761.007410026622
alpha0.50,2025-02-15,17704.894254962313,8812.845579719442,26517.739834681757,2700.025870542088
alpha0.50,2025-02-16,47340.82421675841,14594.650504939238,61935.47472169765,3833.1388767304065
alpha0.50,2025-02-17,47216.56289692903,5613.522047740411,52830.084944669434,1496.1397517979065
alpha0.50,2025-02-18,46580.425361023445,8916.54405736909,55496.96941839253,2247.1711817500277
alpha0.50,2025-02-19,46315.40997425161,12185.284942172508,58500.69491642412,3114.519304997986
alpha0.50,2025-02-20,46019.43128047517,8744.056397829714,54763.48767830488,2252.081489386793
alpha0.50,2025-02-21,17259.25652390199,6527.276830716764,23786.533354618754,1877.2393654926389
alpha0.50,2025-02-22,17108.25092426163,11771.190287955005,28879.441212216632,3138.102158376684
alpha0.50,2025-02-23,45348.11150340848,10425.94293775326,55774.05444116174,2971.246687176947
alpha0.50,2025-02-24,44806.666564907144,6477.307617374254,51283.974182281396,1570.8208949545199
alpha0.50,2025-02-25,44505.19124956893,5229.24543179624,49734.43668136517,1463.1810556415944
alpha0.50,2025-02-26,43676.31488535082,11057.403920559787,54733.718805910605,2924.92524401716
alpha0.50,2025-02-27,43159.47379741512,10834.149531156307,53993.623328571426,2305.559296907685
alpha0.50,2025-02-28,16537.225307812554,10124.997570942265,26662.22287875482,2835.3533482615885
alpha0.50,2025-03-01,16483.989065867805,7462.363251014176,23946.35231688198,1850.663202288129
alpha0.50,2025-03-02,43205.982068806625,26898.122951577898,70104.10502038452,7151.975269617497
alpha0.50,2025-03-03,44170.034751420535,20205.14198957377,64375.176740994306,5042.4117325109555
alpha0.50,2025-03-04,45356.529171772214,5609.047872789806,50965.57704456202,1689.4090656630583
alpha0.50,2025-03-05,45509.91455614727,3936.45389567979,49446.36845182706,937.8103977819342
alpha0.50,2025-03-06,44873.586270487256,3990.9376602296084,48864.52393071687,1149.8278960398009
alpha0.50,2025-03-07,16317.180234326557,5395.260849345323,21712.44108367188,1399.5737986081158
alpha0.50,2025-03-08,15782.11834904311,3879.5465950661087,19661.66494410922,1247.1953653546586
alpha0.50,2025-03-09,42162.804750677824,6300.736467478591,48463.54121815642,1678.4431585141858
alpha0.50,2025-03-10,41297.36407003687,18468.63093366487,59765.99500370174,5470.277000537959
alpha0.50,2025-03-11,41516.957645143906,7874.540678869753,49391.49832401366,2029.599474851809
alpha0.50,2025-03-12,41189.4608177921,4986.005396073448,46175.466213865555,1477.6052073955839
alpha0.50,2025-03-13,40365.41319265972,23296.273436890024,63661.686629549746,6182.7324602279095
alpha0.50,2025-03-14,15176.008524182555,6698.779797432162,21874.788321614717,1701.573581136805
alpha0.50,2025-03-15,15282.37481529015,8274.513683668902,23556.88849895905,2435.1559259679407
alpha0.50,2025-03-16,40294.68964258696,10836.484602844834,51131.1742454318,2869.6139406497523
alpha0.50,2025-03-17,40019.587772598825,3029.508470121885,43049.09624272071,800.2820316051102
alpha0.50,2025-03-18,38657.64835663892,12415.804639845099,51073.45299648402,2872.9865522639193
alpha0.50,2025-03-19,38883.8772721843,6820.66603518138,45704.543307365675,1559.388684338683
alpha0.50,2025-03-20,38610.46764883261,12568.221727827638,51178.689376660244,3449.5329805229876
alpha0.50,2025-03-21,14693.918891792431,4891.1708475830565,19585.089739375486,1409.4514718669302
alpha0.50,2025-03-22,15016.733279815384,8088.312061812462,23105.045341627847,2217.6116420945523
alpha0.50,2025-03-23,37453.01584116814,11688.841474601815,49141.85731576996,3113.436268212991
alpha0.50,2025-03-24,37015.27232662117,8866.10871382003,45881.3810404412,2462.236678762627
alpha0.50,2025-03-25,36617.26163409611,18186.952202699616,54804.21383679572,4883.543822034222
alpha0.50,2025-03-26,36860.39014508778,7117.292825108323,43977.6829701961,1884.9730955376817
alpha0.50,2025-03-27,36501.715453823286,12872.754436885934,49374.469890709224,3348.897915680498
alpha0.50,2025-03-28,14297.06133177209,3994.558324600406,18291.619656372495,1159.0148960194574
alpha0.50,2025-03-29,14079.102649188313,4253.811664384846,18332.914313573157,1128.0192230195921
alpha0.50,2025-03-30,35195.19137929125,10368.869552906997,45564.06093219825,2722.3951823392435
alpha0.50,2025-03-31,34558.01110352241,19799.871572898363,54357.88267642078,5330.117661233459
alpha0.50,2025-04-01,34995.26877528349,23854.21792394045,58849.48669922394,7354.797186920126
alpha0.50,2025-04-02,35158.95140513525,28917.297031658163,64076.248436793416,7355.009585474834
alpha0.50,2025-04-03,35764.09173671901,10924.167344449765,46688.25908116878,2567.3892186542216
alpha0.50,2025-04-04,13738.483005758917,3677.0192204061827,17415.5022261651,1020.1115949681022
alpha0.50,2025-04-05,13859.30370652086,12400.246669769262,26259.55037629012,3110.0840528875333
alpha0.50,2025-04-06,35089.303612805015,7077.227926163221,42166.53153896824,1888.8036061105433
alpha0.50,2025-04-07,34557.007010679125,9484.855549967335,44041.86256064646,2839.9085343236993
alpha0.50,2025-04-08,34607.19063694632,13182.165506031499,47789.35614297782,2971.011194864214
alpha0.50,2025-04-09,34382.02175868701,24606.47889469974,58988.500653386756,6752.513994192907
alpha0.50,2025-04-10,34931.64286180004,10998.687447561144,45930.33030936119,2552.991895041584
alpha0.50,2025-04-11,13373.869229101729,4667.032197743187,18040.901426844917,1254.8135360742672
alpha0.50,2025-04-12,13583.152036238327,6333.03437275044,19916.186408988768,1601.3869461255958
alpha0.50,2025-04-13,33631.70602666812,13999.68437153673,47631.39039820485,3529.3602549113466
alpha0.50,2025-04-14,33349.93564206526,8640.983211887706,41990.91885395297,2265.2081204239335
alpha0.50,2025-04-15,33690.37669366029,9860.974588310652,43551.35128197094,2272.708619254519
alpha0.50,2025-04-16,33178.08770509862,18043.39973059165,51221.487435690266,4943.470404154587
alpha0.50,2025-04-17,33494.79752245385,9179.128047446018,42673.925569899875,2222.8534632750407
alpha0.50,2025-04-18,13127.494026414346,4479.063820528093,17606.55784694244,1387.0374558413732
alpha0.50,2025-04-19,12823.157651470277,3397.856880306409,16221.014531776687,971.468679461081
alpha0.50,2025-04-20,32939.841046299625,10533.49754988416,43473.338596183785,2660.9698324506153
alpha0.50,2025-04-21,33032.256326434814,4886.4492174491525,37918.70554388397,1384.705426655059
alpha0.50,2025-04-22,32213.299731100455,12937.240071475624,45150.53980257608,3874.6354215287897
alpha0.50,2025-04-23,32404.11039386971,9749.306284060396,42153.4166779301,2875.627097263313
alpha0.50,2025-04-24,32140.377232164057,4873.903753938067,37014.28098610212,1284.630538886061
alpha0.50,2025-04-25,12150.703900705965,4125.696336311526,16276.40023701749,1025.4352360983316
alpha0.50,2025-04-26,12146.447378958406,10165.08716329954,22311.53454225795,2544.303419425754
alpha0.50,2025-04-27,30166.41020210721,15104.490505401864,45270.90070750908,3478.4419339555016
alpha0.50,2025-04-28,31056.254921266605,36116.61479600954,67172.86971727615,9617.998624018008
alpha0.50,2025-04-29,31861.574684106363,6803.334605987637,38664.909290094,1671.1098901823211
alpha0.50,2025-04-30,31573.271240370217,10632.428488046211,42205.699728416424,3215.655808208605
alpha0.50,2025-05-01,31126.55699622872,23461.088242531594,54587.64523876031,5153.656758718685
alpha0.50,2025-05-02,12283.069459599245,31085.004067918566,43368.07352751781,7050.485096866476
alpha0.50,2025-05-03,12498.88321213689,16754.87123246418,29253.75444460107,3662.3569556820335
alpha0.50,2025-05-04,32369.096742796537,17257.91837697904,49627.01511977558,4312.773901641594
alpha0.50,2025-05-05,32183.88160225586,29770.98263921058,61954.864241466435,6532.181679230204
alpha0.50,2025-05-06,32178.63189328147,22798.523358733037,54977.155252014505,5165.253984637964
alpha0.50,2025-05-07,32291.048949591823,24473.404978958126,56764.45392854995,5541.616991027297
alpha0.50,2025-05-08,34805.33842803408,17710.368447472472,52515.706875506556,4907.877219280303
alpha0.50,2025-05-09,14386.086641168902,4534.035604208564,18920.122245377468,1091.772368828693
alpha0.50,2025-05-10,14494.96116368948,10744.281436044024,25239.242599733505,2668.7957155873223
alpha0.50,2025-05-11,35596.419245754354,11446.60628855642,47043.02553431077,3045.049643713434
alpha0.50,2025-05-12,35598.90915699791,9404.813979125174,45003.72313612308,2866.191003728072
alpha0.50,2025-05-13,35273.33626342543,6190.540313194399,41463.87657661983,1414.0024200417733
alpha0.50,2025-05-14,35341.62626721636,5647.134162843076,40988.76043005943,1539.2930601269159
alpha0.50,2025-05-15,34854.02022447552,9951.314634952258,44805.33485942778,2541.477324666617
alpha0.50,2025-05-16,14044.585610462684,3860.5518598743893,17905.137470337075,1187.869318740948
alpha0.50,2025-05-17,14179.405469447194,14303.680478628214,28483.085948075408,3435.5264531938533
alpha0.50,2025-05-18,34539.775671418276,12606.12991939909,47145.90559081737,3598.5480842903526
alpha0.50,2025-05-19,34190.75886860744,6312.313518021647,40503.07238662909,1361.33315856226
alpha0.50,2025-05-20,33572.848233753175,16642.779092668996,50215.62732642217,4529.909353534495
alpha0.50,2025-05-21,34095.89950329621,11674.502666586868,45770.40216988308,2804.6674179377765
alpha0.50,2025-05-22,33684.82596390831,7436.142331568606,41120.968295476916,1800.502973666425
alpha0.50,2025-05-23,14157.960027144065,7144.157028303451,21302.117055447517,1883.7726301808752
alpha0.50,2025-05-24,14591.363231220985,3321.139844854243,17912.503076075227,864.6072190113732
alpha0.50,2025-05-25,33845.800028360914,4845.302683549442,38691.10271191035,1157.7756849375942
alpha0.50,2025-05-26,33238.045012792325,22694.612010847843,55932.65702364017,6078.770087534717
alpha0.50,2025-05-27,34124.128863237114,5651.229534369894,39775.35839760701,1464.6777698857804
alpha0.50,2025-05-28,33692.539212525575,14359.697438262501,48052.23665078808,4171.454817714668
alpha0.50,2025-05-29,33666.397791920055,16057.094454338698,49723.49224625876,4027.7499980357397
alpha0.50,2025-05-30,14106.433632365555,10218.717832118267,24325.151464483824,2516.408139810199
alpha0.50,2025-05-31,14257.175063938936,10929.563523364122,25186.738587303058,2724.0608189976783
alpha0.50,2025-06-01,34504.27868265682,69748.49980415929,104252.77848681611,18225.555754205132
alpha0.50,2025-06-02,35636.33709021496,58501.41907413635,94137.7561643513,14460.717708120406
alpha0.50,2025-06-03,36879.18930740475,43894.84594801008,80774.03525541483,10861.030060077932
alpha0.50,2025-06-04,37649.86761069867,40830.99419437598,78480.86180507464,11053.274300905758
alpha0.50,2025-06-05,38848.36805237959,40738.261884976186,79586.62993735578,10762.764268524337
alpha0.50,2025-06-06,14500.057193261626,49244.47755587645,63744.53474913808,12326.328744586228
alpha0.50,2025-06-07,15276.058503949365,33946.73569671003,49222.794200659395,8730.46656239227
alpha0.50,2025-06-08,48144.85730596369,3177.404275718534,51322.26158168222,868.8430933115362
alpha0.50,2025-06-09,46383.256417786906,11163.723410963554,57546.97982875046,2874.0510173474213
alpha0.50,2025-06-10,46763.97820424213,10357.238522874386,57121.216727116516,2739.1080156110365
alpha0.50,2025-06-11,47259.9370057754,23003.97099672581,70263.90800250121,5145.899269092057
alpha0.50,2025-06-12,48731.681171799864,6587.339657383567,55319.02082918343,1632.7693071075098
alpha0.50,2025-06-13,20139.62608442248,7217.2155601164,27356.841644538883,1774.0414764784534
alpha0.50,2025-06-14,20271.656796313604,4217.541033773406,24489.19783008701,1473.0118404095915
alpha0.50,2025-06-15,49064.84104382936,5200.43466324296,54265.27570707232,1266.484795441519
alpha0.50,2025-06-16,48956.56786932744,7523.901651184741,56480.46952051218,1998.419788361443
alpha0.50,2025-06-17,48781.4764144534,13538.824888119752,62320.30130257315,3421.726476251154
alpha0.50,2025-06-18,49824.28449215555,3450.753589003344,53275.0380811589,953.3385934860481
alpha0.50,2025-06-19,49239.91796901512,4279.488800612363,53519.40676962749,1165.8943677675502
alpha0.50,2025-06-20,19918.245258544972,2204.6636962267557,22122.908954771727,736.6866741150968
alpha0.50,2025-06-21,20097.645728401338,1965.271335384593,22062.91706378593,618.1590631836714
alpha0.50,2025-06-22,46827.0287274423,6443.421947116857,53270.45067455916,1727.8028981809994
alpha0.50,2025-06-23,46828.59356682925,3834.3926227422626,50662.986189571515,1031.5768051400446
alpha0.50,2025-06-24,46395.809364707195,30778.478883882093,77174.28824858929,7834.609468347751
alpha0.50,2025-06-25,47519.36846100462,9139.768088934286,56659.13654993891,2538.959872097929
alpha0.50,2025-06-26,48114.47254158154,4464.811931750553,52579.284473332096,1121.7372266134275
alpha0.50,2025-06-27,19101.055373992218,1856.2723646304617,20957.32773862268,554.0413416644975
alpha0.50,2025-06-28,19103.18141328117,4173.0284618192345,23276.209875100405,1103.8949390884295
alpha0.50,2025-06-29,46707.72750547772,8377.755601065504,55085.48310654322,2717.076598833143
alpha0.50,2025-06-30,46639.187326623345,10879.39551178377,57518.582838407114,2946.8512861416334
alpha0.50,2025-07-01,46676.71764689163,29614.911770556908,76291.62941744854,8466.835208497578
alpha0.50,2025-07-02,44905.10997354784,28265.13031890567,73170.24029245351,7994.852496665656
alpha0.50,2025-07-03,43433.11367897921,51446.646962689905,94879.76064166911,13701.940004680953
alpha0.50,2025-07-04,18202.51124863229,39700.45847291242,57902.96972154471,10554.562581387065
alpha0.50,2025-07-05,18139.551838553594,38626.05913307711,56765.61097163071,10278.30659735186
alpha0.50,2025-07-06,41402.4703907137,66730.80013675585,108133.27052746955,16893.18202830425
alpha0.50,2025-07-07,41758.390373048926,37755.41924417977,79513.80961722869,10629.515435315596
alpha0.50,2025-07-08,49537.21513702576,16025.012976980837,65562.2281140066,3836.110838096325
alpha0.50,2025-07-09,49340.94621642126,11704.972854833806,61045.91907125506,3203.7367328714827
alpha0.50,2025-07-10,49702.88476133924,8636.126876125843,58339.01163746508,2321.0091072258924
alpha0.50,2025-07-11,24659.687566040295,11091.600133222328,35751.287699262626,3477.752220681416
alpha0.50,2025-07-12,24591.222863775714,7043.481065441947,31634.703929217663,1835.1602955358294
alpha0.50,2025-07-13,49793.62656138767,4411.652447261147,54205.27900864882,1094.072703457894
alpha0.50,2025-07-14,48759.62911193872,8779.803699180688,57539.432811119405,1971.8282936064948
alpha0.50,2025-07-15,49104.915017904845,11901.755063602453,61006.6700815073,3744.7155822414625
alpha0.50,2025-07-16,48427.114290208534,10475.231689199336,58902.345979407866,2924.3398821919263
alpha0.50,2025-07-17,48461.11706450938,15401.645337710454,63862.762402219836,3527.188694790714
alpha0.50,2025-07-18,24761.89921017416,8929.197079955511,33691.09629012967,2369.8632354963934
alpha0.50,2025-07-19,24847.79716175401,3405.325225029046,28253.122386783056,954.3958921886165
alpha0.50,2025-07-20,49178.92125538347,6969.411215565155,56148.332470948626,2023.5573746101281
alpha0.50,2025-07-21,49881.323931760635,9026.229164052624,58907.55309581326,2600.8746938226514
alpha0.50,2025-07-22,50132.09657717395,10263.55299656686,60395.64957374081,2676.433673254188
alpha0.50,2025-07-23,50311.92220444816,10021.002208071586,60332.924412519744,2479.412957648389
alpha0.50,2025-07-24,50257.29941856074,10164.828869108534,60422.12828766927,2672.9188440459807
alpha0.50,2025-07-25,25075.473095975565,2023.1325610821655,27098.60565705773,589.7270642540582
alpha0.50,2025-07-26,25556.295203498936,4937.0103140833,30493.305517582237,1701.9614649063758
alpha0.50,2025-07-27,49851.43353820445,11765.60341823312,61617.03695643757,2707.0202683239277
alpha0.50,2025-07-28,49897.28699914469,19287.556905979043,69184.84390512374,5082.340407851947
alpha0.50,2025-07-29,51911.89026193564,9823.80491573601,61735.695177671645,2733.523231371999
alpha0.50,2025-07-30,52014.98770221525,4876.349151082937,56891.336853298184,1194.363785068435
alpha0.50,2025-07-31,51343.76653588473,7489.246818760466,58833.0133546452,1751.2640908269514
alpha0.50,2025-08-01,24884.89906782271,1502.041512106782,26386.94057992949,528.2177097407885
alpha0.50,2025-08-02,24688.909130407646,1604.1573636623712,26293.06649407002,388.85493173928626
alpha0.50,2025-08-03,48136.73372999155,3168.260799245693,51304.99452923724,797.74723109877
alpha0.50,2025-08-04,46489.38549159719,3400.69354999226,49890.07904158945,901.614311435563
alpha0.50,2025-08-05,45498.025561849005,6478.551606681627,51976.57716853063,1726.92282046897
alpha0.50,2025-08-06,44966.34915775829,16815.16623546588,61781.51539322417,4203.961689392466
alpha0.50,2025-08-07,44788.89061101125,5657.51392455084,50446.40453556209,1615.5779912903358
alpha0.50,2025-08-08,23354.663934787084,3312.221228726875,26666.885163513958,859.7426278395376
alpha0.50,2025-08-09,22924.966984218998,8250.704246179774,31175.671230398773,2255.013788619548
alpha0.50,2025-08-10,43828.92070626978,13982.872680650207,57811.79338691999,3879.1160265817466
alpha0.50,2025-08-11,43968.4255620575,12470.706725083664,56439.13228714116,2954.6531438406437
alpha0.50,2025-08-12,43030.228946301526,24389.071161036973,67419.3001073385,5825.606320882166
alpha0.50,2025-08-13,43706.98113160572,15415.85873107849,59122.83986268421,4034.8296629456404
alpha0.50,2025-08-14,43539.949563606664,15459.146281404534,58999.095845011194,3627.2765031270164
alpha0.50,2025-08-15,22484.326676889003,7059.227853117378,29543.554530006382,2007.0567836975197
alpha0.50,2025-08-16,22586.126021000266,8717.008525616462,31303.134546616726,2019.0864105744236
alpha0.50,2025-08-17,43031.821520257145,10957.075213004064,53988.89673326121,2689.141119265815
alpha0.50,2025-08-18,42798.461196544275,17620.99071086559,60419.451907409864,3962.9683695810827
alpha0.50,2025-08-19,43084.28626978912,11901.311698327745,54985.59796811686,3327.4221780031803
alpha0.50,2025-08-20,42875.683467752046,35582.62476424995,78458.30823200199,8776.107779244905
alpha0.50,2025-08-21,43725.748769923994,13654.376883754143,57380.12565367814,3700.641152671151
alpha0.50,2025-08-22,22392.555790357146,15246.808112894636,37639.36390325178,3728.397155095961
alpha0.50,2025-08-23,22622.412458192353,7322.210981288865,29944.62343948122,1979.103238543738
alpha0.50,2025-08-24,44083.622510795,11639.8536182108,55723.4761290058,2817.1279767524084
alpha0.50,2025-08-25,44003.154789119595,26103.44408411919,70106.59887323878,7055.424660699571
alpha0.50,2025-08-26,44553.714899334205,9535.17466233718,54088.889561671385,2286.799863281189
alpha0.50,2025-08-27,44532.46714204061,16263.147199892195,60795.6143419328,3932.999818869618
alpha0.50,2025-08-28,44774.54222092433,27326.220710522095,72100.76293144643,7283.286928082363
alpha0.50,2025-08-29,23677.098778519823,6785.48254358418,30462.581322104004,1700.1060542511661
alpha0.50,2025-08-30,23378.437930940818,6959.802883019273,30338.240813960092,1930.7837560558905
alpha0.50,2025-08-31,45196.52960359027,11141.872427454142,56338.40203104442,2977.579203630248
alpha0.50,2025-09-01,45120.97382262719,2751.750119183832,47872.72394181102,758.43223985396
alpha0.50,2025-09-02,44598.22327715518,4223.727241088085,48821.95051824326,892.4294368982255
alpha0.50,2025-09-03,44228.46159220533,1463.1121433887138,45691.573735594044,397.8037213352483
alpha0.50,2025-09-04,44631.12554127087,1377.4136121213005,46008.53915339217,283.0288003265749
alpha0.50,2025-09-05,22756.78980600223,679.5806828430876,23436.370488845318,263.92929410592046
alpha0.50,2025-09-06,23052.414477253908,1045.1855888397374,24097.600066093644,268.8484268027372
alpha0.50,2025-09-07,43435.37037535268,5380.094139115431,48815.46451446811,1309.2948583743303
alpha0.50,2025-09-08,36163.14479775168,27265.932976928678,63429.07777468036,6683.077011460247
alpha0.50,2025-09-09,37244.23637340733,7875.462015020337,45119.69838842767,1957.7154116332226
alpha0.50,2025-09-10,36928.01734492823,33358.01257778487,70286.0299227131,7867.901539692567
alpha0.50,2025-09-11,37563.09663381302,6622.376545424724,44185.47317923774,1590.6445003359213
alpha0.50,2025-09-12,16858.903941986053,6515.105642019258,23374.00958400531,1795.508279065648
alpha0.50,2025-09-13,16948.39723997531,5705.3982249449855,22653.795464920295,1439.1754107572553
alpha0.50,2025-09-14,36971.16635184222,22457.591132650457,59428.75748449268,5993.465475860227
alpha0.50,2025-09-15,37267.18881881464,10293.301223323222,47560.49004213786,2564.8539786454394
alpha0.50,2025-09-16,36984.48570968944,18176.47783249322,55160.96354218266,5475.640587424801
alpha0.50,2025-09-17,37300.549526440685,20235.270431575605,57535.81995801629,5022.875979184784
alpha0.50,2025-09-18,37359.54906686268,16476.474074195612,53836.02314105829,3960.3233907909544
alpha0.50,2025-09-19,16670.71905064326,9919.185063991534,26589.904114634795,2725.9025963801755
alpha0.50,2025-09-20,16549.522465753736,12489.19656147724,29038.719027230974,3097.997111261232
alpha0.50,2025-09-21,38926.50635601237,10533.18762659841,49459.69398261078,3093.361502556769
alpha0.50,2025-09-22,37839.76918919718,15868.401032897706,53708.17022209488,4331.417009913186
alpha0.50,2025-09-23,38610.86071133909,20857.41065711184,59468.27136845093,4774.775163085907
alpha0.50,2025-09-24,38448.81025938438,14178.512327484565,52627.32258686895,3927.0691192105664
alpha0.50,2025-09-25,38720.25541412085,13844.830674839297,52565.086088960146,3831.931780485841
alpha0.50,2025-09-26,16498.461935628686,10757.57541540774,27256.037351036426,2763.6188203779557
alpha0.50,2025-09-27,16579.27170838843,21896.893292773562,38476.16500116199,5531.847965830975
alpha0.50,2025-09-28,39568.56543788481,17953.694992352743,57522.260430237555,4521.54520998099
alpha0.50,2025-09-29,39612.507402414376,14839.98698114211,54452.494383556485,3704.8252507771613
alpha0.50,2025-09-30,40249.51217153841,22305.275915967683,62554.788087506095,5602.978827043884
alpha0.50,2025-10-01,40576.75815377496,1356.8987658093035,41933.65691958426,589.767676257768
alpha0.50,2025-10-02,39012.39009116061,2078.745755352759,41091.13584651337,845.8091557960125
alpha0.50,2025-10-03,16105.709160808925,2499.792328504911,18605.501489313836,852.3157990267005
alpha0.50,2025-10-04,16922.79283216528,5557.950231094246,22480.743063259528,1579.7003276229293
alpha0.50,2025-10-05,38060.07538297688,3206.3140500334225,41266.3894330103,1079.4901361015236
alpha0.50,2025-10-06,38333.21701542616,7575.880782589218,45909.097798015384,2440.1038557011984
alpha0.50,2025-10-07,38372.500062121064,9990.409751213714,48362.90981333478,2660.64876018449
alpha0.50,2025-10-08,35705.48135415932,11077.498026912614,46782.97938107193,2964.071078440659
alpha0.50,2025-10-09,36032.49352387245,10221.408378949665,46253.901902822116,2386.251584820008
alpha0.50,2025-10-10,14606.64373402863,7899.6424346466165,22506.286168675248,2137.9020079333577
alpha0.50,2025-10-11,15229.680104893705,8398.69423782437,23628.374342718074,1956.7812122982177
alpha0.50,2025-10-12,37184.07901473665,12629.78551041143,49813.86452514808,3273.043014793599
alpha0.50,2025-10-13,37641.400384032095,7255.910293579554,44897.31067761165,1784.361237062135
alpha0.50,2025-10-14,37352.51514044355,17110.26842342222,54462.78356386577,4131.347759088843
alpha0.50,2025-10-15,37716.26342114584,18083.961188222547,55800.22460936839,4651.493717897511
alpha0.50,2025-10-16,38596.898909264,18666.91582829155,57263.81473755554,4583.812701916908
alpha0.50,2025-10-17,15738.316390651586,6234.424765206972,21972.74115585856,1481.6601765982887
alpha0.50,2025-10-18,15863.675530135544,6328.02611051108,22191.701640646625,1824.540792842749
alpha0.50,2025-10-19,39968.9839865138,15440.119560714007,55409.1035472278,3616.2251976074813
alpha0.50,2025-10-20,40761.04240818648,14884.94033654211,55645.982744728586,3464.9436209406977
alpha0.50,2025-10-21,41367.06240303096,13585.112004423649,54952.174407454615,3688.940290402504
alpha0.50,2025-10-22,41365.716032119446,15790.81153043291,57156.52756255236,3536.7729484642205
alpha0.50,2025-10-23,42170.723114065666,6068.261776294739,48238.98489036041,1530.768652253491
alpha0.50,2025-10-24,15904.312934713551,8728.819602011617,24633.13253672517,2042.6563522894896
alpha0.50,2025-10-25,16088.324550713041,8316.382089764478,24404.706640477518,1907.9340671954283
alpha0.50,2025-10-26,42559.013934350165,5266.239487502558,47825.25342185272,1473.0576808923965
alpha0.50,2025-10-27,42448.02070265862,8272.382314259934,50720.40301691856,2103.243185012693
alpha0.50,2025-10-28,42157.76584157454,10264.47404328399,52422.23988485853,2559.7206609072837
alpha0.50,2025-10-29,42242.24882365424,20942.97029009298,63185.219113747225,5344.864176108306
alpha0.50,2025-10-30,42946.78092230722,7195.202653502351,50141.98357580957,1799.8093688479205
alpha0.50,2025-10-31,16931.80184586638,9173.703465937715,26105.505311804096,2520.1866690352444
alpha0.50,2025-11-01,17009.9093380419,6082.64423563839,23092.55357368029,1643.8635864833063
alpha0.50,2025-11-02,44511.14154869077,9516.832250925956,54027.973799616724,2182.477707035544
alpha0.50,2025-11-03,45272.11558683569,7614.582996796739,52886.698583632424,2364.8864236294203
alpha0.50,2025-11-04,45438.545216429,6752.224029851269,52190.76924628027,1615.3135159997678
alpha0.50,2025-11-05,45664.12180570731,6265.159724272467,51929.28152997978,1801.4259317283702
alpha0.50,2025-11-06,45426.710826108494,14786.150679746526,60212.86150585502,3602.3921676987875
alpha0.50,2025-11-07,17524.44542866156,6165.499519119225,23689.944947780783,1475.9105184735558
alpha0.50,2025-11-08,17392.547103548775,4816.778413617102,22209.32551716588,1156.579324605144
alpha0.50,2025-11-09,46566.32923807278,9052.382279392292,55618.71151746507,2419.9282310936073
alpha0.50,2025-11-10,46776.22203661736,13567.161472832391,60343.38350944975,3506.89305316259
alpha0.50,2025-11-11,47452.35722825001,5260.660757573623,52713.01798582364,1353.1954627564528
alpha0.50,2025-11-12,47691.73018484372,5714.30216607444,53406.03235091816,1189.3483396096058
alpha0.50,2025-11-13,47766.73924651893,8958.634387630775,56725.373634149706,2428.459554766059
alpha0.50,2025-11-14,18206.554751407944,5815.401080670688,24021.95583207863,1733.8942508910984
alpha0.50,2025-11-15,18014.453882156282,5517.721740002645,23532.175622158928,1425.7890335941615
alpha0.50,2025-11-16,48956.612310577475,9154.733462397717,58111.34577297519,2468.411420034049
alpha0.50,2025-11-17,49627.8916846103,4309.196261482545,53937.08794609285,1165.7715624079997
alpha0.50,2025-11-18,49274.164500269355,8066.861559155348,57341.0260594247,2471.9303163237096
alpha0.50,2025-11-19,49303.21863673984,8934.67644932071,58237.89508606055,2277.3066772409247
alpha0.50,2025-11-20,49864.93469980033,7091.174602027548,56956.10930182788,1919.1368632919957
alpha0.50,2025-11-21,18440.962990130523,4541.08883089792,22982.051821028443,1527.5867202789314
alpha0.50,2025-11-22,18546.91642688559,5325.162499502753,23872.07892638834,1431.047816815202
alpha0.50,2025-11-23,50725.367952302186,8185.17409486931,58910.5420471715,1966.178051878624
alpha0.50,2025-11-24,50158.93673640385,6513.004154168431,56671.94089057228,1604.3777292277452
alpha0.50,2025-11-25,50386.28478800338,6229.738571830392,56616.02335983377,1751.7706629256052
alpha0.50,2025-11-26,50890.84901210273,6652.309556861173,57543.1585689639,1840.5544748467105
alpha0.50,2025-11-27,51030.132181274865,5821.664858765557,56851.79704004042,1440.8116273146038
alpha0.50,2025-11-28,18862.406257414725,6846.2342799621165,25708.640537376843,1671.4120627206262
alpha0.50,2025-11-29,19135.107618432296,14658.89826565869,33794.005884090984,4210.012783920571
alpha0.50,2025-11-30,52141.72393628956,11147.060247660456,63288.78418395002,2919.304193468235
alpha0.50,2025-12-01,52864.73629377893,28162.451532255538,81027.18782603447,7390.822023219114
alpha0.50,2025-12-02,53079.46650903449,35068.35198181344,88147.81849084793,9100.34988397785
alpha0.50,2025-12-03,53998.322992373964,23237.253955808766,77235.57694818273,6892.717256599356
alpha0.50,2025-12-04,54190.40888821458,24061.339366603795,78251.74825481838,6531.757479748995
alpha0.50,2025-12-05,20895.20493968982,22443.531283662178,43338.736223351996,5960.999948174414
alpha0.50,2025-12-06,20965.17136545232,26757.59237884142,47722.76374429374,7601.614684937034
alpha0.50,2025-12-07,55731.29434065008,17769.330301513324,73500.6246421634,5058.331646346549
alpha0.50,2025-12-08,59914.8733449631,5222.548490078281,65137.42183504139,1394.2853342515327
alpha0.50,2025-12-09,60158.70281789884,5081.386236829517,65240.089054728356,1193.3338800684246
alpha0.50,2025-12-10,59433.950150918914,6635.487310508783,66069.4374614277,1800.4420181341081
alpha0.50,2025-12-11,60330.46352158789,2878.6637642884903,63209.12728587638,786.9507960095368
alpha0.50,2025-12-12,24435.310232983058,8902.752528342118,33338.06276132518,2586.514222731262
alpha0.50,2025-12-13,24957.298378032472,7087.335440089699,32044.633818122173,1592.1686763018338
alpha0.50,2025-12-14,60683.867806355294,4490.631498024009,65174.4993043793,1099.574680996544
alpha0.50,2025-12-15,60510.6153105885,5026.071960649937,65536.68727123844,1392.1455114088867
alpha0.50,2025-12-16,61206.13118645085,3270.7566181717834,64476.88780462264,948.2538667669215
alpha0.50,2025-12-17,60812.41684328002,4002.9937084477274,64815.41055172775,991.8028117803407
alpha0.50,2025-12-18,60459.208889042246,4604.202418755726,65063.41130779797,1359.570464886916
alpha0.50,2025-12-19,25094.34247458475,6582.260290384888,31676.60276496964,1593.7395337618107
alpha0.50,2025-12-20,25239.375289788863,4218.355662260827,29457.73095204969,1061.2754031951315
alpha0.50,2025-12-21,60851.99059101328,5491.150442389324,66343.1410334026,1627.4073872390534
alpha0.50,2025-12-22,60917.025361497974,4130.695787714125,65047.7211492121,1033.4624289562917
alpha0.50,2025-12-23,61165.840217540484,1803.7812058264606,62969.621423366945,490.42703798303705
alpha0.50,2025-12-24,60638.276316051066,4487.117843096849,65125.394159147916,1037.6118873741739
alpha0.50,2025-12-25,60610.399277940756,4491.617371458539,65102.016649399295,1285.380604282044
alpha0.50,2025-12-26,25260.032829128984,4057.8033992436385,29317.836228372624,1095.5867370475967
alpha0.50,2025-12-27,25292.43972347641,5626.902797847392,30919.342521323804,1352.3654797165002
alpha0.50,2025-12-28,61026.02080726423,3733.9338871886102,64759.95469445284,971.2337353161739
alpha0.50,2025-12-29,61091.28647085209,2409.3904916235388,63500.67696247563,683.9179821101501
alpha0.50,2025-12-30,60362.93284476182,2637.6080991271483,63000.54094388896,644.2066175781031
alpha0.50,2025-12-31,59799.688412437485,7058.131355684767,66857.81976812225,1764.1503764791407
point,2025-02-01,22287.215012859197,2143.087186797867,24430.302199657064,459.4205359428017
point,2025-02-02,56322.70946980806,559.1621076508819,56881.871577458944,140.1659533399403
point,2025-02-03,55406.72880426878,2285.602847368163,57692.331651636945,648.114534607561
point,2025-02-04,55751.24792656814,4560.236108376347,60311.484034944486,1154.855819300873
point,2025-02-05,55416.21817664958,2793.812382428292,58210.03055907787,749.7503820374036
point,2025-02-06,56168.245038923094,1379.6947776121565,57547.939816535254,350.3226981332574
point,2025-02-07,21780.875619694445,2213.085565524333,23993.961185218777,431.82042061160183
point,2025-02-08,19895.34908616022,4735.967897504472,24631.316983664692,1067.8744744279807
point,2025-02-09,52602.60349546971,6942.779227268807,59545.38272273852,2048.3301779701424
point,2025-02-10,53305.916130050784,1543.6556113800955,54849.57174143088,429.80076833142226
point,2025-02-11,51733.10083290548,2122.833298784995,53855.934131690476,427.6357687679825
point,2025-02-12,51414.88142570292,3230.191339600042,54645.07276530296,726.401763713407
point,2025-02-13,51220.06900145034,2264.3433312476195,53484.41233269796,567.6999798411724
point,2025-02-14,18780.1297571706,5243.0433301142975,24023.1730872849,1652.262947040299
point,2025-02-15,18565.601532289278,4718.948339690562,23284.54987197984,1388.9909476897606
point,2025-02-16,49317.23794424087,7737.253188594286,57054.49113283516,2032.9089246326928
point,2025-02-17,49150.312925899954,2593.6587062028193,51743.97163210277,676.2861406296242
point,2025-02-18,48642.68298419437,3424.417800883091,52067.10078507746,829.899609347304
point,2025-02-19,48235.49425283434,5839.411661127192,54074.90591396153,1574.9903600122893
point,2025-02-20,47976.3453659525,4202.905059320136,52179.250425272636,1040.9729228332935
point,2025-02-21,18056.210465175405,2620.1592239086212,20676.369689084026,754.1111512157984
point,2025-02-22,17910.642385109208,6537.826644889348,24448.469029998556,1769.046675759616
point,2025-02-23,47296.17528411087,5646.409372339733,52942.5846564506,1629.3488832539551
point,2025-02-24,46781.96805376297,2895.867340826066,49677.835394589034,683.904170023023
point,2025-02-25,46480.4680786049,2625.4626858519114,49105.93076445681,734.2887994579825
point,2025-02-26,45783.3792572531,4896.97778192909,50680.35703918219,1222.886038861319
point,2025-02-27,45140.37786285681,5603.855819623354,50744.23368248017,1138.4542771716303
point,2025-02-28,17310.612023244496,5672.125816395446,22982.737839639944,1546.1711188127356
point,2025-03-01,17242.6315669017,4397.519776656226,21640.151343557925,1115.6453326187234
point,2025-03-02,45101.58221673904,20229.006344794358,65330.5885615334,5409.768505813011
point,2025-03-03,45840.88174072569,13457.435078595352,59298.31681932104,3320.2644787620193
point,2025-03-04,46929.83459891764,2961.5568703238428,49891.391469241484,910.3915250216102
point,2025-03-05,47118.92732117369,2540.502085662917,49659.42940683661,574.440013210859
point,2025-03-06,46551.20202684613,2447.7595708553276,48998.961597701455,717.4868540081388
point,2025-03-07,16893.51067045912,2875.7219190727096,19769.232589531828,717.7363388160239
point,2025-03-08,16295.544534381714,1940.6284256382646,18236.17296001998,593.6284667535365
point,2025-03-09,43865.046805515434,2626.5282807841277,46491.57508629956,709.798135173824
point,2025-03-10,43028.5477789025,11505.809222099611,54534.357001002114,3623.3062597295866
point,2025-03-11,43044.366855425644,4786.869403547581,47831.23625897322,1192.879908541344
point,2025-03-12,42697.45257049592,3443.243386314875,46140.6959568108,1000.0565633395165
point,2025-03-13,41851.63397950839,18179.878602351495,60031.51258185989,4813.248048870066
point,2025-03-14,15567.918900842102,4607.662373545899,20175.581274388,1111.0114757756676
point,2025-03-15,15669.946627835281,6052.946125781727,21722.89275361701,1830.1371382828324
point,2025-03-16,41663.12513991949,6378.847185126699,48041.97232504618,1696.6202980446083
point,2025-03-17,41450.26495320573,2145.171323080014,43595.43627628575,481.19873048846756
point,2025-03-18,40076.15853366353,7708.655898965075,47784.814432628606,1740.5834339367736
point,2025-03-19,40278.9256125204,3837.1178297504266,44116.04344227082,828.0287340196004
point,2025-03-20,40116.83307703181,6608.39559868853,46725.22867572034,1861.0031710422863
point,2025-03-21,15116.503132164906,3267.072509575134,18383.57564174004,908.2263598804152
point,2025-03-22,15412.557006408504,4750.0898009925,20162.646807401004,1258.1503452544307
point,2025-03-23,38946.19032819301,6566.623852813678,45512.81418100669,1700.9773711866724
point,2025-03-24,38484.76755367657,5243.538578598345,43728.30613227491,1439.9976388604089
point,2025-03-25,38027.93136253391,12409.508603659671,50437.43996619358,3299.128973379108
point,2025-03-26,38114.52965292524,3853.0210268112,41967.550679736436,1033.7864731229215
point,2025-03-27,37758.0908014257,8115.67637699845,45873.767178424154,2131.9460220419587
point,2025-03-28,14670.224788962432,2475.0905035222895,17145.315292484724,716.5280819380598
point,2025-03-29,14468.300283061595,3058.332541215648,17526.632824277243,766.7922235555562
point,2025-03-30,36518.80313409071,6424.0107367504925,42942.8138708412,1656.0581479529562
point,2025-03-31,35910.22130153812,14138.398297445685,50048.6195989838,3700.0005404298636
point,2025-04-01,36339.141370800935,17460.314628102078,53799.45599890301,5548.293030028307
point,2025-04-02,36447.61041042083,21465.99400966498,57913.60442008581,5371.540133788863
point,2025-04-03,36931.74365491614,6753.437922672116,43685.18157758826,1631.8516723216921
point,2025-04-04,14003.50398206827,2989.613110095929,16993.1170921642,831.1464138898992
point,2025-04-05,14105.595663692802,8053.736478181372,22159.332141874176,2019.992758415629
point,2025-04-06,36057.70843475992,4317.078857185167,40374.78729194509,1074.0010230148632
point,2025-04-07,35460.8641598019,6959.01658334627,42419.88074314817,2089.737555677921
point,2025-04-08,35575.072950082904,9200.866039560115,44775.93898964302,2067.216420751782
point,2025-04-09,35361.25267446711,18920.99766792688,54282.25034239399,5192.128899154719
point,2025-04-10,35734.55151566793,8105.57274393866,43840.12425960659,1871.86539210932
point,2025-04-11,13601.482484832315,3809.959698058456,17411.442182890773,1049.5320447963777
point,2025-04-12,13802.27751612447,4778.3623999690135,18580.63991609348,1217.6895098227867
point,2025-04-13,34500.258829746876,9536.144779785276,44036.40360953215,2354.941245613169
point,2025-04-14,34201.49937335004,5926.882253379888,40128.381626729926,1527.7738803200477
point,2025-04-15,34467.71922397225,7823.8546628101085,42291.57388678236,1783.7918830379926
point,2025-04-16,33923.52477451062,14498.925121724853,48422.44989623547,3957.232383217878
point,2025-04-17,34113.8098815343,6917.324843693518,41031.134725227814,1662.789921912986
point,2025-04-18,13327.893782554802,3587.3520365148397,16915.24581906964,1033.334688607341
point,2025-04-19,13046.146043601344,2873.1018951831697,15919.247938784514,822.8710289441935
point,2025-04-20,33536.32600200211,7814.687083188739,41351.01308519085,1990.6092655619402
point,2025-04-21,33630.57878370243,3809.2284216480657,37439.8072053505,1118.2091785888197
point,2025-04-22,32814.77404906769,10730.276676424271,43545.05072549196,3225.023066824042
point,2025-04-23,33033.33834675024,7997.205483652952,41030.54383040319,2347.1596758594123
point,2025-04-24,32724.60362910921,3444.4899816504653,36169.09361075967,908.5123598327605
point,2025-04-25,12385.640675712908,3226.4900496462933,15612.130725359202,843.7208424087622
point,2025-04-26,12357.068518285203,8908.708435134227,21265.77695341943,2238.5314365257154
point,2025-04-27,30694.584977795563,12130.971362224198,42825.55634001976,2823.970603718093
point,2025-04-28,31524.788932576073,33896.96139783594,65421.75033041202,9049.611591911435
point,2025-04-29,32281.453784928497,5437.142434865605,37718.596219794104,1307.97930213458
point,2025-04-30,32088.776939441585,9221.898948107279,41310.67588754886,2777.8758013388533
point,2025-05-01,31711.13092204302,20795.063485302897,52506.194407345916,4588.352595552732
point,2025-05-02,12452.35770202309,29193.247905879798,41645.605607902886,6672.48828710923
point,2025-05-03,12614.504160512999,16263.909609021086,28878.413769534083,3517.1488335834792
point,2025-05-04,32547.44976326144,17201.877681909435,49749.32744517087,4253.566912740248
point,2025-05-05,32315.395887646264,28725.337641116603,61040.73352876287,6320.915797075515
point,2025-05-06,32230.552975126757,22616.18528644835,54846.73826157511,5129.3695413435125
point,2025-05-07,32291.936524280078,24202.701430607503,56494.637954887585,5405.296520120302
point,2025-05-08,34783.15018126025,17410.467353464388,52193.61753472464,4730.7586887422685
point,2025-05-09,14157.494284055943,5154.870091973643,19312.364376029585,1188.2665330533746
point,2025-05-10,14229.814628133638,11291.255525967052,25521.07015410069,2761.7844189030448
point,2025-05-11,35255.23198308263,12430.996587219466,47686.2285703021,3167.339150345443
point,2025-05-12,35237.432053038014,9986.070808516406,45223.50286155442,2969.3145946555896
point,2025-05-13,34882.133951309064,6576.372069863141,41458.50602117221,1463.106075133734
point,2025-05-14,34948.58943816878,6315.679925925622,41264.269364094405,1639.2737312368754
point,2025-05-15,34542.988984459516,9823.733879543632,44366.722864003146,2510.7321978413747
point,2025-05-16,13697.28102157619,5272.084402085264,18969.365423661453,1482.248798793075
point,2025-05-17,13793.673223456106,15206.907829934698,29000.581053390804,3586.985843796722
point,2025-05-18,34183.03870833346,12285.471435544605,46468.51014387806,3546.7971115688815
point,2025-05-19,33804.67085205219,6848.363494147598,40653.03434619979,1476.925895091178
point,2025-05-20,33163.125631090865,17744.879282898906,50908.004913989775,4776.286757072726
point,2025-05-21,33611.057286531715,12701.865960342726,46312.923246874445,3014.8409916071164
point,2025-05-22,33145.16427504251,7881.673640136234,41026.837915178745,1829.2153762631979
point,2025-05-23,13584.91560144023,8120.882298629203,21705.797900069432,2043.6275309889552
point,2025-05-24,13964.71280717713,4353.406587919175,18318.119395096306,1101.4733840441704
point,2025-05-25,33117.72535091538,6167.880484706658,39285.60583562204,1386.9103751942998
point,2025-05-26,32613.24911609843,23317.629442930975,55930.8785590294,6207.958195007845
point,2025-05-27,33535.26393269237,6453.502468753905,39988.76640144627,1616.859743517261
point,2025-05-28,33064.04050710359,15365.997556601467,48430.03806370506,4357.792264275356
point,2025-05-29,32994.769141353725,18041.349887564786,51036.11902891851,4389.358693130522
point,2025-05-30,13551.903001164159,10670.889725128793,24222.79272629295,2617.3436601910425
point,2025-05-31,13817.490568566593,11610.32100898883,25427.811577555425,2839.6420348096926
point,2025-06-01,34171.91698825965,71549.1267617228,105721.04374998245,18519.163509545142
point,2025-06-02,35146.2199546951,60918.094374300985,96064.31432899609,14898.083914955096
point,2025-06-03,36326.12018293493,47200.45258266713,83526.57276560206,11519.96878180191
point,2025-06-04,36910.148231303945,44713.572217709334,81623.72044901329,11916.77825437872
point,2025-06-05,37953.95054750373,45478.155164867625,83432.10571237135,11890.157853357665
point,2025-06-06,13891.026386795054,56427.19729777534,70318.22368457039,14086.686352267228
point,2025-06-07,14476.323865278388,43766.872490629845,58243.196355908236,10600.549276059279
point,2025-06-08,46328.730913955886,5713.152539989596,52041.883453945484,1456.572163938626
point,2025-06-09,44790.28909764634,15994.34077475522,60784.62987240156,3959.209001234944
point,2025-06-10,45025.794253439366,15612.379947311332,60638.1742007507,4048.833945224084
point,2025-06-11,45367.01337288879,30235.340726883787,75602.35409977258,6802.952144080165
point,2025-06-12,46469.55124184504,12567.204706040557,59036.7559478856,3078.792579068447
point,2025-06-13,18938.01359844315,9685.984310855965,28623.997909299116,2363.0547218841552
point,2025-06-14,19066.55523130619,8165.868341521345,27232.423572827534,2596.0860506816634
point,2025-06-15,46804.92972308109,8888.682910679723,55693.612633760815,2119.603626121281
point,2025-06-16,46688.705375580685,12995.204941257765,59683.910316838446,3301.1027836340904
point,2025-06-17,46317.05692615387,19802.14355636089,66119.20048251476,4936.0535563744315
point,2025-06-18,47369.846390674975,6965.182649417036,54335.02904009201,1796.5976095348756
point,2025-06-19,46851.11349195412,8626.44594105551,55477.559433009636,2091.2097975782945
point,2025-06-20,18642.51997981227,4574.603812398072,23217.123792210343,1354.7444289988582
point,2025-06-21,18830.04797594935,3695.377211578005,22525.425187527355,1022.5479001551087
point,2025-06-22,44740.60986554514,10608.431138543052,55349.0410040882,2835.091605146088
point,2025-06-23,44599.37540873987,8751.509671550779,53350.88508029065,2069.842116151992
point,2025-06-24,44306.29118667059,37941.458920673744,82247.75010734433,9520.79367661835
point,2025-06-25,45100.018283258694,12974.988601740159,58075.00688499885,3527.092180528088
point,2025-06-26,45682.314418439484,8195.56884073298,53877.883259172464,2007.8280010067679
point,2025-06-27,17889.46972369567,3824.517067069469,21713.98679076514,997.7509658231306
point,2025-06-28,17894.742839251052,6374.271670180629,24269.014509431683,1624.4380501563603
point,2025-06-29,44712.54851983255,11747.799032068162,56460.34755190071,3553.476202573377
point,2025-06-30,45131.370024033255,12900.956461368207,58032.32648540146,3548.973106026398
point,2025-07-01,45502.4987730345,34751.381814083885,80253.88058711839,9755.188423100108
point,2025-07-02,43864.11725336316,32557.98483467645,76422.10208803961,9065.137249373764
point,2025-07-03,42569.14300543751,55112.34773204624,97681.49073748375,14646.202963131493
point,2025-07-04,17388.81596903544,43778.21362857545,61167.02959761089,11565.215716994242
point,2025-07-05,17320.154521851047,42588.523269349425,59908.677791200476,11194.79665887107
point,2025-07-06,40642.159699137774,69846.78589002973,110488.9455891675,17681.858216995148
point,2025-07-07,40680.3792511178,42421.621355397256,83102.00060651507,11812.078241943946
point,2025-07-08,48325.98050634365,20573.591981445235,68899.57248778889,4930.280477039573
point,2025-07-09,48141.432204165794,15104.525560073153,63245.95776423895,4009.5732658496636
point,2025-07-10,48539.04899451793,10783.359533504805,59322.40852802273,2874.8164966736595
point,2025-07-11,23524.465459370702,14853.602710760038,38378.06817013074,4425.193296887918
point,2025-07-12,23443.55134472644,11241.179201803834,34684.73054653027,2919.858477260173
point,2025-07-13,48522.0048342902,7313.734129968575,55835.73896425877,1819.4259970610142
point,2025-07-14,47509.96638728863,11639.32156158793,59149.28794887656,2674.830556524841
point,2025-07-15,47902.67765543101,14346.490796941594,62249.16845237261,4366.414314207889
point,2025-07-16,47348.81411036872,12771.564110588088,60120.37822095681,3572.6149984267113
point,2025-07-17,47325.46342616981,17550.252293973324,64875.71572014313,4188.4158750185925
point,2025-07-18,23505.264403966372,11608.295227125403,35113.559631091775,3104.442461734109
point,2025-07-19,23504.69977595749,7309.881207817751,30814.580983775242,1870.5339891118367
point,2025-07-20,47549.7935688917,10082.531281343763,57632.32485023546,2890.6890225082484
point,2025-07-21,48237.1733571866,12673.879865853633,60911.05322304023,3557.922375981918
point,2025-07-22,48415.58266958424,13190.825820006554,61606.408489590794,3510.0795351127294
point,2025-07-23,48753.043923059675,13145.803034327573,61898.84695738725,3230.1479838087052
point,2025-07-24,48674.21695491684,13151.679515728123,61825.89647064496,3484.236869864828
point,2025-07-25,23628.864081473585,4466.000318234179,28094.864399707763,1200.7639564951646
point,2025-07-26,24125.802846539547,7133.955545474466,31259.758392014013,2296.6678203999973
point,2025-07-27,48188.21660985566,14687.86121084338,62876.07782069904,3557.0445866792015
point,2025-07-28,48224.237923924025,23623.04398945009,71847.28191337411,6171.631068108349
point,2025-07-29,50064.429509532674,12417.749386322941,62482.17889585561,3376.2270702087126
point,2025-07-30,50335.8788740569,7262.951678711443,57598.83055276834,1817.2783835393755
point,2025-07-31,49797.85442376224,10482.079766995646,60279.934190757886,2416.4366489170734
point,2025-08-01,23949.660618302198,2797.3361119760693,26746.996730278268,885.9285609835356
point,2025-08-02,23938.439821853353,2554.9877344062443,26493.427556259598,652.4755927724618
point,2025-08-03,47554.20708668903,4288.405722828664,51842.61280951769,1039.9011249433408
point,2025-08-04,46302.53966337505,3623.7949802454928,49926.33464362054,983.4437828678169
point,2025-08-05,45590.39609059355,6382.28984725046,51972.68593784401,1653.0751322617327
point,2025-08-06,45220.97296117709,15516.382602175858,60737.35556335295,3872.08414093216
point,2025-08-07,45116.03177422095,5187.246521688934,50303.278295909884,1524.793256502007
point,2025-08-08,23376.727184241976,3266.1473612042964,26642.874545446273,830.9251973191226
point,2025-08-09,22997.94037869452,7268.76405689515,30266.70443558967,2002.5246558572212
point,2025-08-10,44538.7613738464,10815.77304640452,55354.534420250915,3038.908715527594
point,2025-08-11,44626.96618028709,9456.87488258356,54083.84106287065,2198.6331149505645
point,2025-08-12,43728.93784864749,20102.120822866233,63831.05867151372,4762.375796802683
point,2025-08-13,44335.82281803389,12807.915433683498,57143.73825171739,3306.992934379716
point,2025-08-14,44207.42794808271,13304.347361446726,57511.77530952943,3043.7020237177667
point,2025-08-15,22810.03732649383,5444.753257330113,28254.790583823946,1564.665688575847
point,2025-08-16,22923.02833749396,6816.691890650356,29739.720228144317,1568.9550979217154
point,2025-08-17,43969.83769044248,8053.5680264487155,52023.4057168912,1917.9088096174291
point,2025-08-18,43801.08128062726,13035.883630828004,56836.96491145526,2900.809237856869
point,2025-08-19,44097.896488686296,8616.80553403732,52714.70202272361,2330.2475073308747
point,2025-08-20,43975.34515225239,29556.219633379922,73531.5647856323,7256.94283759297
point,2025-08-21,44770.28984770878,10210.471451267877,54980.76129897666,2738.5618590321815
point,2025-08-22,22907.732621797277,10526.084634221443,33433.81725601872,2554.3256601047406
point,2025-08-23,23109.52137157118,5650.258612231623,28759.779983802804,1534.8498421330928
point,2025-08-24,45069.16018744514,8300.371893288615,53369.532080733756,2001.0978661666286
point,2025-08-25,45038.302370026475,20822.33526087256,65860.63763089903,5614.448317558443
point,2025-08-26,45612.852722656564,6333.177169707416,51946.02989236398,1493.7201367257744
point,2025-08-27,45607.16659656368,11899.362040705671,57506.52863726935,2762.392015040158
point,2025-08-28,45757.90353971781,22594.65938190502,68352.56292162283,5955.35813422106
point,2025-08-29,24083.944785031374,5441.230003545129,29525.174788576503,1305.257415667129
point,2025-08-30,23795.764060077156,4574.483813313195,28370.24787339035,1275.2317231597863
point,2025-08-31,45968.51069381423,8170.382395477598,54138.89308929183,2139.6595948654494
point,2025-09-01,45745.64632336846,1986.6893847406259,47732.33570810909,552.4415265828532
point,2025-09-02,45356.10798547621,3289.1196778422477,48645.22766331845,705.1697201626457
point,2025-09-03,45060.8599350554,652.6417917704571,45713.50172682586,177.6925711694098
point,2025-09-04,45710.05575942472,1220.1543394874877,46930.21009891221,255.76088359787548
point,2025-09-05,23552.601934478123,519.8835247623468,24072.48545924047,195.88476324351853
point,2025-09-06,23958.765980764805,789.12627891145,24747.892259676257,191.77555756284139
point,2025-09-07,44926.7019370213,3709.2223669785717,48635.92430399988,889.387831750312
point,2025-09-08,37808.69421076634,20602.46161171655,58411.15582248289,4962.850213034409
point,2025-09-09,38870.32357361958,4664.619272499666,43534.942846119244,1116.2503693648466
point,2025-09-10,38693.35240151425,27334.173240273016,66027.52564178726,6295.93329111935
point,2025-09-11,39320.47269020532,4143.805395188492,43464.27808539382,856.8576318402659
point,2025-09-12,18222.15802307399,3531.004535062715,21753.162558136704,907.2314082593703
point,2025-09-13,18408.287397343505,2823.2226244077965,21231.510021751303,688.8110061484465
point,2025-09-14,38918.46324816627,16045.65796002293,54964.1212081892,4247.985437692272
point,2025-09-15,39207.53407489233,5121.790382137786,44329.32445703012,1265.9070551858504
point,2025-09-16,39041.80491926511,10495.533326133847,49537.338245398954,3352.5664587741403
point,2025-09-17,39291.859831005466,14406.416528312175,53698.27635931764,3470.778426197555
point,2025-09-18,39406.9780573757,8882.55573657323,48289.53379394893,2042.798444637604
point,2025-09-19,18235.971131452636,4319.292189366454,22555.26332081909,1288.454328652757
point,2025-09-20,18193.553980908244,6412.116976199359,24605.670957107603,1540.6846123944679
point,2025-09-21,40985.803188401725,4752.017981304089,45737.821169705814,1485.2947678828364
point,2025-09-22,39897.52948173489,8223.800427310904,48121.329909045795,2227.5017225264037
point,2025-09-23,40722.48169215385,13169.285516570782,53891.76720872463,2982.7239419506914
point,2025-09-24,40473.754336397484,9016.93840404727,49490.692740444756,2429.166016971038
point,2025-09-25,40791.13853025701,7359.593003673418,48150.73153393043,2021.1953235326891
point,2025-09-26,18171.781640519475,4282.990145609385,22454.771786128862,1137.2187914844246
point,2025-09-27,18238.711144236982,14466.374542177306,32705.085686414288,3661.2621957822284
point,2025-09-28,41534.593649984665,12781.221826499575,54315.81547648424,3022.3371463160993
point,2025-09-29,41506.950772591896,8670.972903894923,50177.92367648682,2123.723830710729
point,2025-09-30,41878.151219790925,16521.906680893393,58400.05790068432,3965.530827621087
point,2025-10-01,41880.09943043217,485.2889916220397,42365.38842205421,195.34525413347768
point,2025-10-02,40329.04506326672,1261.4977141144689,41590.54277738119,453.3865149581011
point,2025-10-03,17340.475506912757,1395.5200776782092,18735.995584590964,451.296712827336
point,2025-10-04,18147.5417436706,4500.76287845902,22648.30462212962,1191.390115707291
point,2025-10-05,39140.373084926134,2735.3923421065833,41875.76542703272,818.0767648247412
point,2025-10-06,39408.20497026197,6945.70370193163,46353.908672193604,2145.471101380729
point,2025-10-07,39505.746409703075,9983.303902221925,49489.050311925,2573.3245634830464
point,2025-10-08,36769.80238067238,8048.12523052085,44817.92761119323,2349.3053955904816
point,2025-10-09,37093.31041833083,6530.905074107603,43624.21549243844,1606.9283516895525
point,2025-10-10,15546.377938974536,4434.296520262398,19980.674459236936,1296.8749983704308
point,2025-10-11,16117.048236666735,5481.270379101216,21598.318615767952,1380.5140150127168
point,2025-10-12,37840.2356992306,10426.922244023572,48267.15794325418,2864.5089244650167
point,2025-10-13,38316.23361755604,5163.35803405831,43479.59165161435,1364.4020893496545
point,2025-10-14,37952.86925750162,16048.98963377871,54001.858891280324,3931.8351238875407
point,2025-10-15,38241.44512942752,17222.654981104737,55464.10011053226,4485.887087004182
point,2025-10-16,39031.68267018054,17940.812614862192,56972.495285042736,4465.747522295283
point,2025-10-17,16376.369326263482,4660.665667333897,21037.03499359738,1163.720829723091
point,2025-10-18,16517.592661757422,5667.000157973211,22184.592819730635,1633.3200324232603
point,2025-10-19,40346.34228178207,14006.468706286727,54352.8109880688,3388.986619597207
point,2025-10-20,40986.444917836096,14454.207920636505,55440.6528384726,3387.3600024465486
point,2025-10-21,41560.3640113415,15374.187865952481,56934.55187729398,4163.307769894296
point,2025-10-22,41527.181000132776,15205.636021772561,56732.817021905335,3508.453102094474
point,2025-10-23,42250.041995621825,5980.384383955661,48230.42637957749,1561.1256568458402
point,2025-10-24,16500.63892484901,6980.028779045668,23480.667703894676,1703.118635737549
point,2025-10-25,16634.370244644153,6272.456576146037,22906.82682079019,1563.4270170459417
point,2025-10-26,42680.00492148117,5235.01044016826,47915.015361649435,1493.8981522420486
point,2025-10-27,42644.97149651751,7331.041533523685,49976.01303004119,1887.9477648840395
point,2025-10-28,42343.41080202384,10035.307183347171,52378.71798537101,2574.1013127854885
point,2025-10-29,42444.45128421008,20947.992284159223,63392.4435683693,5434.9347270792205
point,2025-10-30,42861.42972423417,6632.333260954579,49493.76298518875,1686.4172466718824
point,2025-10-31,17203.195697798816,9874.742085523301,27077.937783322115,2800.0192477521305
point,2025-11-01,17204.11940989062,7016.015261268121,24220.13467115874,1906.7926970684948
point,2025-11-02,43988.791850661335,11383.579560937345,55372.37141159868,2689.3203023572005
point,2025-11-03,44578.45896767168,9582.18439781578,54160.643365487456,2967.2253584564787
point,2025-11-04,44645.152611183716,7257.7532837573635,51902.90589494108,1771.719106954476
point,2025-11-05,44862.305773232554,9216.916806786414,54079.22258001897,2521.8108870967626
point,2025-11-06,44580.56950475,18374.905437164278,62955.474941914275,4510.227391709471
point,2025-11-07,17425.866784239286,6348.439104437556,23774.30588867684,1562.7461215289006
point,2025-11-08,17290.443234636885,6168.382511916311,23458.825746553197,1521.9452913624311
point,2025-11-09,45696.19436751312,11809.333829028648,57505.52819654177,3121.985552489532
point,2025-11-10,45897.9562475264,18035.875908754228,63933.83215628063,4654.023620674587
point,2025-11-11,46416.19905997286,9008.66699777105,55424.86605774391,2231.0044031317875
point,2025-11-12,46721.40503294543,8285.618741485474,55007.023774430905,1779.9847747043648
point,2025-11-13,46860.08724845656,11280.474670809463,58140.56191926602,3050.874301150997
point,2025-11-14,18035.691427564016,8171.697943828824,26207.38937139284,2303.4979449987277
point,2025-11-15,17833.224773105434,7845.544118003518,25678.76889110895,1987.398219099115
point,2025-11-16,48002.63942814461,12178.817125032361,60181.45655317698,3142.3046816885562
point,2025-11-17,48654.33998479268,5830.176739548408,54484.51672434108,1506.8615886261755
point,2025-11-18,48350.43958907616,10489.09940454369,58839.53899361985,3093.4845423060697
point,2025-11-19,48428.07567469508,11859.688983779333,60287.764658474414,2938.9476036323927
point,2025-11-20,48992.77394104439,9191.75171055682,58184.52565160121,2424.459903765691
point,2025-11-21,18210.47432172864,5813.791702907358,24024.266024636,1856.1412956821794
point,2025-11-22,18332.770284250095,6403.339087823852,24736.109372073948,1665.4597301517117
point,2025-11-23,49826.77029572736,10248.344802851174,60075.115098578535,2466.85728851376
point,2025-11-24,49250.92626832405,7760.887895874516,57011.81416419857,1920.9675741031285
point,2025-11-25,49456.65864095205,9191.434835685139,58648.093476637194,2483.439976916395
point,2025-11-26,49946.741295143205,10115.016628133943,60061.757923277146,2695.6929882972777
point,2025-11-27,50175.019807014,7399.350279686918,57574.37008670092,1880.2536682632344
point,2025-11-28,18626.669042273017,8331.733473189359,26958.402515462374,2038.4896413864044
point,2025-11-29,18900.715620360003,16703.024401883842,35603.740022243845,4822.504263745953
point,2025-11-30,51276.74934326188,15011.375254392651,66288.12459765453,3910.3892867833406
point,2025-12-01,51901.282912722716,32664.45848553187,84565.74139825458,8494.681569369586
point,2025-12-02,52004.07024170163,40446.75079234275,92450.82103404438,10467.076423395629
point,2025-12-03,52742.71771724983,28769.877538818306,81512.59525606813,8305.228195833486
point,2025-12-04,52791.24360043368,29738.1888853949,82529.43248582858,7958.025456947893
point,2025-12-05,19912.124270985645,28899.460274566427,48811.584545552076,7608.429090392203
point,2025-12-06,19879.136527140567,34247.61896138544,54126.755488526,9560.74063959341
point,2025-12-07,53939.16509859968,25782.564353109392,79721.72945170908,7203.073871231506
point,2025-12-08,57936.29838651446,9248.22793046994,67184.52631698441,2554.38837877219
point,2025-12-09,58294.55072299151,9459.022494841709,67753.57321783321,2230.4612854248962
point,2025-12-10,57606.4630547981,11353.62712087344,68960.09017567153,3145.2460931130818
point,2025-12-11,58450.60394542148,5465.595762297079,63916.19970771856,1527.7042081956251
point,2025-12-12,23115.807250166956,15116.673545461366,38232.48079562832,4300.940482758938
point,2025-12-13,23597.991216623763,14040.708587739966,37638.69980436373,3276.242531721542
point,2025-12-14,58784.55928441093,8921.701988115976,67706.2612725269,2251.183144459972
point,2025-12-15,58675.16353096292,9914.394684251023,68589.55821521394,2697.455116346344
point,2025-12-16,59298.581240332045,8209.375232200333,67507.95647253237,2289.1602222490646
point,2025-12-17,58933.77104231326,6364.928984039975,65298.70002635323,1686.964097361187
point,2025-12-18,58668.12316896521,7997.41113420832,66665.53430317354,2209.656341945903
point,2025-12-19,23793.18118857171,10230.495689897494,34023.6768784692,2578.885123239981
point,2025-12-20,23883.427841740348,8474.771944125041,32358.19978586539,2101.9250684719564
point,2025-12-21,59043.16586280515,9324.992265280318,68368.15812808547,2774.3777517808994
point,2025-12-22,59106.97328116228,7738.834666924129,66845.80794808641,1979.6206083329525
point,2025-12-23,59361.96735667814,3136.8093977099134,62498.776754388055,907.0071166871626
point,2025-12-24,58916.176737131434,7655.060162633354,66571.23689976479,1808.275360144533
point,2025-12-25,58921.8584458036,7002.533773715915,65924.39221951952,2058.870628052242
point,2025-12-26,24002.307210033774,8989.183701475593,32991.49091150937,2380.649813218927
point,2025-12-27,24036.643812666713,9681.403350136214,33718.047162802926,2442.592141722148
point,2025-12-28,59406.26343795305,5641.362955259833,65047.626393212886,1549.8544637959071
point,2025-12-29,59593.82821861927,4422.8916206489575,64016.719839268226,1341.2864017479617
point,2025-12-30,59071.201996195625,4562.255079753127,63633.457075948754,1177.2531068312496
point,2025-12-31,58767.26415179645,9542.895085802265,68310.15923759871,2456.4790259009624
nostorage_a85,2025-02-01,37494.12940566822,510.1831500782055,38004.31255574643,106.04686408293003
nostorage_a85,2025-02-02,70756.21007540781,108.58332765624908,70864.79340306406,30.85222916666646
nostorage_a85,2025-02-03,69702.63687822371,327.46498653970895,70030.10186476342,89.54351192847531
nostorage_a85,2025-02-04,69965.44375525317,1609.7381425873614,71575.18189784054,436.4465163719325
nostorage_a85,2025-02-05,69642.06954771662,617.9091083841577,70259.97865610078,169.86341681543945
nostorage_a85,2025-02-06,70387.79232857109,170.21256047448307,70558.00488904557,50.437116891378196
nostorage_a85,2025-02-07,36699.75436925911,316.2931298880169,37016.04749914713,56.4655859305243
nostorage_a85,2025-02-08,35182.2795530649,586.374965541586,35768.65451860649,107.41295267641732
nostorage_a85,2025-02-09,66523.28333845007,2670.062397152676,69193.34573560275,824.0392024962765
nostorage_a85,2025-02-10,67231.22321549524,321.9139985150911,67553.13721401033,86.67579222324468
nostorage_a85,2025-02-11,65508.72044347369,602.0918178047689,66110.81226127846,108.35664611124685
nostorage_a85,2025-02-12,65143.42878645168,875.8448232380051,66019.27360968968,204.87840834816157
nostorage_a85,2025-02-13,64800.65080812808,811.9277844046298,65612.5785925327,171.11745014507625
nostorage_a85,2025-02-14,33473.84485242097,1011.2847953715223,34485.12964779249,258.0374374350642
nostorage_a85,2025-02-15,33110.535104689596,1504.6118754747731,34615.14698016437,400.3356909578062
nostorage_a85,2025-02-16,62836.034661159865,2746.8988077315626,65582.93346889142,654.8198885449258
nostorage_a85,2025-02-17,62560.44560259768,814.1942379892589,63374.63984058694,191.65337267140228
nostorage_a85,2025-02-18,61970.3889615557,1026.9373266838677,62997.326288239565,255.5465555310049
nostorage_a85,2025-02-19,61562.43814977006,2666.326847820549,64228.76499759061,760.1589748694776
nostorage_a85,2025-02-20,61327.46842673648,1458.643590008464,62786.11201674494,325.92865832567446
nostorage_a85,2025-02-21,32365.878681064107,893.2972239330923,33259.1759049972,267.7149764986759
nostorage_a85,2025-02-22,32125.336468137462,1381.7514433582828,33507.08791149574,371.1761645021859
nostorage_a85,2025-02-23,60687.69236194772,1574.1134845534698,62261.805846501185,417.40827691293936
nostorage_a85,2025-02-24,60140.29344024182,1386.3626769365476,61526.65611717837,322.80091534194185
nostorage_a85,2025-02-25,59837.690384696325,983.76133188002,60821.45171657635,278.21941068679996
nostorage_a85,2025-02-26,59237.44837663359,2474.4770192629558,61711.92539589655,594.6049297998683
nostorage_a85,2025-02-27,58631.049473760584,2964.975528995733,61596.025002756316,607.7202987027297
nostorage_a85,2025-02-28,31223.230879380117,956.9321160779253,32180.162995458042,246.57069252384667
nostorage_a85,2025-03-01,31128.87299905153,1685.761388804413,32814.63438785594,374.9196938618985
nostorage_a85,2025-03-02,58733.625927910645,10845.515716557587,69579.14164446824,2451.48903796629
nostorage_a85,2025-03-03,59382.89002323547,7394.568798187327,66777.4588214228,1726.6509247149208
nostorage_a85,2025-03-04,60703.920173156686,891.0956536470733,61595.01582680376,275.10154573245063
nostorage_a85,2025-03-05,60823.23012734279,504.80716964191527,61328.0372969847,108.58271953619497
nostorage_a85,2025-03-06,60211.77909626743,588.664824991859,60800.44392125929,200.2574601844603
nostorage_a85,2025-03-07,30893.147011404122,261.55179257482916,31154.69880397895,95.53148863172092
nostorage_a85,2025-03-08,30038.899334268128,743.6116591139103,30782.51099338204,222.29179309441417
nostorage_a85,2025-03-09,57582.045183660404,933.2627573327392,58515.307940993145,224.82922571459352
nostorage_a85,2025-03-10,57011.36469265916,2590.394974482605,59601.75966714176,609.2276976668811
nostorage_a85,2025-03-11,56844.72037471738,1586.6089712420135,58431.32934595939,412.6802599296949
nostorage_a85,2025-03-12,56499.07720617635,1111.5779530036873,57610.65515918004,340.67813235789464
nostorage_a85,2025-03-13,55775.37986159242,7045.572358198915,62820.95221979133,1549.013673741028
nostorage_a85,2025-03-14,29161.18723210921,878.8120330986283,30039.999265207836,226.96732853140674
nostorage_a85,2025-03-15,29245.736528232752,1424.151097943327,30669.887626176078,354.722392442086
nostorage_a85,2025-03-16,55663.76077671144,1981.7683607009965,57645.529137412435,489.03510940707577
nostorage_a85,2025-03-17,55323.91224715024,690.5185787707671,56014.43082592101,137.95123110069358
nostorage_a85,2025-03-18,54223.423101495355,3802.5780870407607,58026.00118853612,806.1408660664542
nostorage_a85,2025-03-19,54679.770283231184,1211.0667121762724,55890.83699540746,237.9864377902963
nostorage_a85,2025-03-20,54825.3257998849,1968.7953254649622,56794.12112534986,526.6944446104044
nostorage_a85,2025-03-21,28628.855713602763,1105.090141355577,29733.94585495834,366.83499967080587
nostorage_a85,2025-03-22,28938.751778317852,267.197397915044,29205.949176232894,116.96445177262422
nostorage_a85,2025-03-23,53949.91487546006,1230.6743095890772,55180.58918504914,317.6289251997084
nostorage_a85,2025-03-24,53473.069310566934,1828.5528116870876,55301.62212225402,561.3020512186109
nostorage_a85,2025-03-25,53289.877284773575,3029.58229130401,56319.459576077585,792.2312323040894
nostorage_a85,2025-03-26,53334.565308982594,798.792083140876,54133.35739212347,253.3930783937289
nostorage_a85,2025-03-27,53149.2212010583,1445.7614270970328,54594.98262815533,436.2767926961835
nostorage_a85,2025-03-28,28149.54437979229,1267.948533602072,29417.492913394362,345.60486998253634
nostorage_a85,2025-03-29,27844.662904626242,582.9300001850896,28427.592904811332,149.87887883833292
nostorage_a85,2025-03-30,52274.081893583796,1549.414799335013,53823.49669291881,406.33387489717705
nostorage_a85,2025-03-31,51657.49287670995,2836.178576201556,54493.671452911505,679.7430068655284
nostorage_a85,2025-04-01,51754.2564394079,1994.9478510499616,53749.20429045786,544.5936555638928
nostorage_a85,2025-04-02,51352.39602630407,9053.624329565318,60406.02035586939,1897.6222169087287
nostorage_a85,2025-04-03,51854.773300764515,1551.2330594928335,53406.00636025735,417.52624662541155
nostorage_a85,2025-04-04,27356.983064284243,1065.2219849740854,28422.20504925833,266.82928611503974
nostorage_a85,2025-04-05,27487.06906570395,895.3294388688507,28382.3985045728,228.15185105744396
nostorage_a85,2025-04-06,51616.57545126725,951.2881063717371,52567.863557638986,236.62960097997603
nostorage_a85,2025-04-07,50986.07801978772,570.4191998570104,51556.49721964473,221.5345835919542
nostorage_a85,2025-04-08,51146.44292612178,3394.0386971778184,54540.4816232996,719.667935012517
nostorage_a85,2025-04-09,51368.77096800076,1847.9104871540014,53216.681455154765,488.2427803277382
nostorage_a85,2025-04-10,51353.38560212657,2322.5198984304852,53675.905500557055,523.9722012405582
nostorage_a85,2025-04-11,26915.88118583365,1510.49212342895,28426.3733092626,369.5285234139366
nostorage_a85,2025-04-12,27102.67991382496,363.03819938962977,27465.71811321459,85.01247809790753
nostorage_a85,2025-04-13,50183.565335749765,1987.033325447465,52170.59866119723,430.2778739493888
nostorage_a85,2025-04-14,49805.74700796782,1508.0424881905556,51313.78949615837,338.14451567306577
nostorage_a85,2025-04-15,50111.0301380845,496.3510167372965,50607.38115482179,107.92882624764945
nostorage_a85,2025-04-16,49453.506031971025,1913.2814497894556,51366.78748176048,466.5234797574684
nostorage_a85,2025-04-17,49615.14261993064,608.6873295738384,50223.82994950448,151.08645854312743
nostorage_a85,2025-04-18,26597.9719375024,548.7329180323014,27146.704855534703,171.52702614541062
nostorage_a85,2025-04-19,26158.140348995486,899.4601071151676,27057.600456110653,264.465917215438
nostorage_a85,2025-04-20,49237.787742348824,1680.3611928848536,50918.14893523368,438.7240009078224
nostorage_a85,2025-04-21,49596.55097789889,829.4285760387135,50425.97955393761,270.69477164258456
nostorage_a85,2025-04-22,48824.389647145406,1750.7784868969622,50575.16813404237,512.9810289686004
nostorage_a85,2025-04-23,48800.40165741552,761.105509575008,49561.50716699052,208.17509842095916
nostorage_a85,2025-04-24,48625.27887435708,515.1364297552834,49140.415304112365,107.27264576392848
nostorage_a85,2025-04-25,25332.760524259644,504.9797047790513,25837.740229038696,157.44999882335122
nostorage_a85,2025-04-26,25304.20320382159,1484.6875943850068,26788.890798206598,373.5803488307128
nostorage_a85,2025-04-27,46926.813901129106,4540.882635782061,51467.696536911164,1013.6154717801476
nostorage_a85,2025-04-28,48029.830395078025,6533.862651590497,54563.69304666852,1420.9927065448196
nostorage_a85,2025-04-29,48271.79215876997,1661.7516255143516,49933.54378428432,376.6471398381832
nostorage_a85,2025-04-30,48035.184265975186,786.1732558643718,48821.357521839556,230.99898294958868
nostorage_a85,2025-05-01,47578.30095401455,11539.529688891706,59117.83064290626,2434.820476646239
nostorage_a85,2025-05-02,25556.70831210712,10072.847540256767,35629.55585236389,2133.8178265889583
nostorage_a85,2025-05-03,25928.341526439763,7263.528305274864,33191.869831714626,1405.0209635522967
nostorage_a85,2025-05-04,48848.607289427295,7239.788153686308,56088.3954431136,1522.6397671121495
nostorage_a85,2025-05-05,48383.59484963743,10912.16185775274,59295.756707390174,2398.1132532116526
nostorage_a85,2025-05-06,49086.42037611056,7416.76693177094,56503.1873078815,1756.6256249727162
nostorage_a85,2025-05-07,49635.404788394735,7388.393436965722,57023.79822536046,1559.2671394259874
nostorage_a85,2025-05-08,52704.48844841759,2691.2045499485575,55395.692998366154,565.7947433182901
nostorage_a85,2025-05-09,28919.10709438815,451.6328434206223,29370.739937808772,158.78140736551944
nostorage_a85,2025-05-10,28968.167582140355,665.8607329802649,29634.02831512062,190.14255880922695
nostorage_a85,2025-05-11,52995.14576513767,1046.2235569513232,54041.36932208899,266.6849468123804
nostorage_a85,2025-05-12,52967.18425030506,687.0653391449323,53654.24958944999,204.04022624413034
nostorage_a85,2025-05-13,52192.429752652286,180.3860152878805,52372.81576794016,41.41121215506513
nostorage_a85,2025-05-14,52279.96566158393,711.0087524807763,52990.9744140647,201.4604163524199
nostorage_a85,2025-05-15,51744.645072433035,1848.7850903155545,53593.43016274859,473.72011239419686
nostorage_a85,2025-05-16,28445.13797315994,456.83239106059204,28901.97036422053,203.22509755065764
nostorage_a85,2025-05-17,28563.491343467067,775.7366126876577,29339.227956154726,252.19259253238326
nostorage_a85,2025-05-18,51340.16320891473,2022.0669166690477,53362.23012558378,453.5455718867679
nostorage_a85,2025-05-19,51031.79998127123,788.5219215540741,51820.3219028253,140.51636371319262
nostorage_a85,2025-05-20,50754.25568245323,922.287733956392,51676.54341640962,232.2191183234036
nostorage_a85,2025-05-21,50853.12898602632,1150.962568140049,52004.09155416637,327.0330814711201
nostorage_a85,2025-05-22,50609.28780363905,508.03866621803314,51117.32646985708,134.88625641332138
nostorage_a85,2025-05-23,28311.76849010102,398.2695073039853,28710.03799740501,149.06407338695857
nostorage_a85,2025-05-24,28777.0157554458,184.86739549694755,28961.883150942747,71.52592303015871
nostorage_a85,2025-05-25,51149.354885799235,416.599318444359,51565.95420424359,90.70813930844974
nostorage_a85,2025-05-26,50602.46001681121,2551.8063800546765,53154.26639686588,623.7493204752716
nostorage_a85,2025-05-27,51107.580863223244,171.35811436703477,51278.93897759028,78.98263483331104
nostorage_a85,2025-05-28,50681.50308028074,916.1410253014105,51597.64410558215,245.2845623873826
nostorage_a85,2025-05-29,50653.45200326668,1637.2245857417179,52290.67658900839,396.4816871201887
nostorage_a85,2025-05-30,28333.72856992461,1126.840357911356,29460.568927835964,288.15922134034287
nostorage_a85,2025-05-31,28408.556651921386,788.9382141591332,29197.49486608052,266.0583431475087
nostorage_a85,2025-06-01,51669.56427313977,28850.59980145867,80520.16407459843,7206.102483658262
nostorage_a85,2025-06-02,52404.652271031926,28344.626745921796,80749.27901695372,6981.378693089027
nostorage_a85,2025-06-03,54211.56629925383,15266.592348113725,69478.15864736756,3780.723214449237
nostorage_a85,2025-06-04,55229.103682601075,13463.557399476162,68692.66108207723,3681.313379521004
nostorage_a85,2025-06-05,56544.65425104242,14092.28543400168,70636.9396850441,3794.377923381945
nostorage_a85,2025-06-06,29884.293661287487,16699.340185795278,46583.63384708276,3977.875476932793
nostorage_a85,2025-06-07,31346.608404599276,7234.537970270168,38581.146374869444,1805.3231711325473
nostorage_a85,2025-06-08,67663.62530349442,93.46633597860588,67757.09163947303,32.688661922147226
nostorage_a85,2025-06-09,65802.73396110967,519.1822420172775,66321.91620312695,197.28104760849365
nostorage_a85,2025-06-10,66021.91666796197,744.1807330295666,66766.09740099154,203.09796146962765
nostorage_a85,2025-06-11,66429.81445598272,5098.632695159278,71528.447151142,1053.4511148972063
nostorage_a85,2025-06-12,67953.45591726094,531.383961581444,68484.8398788424,123.9643880879115
nostorage_a85,2025-06-13,36712.13703732221,324.9515085556562,37037.088545877865,55.45310214083734
nostorage_a85,2025-06-14,36927.246910208414,76.5523908317445,37003.799301040155,24.61628979166653
nostorage_a85,2025-06-15,68368.0494348871,0.0,68368.0494348871,0.0
nostorage_a85,2025-06-16,68222.0527809252,523.8749471616944,68745.92772808688,159.3653678465966
nostorage_a85,2025-06-17,67920.30943289622,2204.0446163663837,70124.3540492626,522.590071249352
nostorage_a85,2025-06-18,69075.98229461297,5.85083577655044,69081.83313038952,1.4478210471826856
nostorage_a85,2025-06-19,68485.98798586984,462.9765209060059,68948.96450677584,129.0391546685036
nostorage_a85,2025-06-20,36140.59754510461,0.0,36140.59754510461,0.0
nostorage_a85,2025-06-21,36264.55475179013,44.011020822749444,36308.56577261288,9.396033480518668
nostorage_a85,2025-06-22,66155.35189930748,123.64032536367218,66278.99222467115,57.078204322916804
nostorage_a85,2025-06-23,65836.41648144324,128.28704073536397,65964.7035221786,58.71988020833305
nostorage_a85,2025-06-24,65297.01516229469,10222.620265354888,75519.63542764957,2365.9677126886463
nostorage_a85,2025-06-25,66672.86760764511,1601.5116009556916,68274.3792086008,547.1219756950934
nostorage_a85,2025-06-26,67382.94928733999,59.62749297496039,67442.57678031495,14.491122860793894
nostorage_a85,2025-06-27,35110.00006251765,33.57777689217771,35143.57783940982,14.153805268718088
nostorage_a85,2025-06-28,35225.88886872103,264.78430259533184,35490.67317131636,85.62671124755418
nostorage_a85,2025-06-29,66337.24440385954,504.1888178788678,66841.4332217384,202.80686818798844
nostorage_a85,2025-06-30,65815.11782134318,1893.7037832396882,67708.82160458287,506.53712886304504
nostorage_a85,2025-07-01,65121.82172135178,11159.861298482736,76281.68301983451,3469.8415301631994
nostorage_a85,2025-07-02,63132.41510268644,12914.736281222942,76047.15138390938,3906.0848810682833
nostorage_a85,2025-07-03,61496.342824831394,19335.227424167817,80831.57024899921,5283.764271713433
nostorage_a85,2025-07-04,33661.30336029062,15737.773589754624,49399.076950045244,4481.115879520871
nostorage_a85,2025-07-05,33722.191942741985,16579.541027951276,50301.732970693265,4329.848539526216
nostorage_a85,2025-07-06,59894.05801866074,27822.68597976149,87716.74399842223,6563.392371735449
nostorage_a85,2025-07-07,61152.1933439509,8422.358821295018,69574.55216524591,2471.7405349169767
nostorage_a85,2025-07-08,69165.4383036935,1775.277293863442,70940.71559755695,420.29809811901947
nostorage_a85,2025-07-09,69217.52581654621,619.0204211640555,69836.54623771027,137.06875201320148
nostorage_a85,2025-07-10,69438.55943819607,491.0040057431027,69929.56344393917,105.59143605023564
nostorage_a85,2025-07-11,42176.79165998323,702.5004432119221,42879.292103195156,187.84043854081307
nostorage_a85,2025-07-12,42135.99859935873,495.63818033597494,42631.63677969471,137.36992341403868
nostorage_a85,2025-07-13,69454.44028824384,133.70379006948266,69588.14407831333,19.888998150908538
nostorage_a85,2025-07-14,68504.12531743343,321.0546596005424,68825.17997703397,55.18522810806985
nostorage_a85,2025-07-15,68911.4911604754,388.73710512481296,69300.22826560022,86.29607738390808
nostorage_a85,2025-07-16,67749.37229360093,1282.9966781188361,69032.36897171977,319.88166919906257
nostorage_a85,2025-07-17,67684.13865961417,2741.6691756238306,70425.807835238,557.8223858696887
nostorage_a85,2025-07-18,42251.559270470185,88.43921248420062,42339.99848295438,22.57127888976379
nostorage_a85,2025-07-19,42296.59365342205,0.0,42296.59365342205,0.0
nostorage_a85,2025-07-20,68611.46530497604,544.8271266322245,69156.29243160826,131.80967684680706
nostorage_a85,2025-07-21,69312.4408801714,481.68866654061674,69794.12954671202,96.6897589187829
nostorage_a85,2025-07-22,69391.47275446335,1572.674490542151,70964.1472450055,359.1677044619353
nostorage_a85,2025-07-23,69544.35930101227,1008.3980339446978,70552.75733495697,207.8291313783605
nostorage_a85,2025-07-24,69753.17052987883,1277.036931389263,71030.20746126809,295.7247959955679
nostorage_a85,2025-07-25,42530.554224729145,259.0162645423501,42789.57048927149,65.48032525381882
nostorage_a85,2025-07-26,42972.75217650682,111.20656217954625,43083.95873868637,28.103734131613564
nostorage_a85,2025-07-27,68921.65209252566,3153.544149313224,72075.19624183889,661.6551500316267
nostorage_a85,2025-07-28,69328.5287483467,1689.8628876303496,71018.39163597705,353.6445037559024
nostorage_a85,2025-07-29,71232.56188531962,1541.7987385396218,72774.36062385925,409.60772026856
nostorage_a85,2025-07-30,71291.96743868238,301.62229469991627,71593.5897333823,79.21595294022973
nostorage_a85,2025-07-31,70156.11807581323,545.4601691861405,70701.57824499937,114.84048487057055
nostorage_a85,2025-08-01,41063.222454671224,47.95547716145866,41111.17793183268,22.62407291666682
nostorage_a85,2025-08-02,40276.05908241298,0.0,40276.05908241298,0.0
nostorage_a85,2025-08-03,65649.17124894456,596.348909737059,66245.52015868163,137.53957227889038
nostorage_a85,2025-08-04,63677.90669665499,371.13585054843963,64049.042547203426,109.89709948883706
nostorage_a85,2025-08-05,62905.53329600808,388.7927532393713,63294.32604924745,112.2799424962111
nostorage_a85,2025-08-06,62324.295658682444,4387.5851360645665,66711.880794747,1098.9374791680252
nostorage_a85,2025-08-07,62121.0585591057,992.2834308940119,63113.34198999972,305.72588115158425
nostorage_a85,2025-08-08,38065.383716967845,438.58990745561755,38503.97362442346,128.55958262210527
nostorage_a85,2025-08-09,37588.500203409014,910.4200413643882,38498.9202447734,253.40910353530117
nostorage_a85,2025-08-10,61848.58575150976,339.1881494150721,62187.77390092483,120.00343186487765
nostorage_a85,2025-08-11,61373.417365767076,2084.944466680667,63458.36183244774,456.4760638591832
nostorage_a85,2025-08-12,60853.93402530499,3498.8799462961556,64352.81397160114,788.4656684521296
nostorage_a85,2025-08-13,61290.86548938907,1117.5346500513067,62408.400139440375,265.25073833434396
nostorage_a85,2025-08-14,61011.24356853419,3603.5474228558487,64614.79099139004,711.693857138475
nostorage_a85,2025-08-15,37231.041997237684,994.4936424896201,38225.535639727306,294.2345794455377
nostorage_a85,2025-08-16,37273.0079935459,1154.2836622174675,38427.291655763365,231.74368418436882
nostorage_a85,2025-08-17,60495.50811729527,1720.4695265253617,62215.97764382063,396.07777904107235
nostorage_a85,2025-08-18,60696.24229893117,2809.9710622143257,63506.21336114549,640.3064560858558
nostorage_a85,2025-08-19,61094.693524955976,1835.45331335799,62930.146838313965,496.36237415034714
nostorage_a85,2025-08-20,60806.92342746531,9693.378617608523,70500.30204507384,2026.9649747090946
nostorage_a85,2025-08-21,61877.85305033102,1412.5041899946832,63290.3572403257,359.4646715862582
nostorage_a85,2025-08-22,37266.211259389675,2683.7394869120735,39949.95074630175,678.9416817233375
nostorage_a85,2025-08-23,37608.60293866065,609.2249365239952,38217.82787518465,179.98232279464787
nostorage_a85,2025-08-24,61790.581346651714,1473.3475929829156,63263.92893963463,360.6413230292595
nostorage_a85,2025-08-25,62174.93725737787,3401.40105718782,65576.33831456568,873.7450430765257
nostorage_a85,2025-08-26,62331.47370654027,1204.721331949698,63536.19503848997,277.41036879923
nostorage_a85,2025-08-27,62535.25303261129,2022.6488179720525,64557.901850583345,399.90182665637576
nostorage_a85,2025-08-28,62918.4836840022,4915.048610451641,67833.53229445385,1075.819707005421
nostorage_a85,2025-08-29,38619.42774315617,1853.5222354242842,40472.94997858046,422.5014879740244
nostorage_a85,2025-08-30,38426.03409771263,767.8821324114833,39193.916230124116,222.09738026201143
nostorage_a85,2025-08-31,63380.956810180985,498.8408730016936,63879.79768318268,137.90561202266002
nostorage_a85,2025-09-01,62865.009297520075,0.0,62865.009297520075,0.0
nostorage_a85,2025-09-02,62051.192387712916,105.43096887997226,62156.623356592885,26.156682355199333
nostorage_a85,2025-09-03,61884.20701957682,0.0,61884.20701957682,0.0
nostorage_a85,2025-09-04,62123.7894438349,248.30113453564462,62372.090578370546,42.74789266344919
nostorage_a85,2025-09-05,37980.60630106963,0.0,37980.60630106963,0.0
nostorage_a85,2025-09-06,38167.50159421367,46.72127951904073,38214.22287373271,11.336442564092636
nostorage_a85,2025-09-07,61843.57148138985,406.4228287354061,62249.99431012526,80.67466504088134
nostorage_a85,2025-09-08,54961.17728899462,4762.632464650731,59723.80975364536,1168.9480014110388
nostorage_a85,2025-09-09,55951.394751222004,755.2285945342103,56706.62334575621,174.96260491451284
nostorage_a85,2025-09-10,55689.77721770514,4932.463677905744,60622.240895610885,1012.6775342358501
nostorage_a85,2025-09-11,56444.94191322816,1017.1379051631101,57462.07981839127,222.10081545938976
nostorage_a85,2025-09-12,32026.873315772093,1032.1621478660736,33059.03546363817,272.11468785448386
nostorage_a85,2025-09-13,32312.02916301286,620.216972816582,32932.24613582944,150.04369450129846
nostorage_a85,2025-09-14,56403.346570049536,895.8318538404666,57299.17842389,251.93001643981253
nostorage_a85,2025-09-15,56455.60278593046,1053.1459934908878,57508.748779421345,262.4996983664574
nostorage_a85,2025-09-16,56554.38124460924,1208.7907454719748,57763.17199008122,330.73086094191706
nostorage_a85,2025-09-17,56534.09243562345,733.1972681251304,57267.289703748575,246.38229262704192
nostorage_a85,2025-09-18,56327.78128566129,1208.5224600892593,57536.30374575055,266.5359320679106
nostorage_a85,2025-09-19,31879.967768785595,1201.4996775952784,33081.46744638087,379.7261383273702
nostorage_a85,2025-09-20,31733.79345378611,1912.4291204511815,33646.22257423729,452.98239130697294
nostorage_a85,2025-09-21,57554.06143747486,946.825470737705,58500.88690821257,234.71364793246988
nostorage_a85,2025-09-22,56447.827912125475,2694.3553438117087,59142.18325593718,726.9571583014549
nostorage_a85,2025-09-23,56829.0713878897,3675.496682034972,60504.56806992467,852.9141569219855
nostorage_a85,2025-09-24,56843.048091270146,1621.6615004805085,58464.70959175065,443.90032683587305
nostorage_a85,2025-09-25,57053.52588767746,3170.1805445533932,60223.70643223085,852.8681658744341
nostorage_a85,2025-09-26,31869.079974513566,923.939428771172,32793.019403284736,252.9656791371987
nostorage_a85,2025-09-27,31864.722056174687,3915.973494020616,35780.695550195305,1014.8552565924878
nostorage_a85,2025-09-28,57605.64067213055,1798.0456380918322,59403.68631022238,540.6759104381638
nostorage_a85,2025-09-29,57598.41492030071,3308.6671671319505,60907.08208743266,751.1042105323492
nostorage_a85,2025-09-30,58075.44220429435,3974.258335951124,62049.700540245474,1016.3091374000746
nostorage_a85,2025-10-01,58293.56929249306,196.79828135808066,58490.367573851145,90.15568343586938
nostorage_a85,2025-10-02,57179.74637147138,487.1768760332708,57666.92324750465,202.11670469931153
nostorage_a85,2025-10-03,31222.620685604164,278.90807037655907,31501.528755980722,126.15905461963945
nostorage_a85,2025-10-04,32108.81876683428,603.5155041408914,32712.33427097517,171.80695931392384
nostorage_a85,2025-10-05,56498.57859703834,365.0364337839889,56863.61503082232,164.88707193582263
nostorage_a85,2025-10-06,56835.52689139063,158.68977005440962,56994.21666144504,71.35832151215934
nostorage_a85,2025-10-07,56674.6467267643,430.46426762508327,57105.11099438938,123.62922241566888
nostorage_a85,2025-10-08,53826.24952474472,1422.8605705947552,55249.11009533948,316.9851025128604
nostorage_a85,2025-10-09,53962.030465368305,881.0637874048152,54843.094252773124,198.87568513657988
nostorage_a85,2025-10-10,29368.838553538066,1714.4723455184692,31083.310899056534,510.2335294210361
nostorage_a85,2025-10-11,30148.64608721782,521.6129619374811,30670.259049155302,113.29122088567779
nostorage_a85,2025-10-12,55103.53815989297,754.6120431457994,55858.150203038764,192.10548960058784
nostorage_a85,2025-10-13,55264.508914205115,558.1130327401646,55822.62194694528,149.39205110555943
nostorage_a85,2025-10-14,54982.84671082753,1753.1353142125488,56735.98202504008,480.0533227815163
nostorage_a85,2025-10-15,55255.93547657522,1916.4507530762228,57172.38622965144,469.87961239261335
nostorage_a85,2025-10-16,55848.84340402251,5351.524370831612,61200.36777485412,1354.875607763298
nostorage_a85,2025-10-17,30495.628417765718,783.8446725176976,31279.473090283416,188.92518863711825
nostorage_a85,2025-10-18,30698.627729728956,1072.413205770636,31771.040935499594,356.9718325369204
nostorage_a85,2025-10-19,56748.74102926394,3007.563772991639,59756.30480225558,778.2865928312181
nostorage_a85,2025-10-20,57538.78186430514,3549.2797877405255,61088.06165204567,769.2148235718398
nostorage_a85,2025-10-21,58043.166990230166,1317.8851105575854,59361.052100787754,332.34683057249663
nostorage_a85,2025-10-22,57710.14986856415,4673.121149500456,62383.2710180646,961.1516362185776
nostorage_a85,2025-10-23,58567.5865141043,1166.7144987366125,59734.301012840915,289.00871097694824
nostorage_a85,2025-10-24,30708.87846399689,2533.802100913835,33242.68056491073,548.4533631210298
nostorage_a85,2025-10-25,30959.35688649935,1738.2700937311313,32697.62698023048,417.16038774592016
nostorage_a85,2025-10-26,59148.16165956696,544.4162963271393,59692.5779558941,152.71182381071293
nostorage_a85,2025-10-27,58885.18599101451,1752.4667860793516,60637.652777093856,454.8343960725894
nostorage_a85,2025-10-28,58842.734976783584,927.6303974650433,59770.36537424863,206.27154446699154
nostorage_a85,2025-10-29,58830.352555682315,3255.548710608079,62085.90126629039,723.0211491886635
nostorage_a85,2025-10-30,59195.28414159017,1553.8850822490786,60749.16922383925,382.963709872874
nostorage_a85,2025-10-31,31778.197032136868,1201.2274792786113,32979.42451141548,289.679745879076
nostorage_a85,2025-11-01,31803.8418738187,935.4546522075356,32739.296526026235,309.5307256507401
nostorage_a85,2025-11-02,60159.88858439801,2032.1341246896807,62192.02270908769,426.7951802522735
nostorage_a85,2025-11-03,60857.053599376086,831.3946767393709,61688.44827611546,255.33034657205593
nostorage_a85,2025-11-04,60738.62774022401,1556.0694838529075,62294.69722407692,340.55877505202403
nostorage_a85,2025-11-05,60986.05963752537,897.4407165591056,61883.50035408448,302.83131177065997
nostorage_a85,2025-11-06,60675.8227387938,4887.559722844423,65563.38246163822,1035.2874088554024
nostorage_a85,2025-11-07,32400.480260457123,2025.0064062608744,34425.486666717996,443.2861826142115
nostorage_a85,2025-11-08,32321.810329885902,713.3013617043398,33035.11169159024,172.52326159398524
nostorage_a85,2025-11-09,62079.642133368296,2504.7366885538186,64584.37882192212,600.7697783061824
nostorage_a85,2025-11-10,62319.987929587835,2518.1998390615877,64838.18776864942,521.8976214211616
nostorage_a85,2025-11-11,62922.57250945705,672.2293524025572,63594.80186185961,195.52909893312832
nostorage_a85,2025-11-12,63137.29043875779,1009.0561447943736,64146.346583552164,189.83082861044517
nostorage_a85,2025-11-13,63264.76593028223,1466.5326287939683,64731.2985590762,317.939847401556
nostorage_a85,2025-11-14,33493.92842321692,509.9984905433705,34003.9269137603,125.71465494453957
nostorage_a85,2025-11-15,33184.32983608493,1059.396168359344,34243.726004444274,270.6248843861237
nostorage_a85,2025-11-16,64145.42346504635,2061.628030137766,66207.05149518412,554.658176185906
nostorage_a85,2025-11-17,64801.08292291913,724.587756323539,65525.67067924267,230.4531429245616
nostorage_a85,2025-11-18,64445.99159532498,1518.6751911245547,65964.66678644954,398.63619757072274
nostorage_a85,2025-11-19,64347.36038710602,1661.0403610310948,66008.40074813711,428.6389839996175
nostorage_a85,2025-11-20,64821.730303105454,1680.797124646162,66502.52742775161,440.0824391771971
nostorage_a85,2025-11-21,33825.83221114898,750.659977457724,34576.49218860671,292.7252552605285
nostorage_a85,2025-11-22,33982.92191688383,662.1044822103395,34645.026399094175,187.19051186537803
nostorage_a85,2025-11-23,65578.70501318411,2506.5219560732166,68085.22696925733,578.6564292355101
nostorage_a85,2025-11-24,65092.70838507882,1778.8925913855687,66871.60097646438,458.184632119644
nostorage_a85,2025-11-25,65363.776292342154,966.5702584061521,66330.3465507483,313.00062339125407
nostorage_a85,2025-11-26,65902.31966180618,781.510105093259,66683.82976689943,203.4376360563025
nostorage_a85,2025-11-27,66015.99532139282,1026.7153599980056,67042.71068139083,248.53411926491404
nostorage_a85,2025-11-28,34380.7530423499,1301.7689063201428,35682.52194867004,272.00320319566026
nostorage_a85,2025-11-29,34837.76261046699,919.5963137527986,35757.35892421979,312.2038627002356
nostorage_a85,2025-11-30,67125.32090806433,1589.1666253713504,68714.48753343568,394.7838824457515
nostorage_a85,2025-12-01,67864.12602163,14996.996277361377,82861.12229899138,4097.638589992004
nostorage_a85,2025-12-02,68184.3381439912,19188.680954903764,87373.01909889496,4932.256088628945
nostorage_a85,2025-12-03,69413.07110042595,10055.618179248882,79468.68927967483,3201.456031756778
nostorage_a85,2025-12-04,69792.58939513468,11256.114178515418,81048.7035736501,3108.443997935548
nostorage_a85,2025-12-05,36595.36931062753,6319.234476898067,42914.6037875256,1857.9514046327683
nostorage_a85,2025-12-06,36835.09651114262,6519.013250500173,43354.109761642794,1778.8934271270746
nostorage_a85,2025-12-07,72081.19101852938,3833.4223572436968,75914.61337577307,1114.1678927190069
nostorage_a85,2025-12-08,76408.84423127702,929.966978386859,77338.81120966388,182.13821219726492
nostorage_a85,2025-12-09,76721.81391594242,824.3895548767023,77546.20347081912,173.69439529085267
nostorage_a85,2025-12-10,76051.33877592602,674.8380559785745,76726.1768319046,152.03537935078208
nostorage_a85,2025-12-11,76950.45125579691,498.38043453584794,77448.83169033276,122.42599218325165
nostorage_a85,2025-12-12,40441.94093931216,735.7039493658046,41177.64488867796,185.47532832981028
nostorage_a85,2025-12-13,40713.89688440784,573.8774756842382,41287.77436009208,110.90941652198072
nostorage_a85,2025-12-14,77296.27941862908,542.7652579589154,77839.044676588,113.20351553227447
nostorage_a85,2025-12-15,77153.30139151882,470.1369410040484,77623.43833252287,144.7150306034676
nostorage_a85,2025-12-16,77787.76210459102,83.01691162374966,77870.77901621477,36.217188854166466
nostorage_a85,2025-12-17,77329.47508692282,703.2889064030351,78032.76399332585,117.47740771875173
nostorage_a85,2025-12-18,77072.10746191062,319.5337729095111,77391.64123482013,106.01520423349064
nostorage_a85,2025-12-19,40927.68756591149,447.4522083214825,41375.13977423297,113.21228349551006
nostorage_a85,2025-12-20,41111.99137268975,319.9483783416651,41431.939751031416,79.31453145812874
nostorage_a85,2025-12-21,77467.5478928223,1122.9077903849275,78590.45568320723,363.6184365334921
nostorage_a85,2025-12-22,77513.99667272004,460.4187801542102,77974.41545287425,93.58449100853954
nostorage_a85,2025-12-23,77771.71255563437,12.855227109374885,77784.56778274375,6.124453124999945
nostorage_a85,2025-12-24,77272.73928970704,372.49816732394834,77645.23745703099,74.09268359833504
nostorage_a85,2025-12-25,77283.76434811518,557.6543296862169,77841.4186778014,152.36114443468665
nostorage_a85,2025-12-26,41133.598836073725,432.9544175667263,41566.55325364045,76.78517744017255
nostorage_a85,2025-12-27,41210.07636313331,194.0071371717681,41404.08350030508,49.08273863739424
nostorage_a85,2025-12-28,77587.91786064827,619.2791642204579,78207.19702486873,121.49988385072959
nostorage_a85,2025-12-29,77746.495548487,284.2963577467457,78030.79190623375,75.4456168698808
nostorage_a85,2025-12-30,76639.83714039106,41.265142815052045,76681.10228320611,10.511804374999883
nostorage_a85,2025-12-31,75766.71273380372,835.7084833052296,76602.42121710896,235.09131134076304
