family,schedule,date,J_plan,J_rev,J_emerg,J,e_kWh,a_up_kWh
ra,none,2025-02-01,25850.967857004267,0.0,1529.996896660889,27380.964753665157,329.8530492361119,0.0
ra,none,2025-02-02,60213.50532586583,0.0,125.84391677125,60339.34924263708,34.00312166666663,0.0
ra,none,2025-02-03,61496.36027273472,0.0,201.50962332569503,61697.86989606041,46.56820069444451,0.0
ra,none,2025-02-04,63793.22461437263,0.0,222.25333670125,64015.47795107388,103.7368348611111,0.0
ra,none,2025-02-05,59379.822297991814,0.0,622.7603874991804,60002.582685491,178.5021457465291,0.0
ra,none,2025-02-06,63961.32174397692,0.0,159.16258456638926,64120.48432854331,48.54548359375008,0.0
ra,none,2025-02-07,25854.31879522902,0.0,316.1642399528821,26170.483035181904,56.44152765625,0.0
ra,none,2025-02-08,20240.998603249882,0.0,4146.794184415992,24387.792787665872,1004.7267808159722,0.0
ra,none,2025-02-09,58390.69523531402,0.0,290.85417879430616,58681.549414108325,70.47809059027793,0.0
ra,none,2025-02-10,55942.695246622505,0.0,321.91400749501895,56264.609254117524,86.67579628472258,0.0
ra,none,2025-02-11,56206.44042683104,0.0,1384.4489204581155,57590.88934728916,290.46613559027776,0.0
ra,none,2025-02-12,56257.640603084874,0.0,372.2093688109019,56629.849971895776,85.27000892361073,0.0
ra,none,2025-02-13,52134.116725632884,0.0,895.4101816096168,53029.5269072425,190.42675975694402,0.0
ra,none,2025-02-14,20336.395483866574,0.0,2265.9027195530152,22602.29820341959,523.514176944445,0.0
ra,none,2025-02-15,21044.657900847094,0.0,3215.991752645985,24260.649653493077,728.4023725520824,0.0
ra,none,2025-02-16,56226.797413904074,0.0,896.8268388563876,57123.62425276046,246.04025163194473,0.0
ra,none,2025-02-17,55311.941370935034,0.0,825.0267433103718,56136.96811424541,195.48148338541637,0.0
ra,none,2025-02-18,49448.385882249204,0.0,3652.5193368075247,53100.90521905673,1099.1368600347218,0.0
ra,none,2025-02-19,49824.51545479277,0.0,2602.135308616679,52426.650763409445,784.612471961802,0.0
ra,none,2025-02-20,51322.452962065116,0.0,1656.5134807326685,52978.966442797784,377.5370090625005,0.0
ra,none,2025-02-21,18746.51748237588,0.0,2170.520724965537,20917.038207341415,581.7164293923611,0.0
ra,none,2025-02-22,19376.02662607708,0.0,2069.6711005123207,21445.697726589402,498.8107970312544,0.0
ra,none,2025-02-23,50714.67850300745,0.0,3375.0976659769185,54089.776168984376,785.225365815974,0.0
ra,none,2025-02-24,48872.92963866057,0.0,3054.2457428140406,51927.17538147461,953.0959374131936,0.0
ra,none,2025-02-25,50286.719454247046,0.0,1031.5158123940964,51318.235266641146,288.76505482638856,0.0
ra,none,2025-02-26,45621.18783910876,0.0,5251.782503470342,50872.9703425791,1416.5233606423585,0.0
ra,none,2025-02-27,46458.005479387604,0.0,2277.6458313188164,48735.651310706424,496.12480284722113,0.0
ra,none,2025-02-28,18126.6548022966,0.0,2480.925399254848,20607.58020155145,626.2006248263881,0.0
ra,none,2025-03-01,20569.518945409152,0.0,882.9181092828138,21452.437054691967,200.1071233854169,0.0
ra,none,2025-03-02,52413.07648195604,0.0,1066.2281129006487,53479.304594856694,262.8497578298603,0.0
ra,none,2025-03-03,53792.238905705475,0.0,2603.9148669427846,56396.15377264826,619.0899893749995,0.0
ra,none,2025-03-04,47936.83014368905,0.0,3594.312888971674,51531.14303266072,1008.2712472048606,0.0
ra,none,2025-03-05,50451.454776691404,0.0,375.4397790149068,50826.89455570631,78.14277532986164,0.0
ra,none,2025-03-06,47033.81149934029,0.0,1268.7105752117352,48302.52207455203,339.9836690972222,0.0
ra,none,2025-03-07,19061.66883066464,0.0,186.70550242291685,19248.374333087555,79.03072411458322,0.0
ra,none,2025-03-08,17221.552481867046,0.0,952.9144152144796,18174.466897081526,268.0485476562501,0.0
ra,none,2025-03-09,47866.833649556036,0.0,2130.4184475663346,49997.25209712237,452.67404394097395,0.0
ra,none,2025-03-10,45678.52941338057,0.0,5924.798109496809,51603.327522877385,1337.9821231250016,0.0
ra,none,2025-03-11,40918.04667660794,0.0,14933.49109479153,55851.53777139947,4134.407388663194,0.0
ra,none,2025-03-12,47171.54767610252,0.0,691.9224441184998,47863.47012022102,249.96959381944464,0.0
ra,none,2025-03-13,46681.29729424257,0.0,3973.0272156550564,50654.324509897626,859.4951748784731,0.0
ra,none,2025-03-14,16570.46284083221,0.0,1951.346022008007,18521.80886284022,519.9297570486061,0.0
ra,none,2025-03-15,16433.733451936532,0.0,1751.9758213374985,18185.70927327403,429.03226465277754,0.0
ra,none,2025-03-16,45282.230761416155,0.0,2812.511595751039,48094.7423571672,685.8755869097237,0.0
ra,none,2025-03-17,41635.06330506165,0.0,3290.0989034015697,44925.162208463225,747.4918017187474,0.0
ra,none,2025-03-18,47992.68660874878,0.0,486.1802114304727,48478.86682017925,171.49874416666745,0.0
ra,none,2025-03-19,39568.065098317784,0.0,7984.789881704729,47552.854980022516,2065.4130389930556,0.0
ra,none,2025-03-20,45155.74661224417,0.0,6602.051449415043,51757.79806165921,1586.6435011458343,0.0
ra,none,2025-03-21,16184.703445592144,0.0,1148.6229479551664,17333.32639354731,376.9475832812502,0.0
ra,none,2025-03-22,17139.269525937274,0.0,267.9805123937498,17407.250038331025,117.19328374999992,0.0
ra,none,2025-03-23,45825.33810843277,0.0,823.5216989148529,46648.859807347624,233.84134315972238,0.0
ra,none,2025-03-24,42768.195358812256,0.0,787.9692904653508,43556.164649277605,295.4675951388897,0.0
ra,none,2025-03-25,47462.09187885585,0.0,1312.1959730988892,48774.28785195474,428.19893623263863,0.0
ra,none,2025-03-26,40746.86408758645,0.0,2305.0489690326294,43051.91305661908,563.6906451388907,0.0
ra,none,2025-03-27,43557.860870021206,0.0,621.2290202905884,44179.08989031179,249.55099954861075,0.0
ra,none,2025-03-28,16113.917769771311,0.0,2846.503502828259,18960.42127259957,653.4596251388894,0.0
ra,none,2025-03-29,15177.26702214103,0.0,2369.3618965875467,17546.628918728577,558.2621904340283,0.0
ra,none,2025-03-30,42214.33453146451,0.0,1782.0589718895944,43996.393503354106,499.3325479340284,0.0
ra,none,2025-03-31,36944.41594891604,0.0,9116.911254856706,46061.327203772744,2454.514818350692,0.0
ra,none,2025-04-01,44960.14421034779,0.0,1838.0779782545524,46798.22218860234,544.3712407465289,0.0
ra,none,2025-04-02,42671.10594895561,0.0,2264.502105963815,44935.60805491942,540.5872463020828,0.0
ra,none,2025-04-03,44286.63372482473,0.0,767.7054688791162,45054.33919370385,248.95423711805591,0.0
ra,none,2025-04-04,14930.44591403391,0.0,1087.6035416976574,16018.049455731567,251.7813781597226,0.0
ra,none,2025-04-05,14834.082709539314,0.0,9336.593225766761,24170.675935306077,2174.526295833333,0.0
ra,none,2025-04-06,40983.0183446371,0.0,961.1567011385343,41944.175045775635,225.76604168402804,0.0
ra,none,2025-04-07,35904.27264513087,0.0,7251.506876105309,43155.77952123618,1792.216093524304,0.0
ra,none,2025-04-08,42398.41218592152,0.0,1243.5783089924214,43641.990494913945,218.22546020833317,0.0
ra,none,2025-04-09,40797.98064493376,0.0,5401.749165257781,46199.729810191544,1489.443594131946,0.0
ra,none,2025-04-10,40371.72821904984,0.0,956.7872133869002,41328.51543243674,217.29191746527738,0.0
ra,none,2025-04-11,13983.004064090157,0.0,4045.4596168509634,18028.46368094112,975.5243574826394,0.0
ra,none,2025-04-12,15621.985001925925,0.0,195.76294427164882,15817.747946197573,65.00500357638873,0.0
ra,none,2025-04-13,37805.917919597065,0.0,2093.336138488922,39899.254058085986,509.7371076215277,0.0
ra,none,2025-04-14,40375.276384159755,0.0,1544.547825185665,41919.82420934542,356.3880519444439,0.0
ra,none,2025-04-15,34879.79136316691,0.0,4402.720400038013,39282.51176320492,1042.0271742534726,0.0
ra,none,2025-04-16,38516.07293426462,0.0,1398.2737163640209,39914.34665062864,346.0013836458337,0.0
ra,none,2025-04-17,35717.511151048835,0.0,6409.873187685754,42127.38433873459,1844.743619027781,0.0
ra,none,2025-04-18,14305.505924315776,0.0,4462.141784527644,18767.64770884342,1107.4675973263902,0.0
ra,none,2025-04-19,13600.501805955962,0.0,2919.7566130704713,16520.258419026435,736.4560415625006,0.0
ra,none,2025-04-20,35934.1849114784,0.0,4907.7905187101605,40841.975430188555,1276.2416648611115,0.0
ra,none,2025-04-21,38382.87903062149,0.0,1799.8882218763003,40182.76725249779,490.2499948090275,0.0
ra,none,2025-04-22,33937.35115481391,0.0,11000.763862701235,44938.11501751514,3163.1061479340287,0.0
ra,none,2025-04-23,33243.99457501482,0.0,8020.240739404602,41264.23531441942,2214.061852170138,0.0
ra,none,2025-04-24,34458.051635052834,0.0,1121.0640044941388,35579.11563954697,297.78630064236086,0.0
ra,none,2025-04-25,13926.823707788462,0.0,815.9477565628108,14742.771464351274,229.56940519097205,0.0
ra,none,2025-04-26,13801.946841202238,0.0,1475.0677652522666,15277.014606454504,360.3971396701392,0.0
ra,none,2025-04-27,34025.24395524783,0.0,6987.529643150243,41012.773598398075,1402.699961631944,0.0
ra,none,2025-04-28,41201.27214491156,0.0,1832.249661088006,43033.52180599957,434.3949660763893,0.0
ra,none,2025-04-29,35162.40064610867,0.0,3110.2315785172605,38272.63222462593,640.3118163541656,0.0
ra,none,2025-04-30,33793.970772740264,0.0,6802.35177886122,40596.322551601486,1729.795312031251,0.0
ra,none,2025-05-01,35545.17006048975,0.0,11202.01816424875,46747.1882247385,2360.743470694445,0.0
ra,none,2025-05-02,15272.298682004022,0.0,6047.093546420228,21319.39222842425,1331.4920471180558,0.0
ra,none,2025-05-03,14353.45928523194,0.0,7079.325376826155,21432.784662058097,1358.9619017881946,0.0
ra,none,2025-05-04,37363.69484466032,0.0,7307.915389021984,44671.6102336823,1553.661270538196,0.0
ra,none,2025-05-05,39150.807200516734,0.0,5264.987109080811,44415.79430959754,1233.8959786805542,0.0
ra,none,2025-05-06,33673.77876075367,0.0,16070.92239479768,49744.701155551345,3554.77774574653,0.0
ra,none,2025-05-07,36481.54034539132,0.0,8104.2337776119575,44585.77412300328,1867.665918368054,0.0
ra,none,2025-05-08,41658.97084021023,0.0,2092.911258699013,43751.88209890925,450.76074644097304,0.0
ra,none,2025-05-09,16686.44786225936,0.0,874.0166099956255,17560.464472254986,250.51179786458354,0.0
ra,none,2025-05-10,16472.595116010747,0.0,1685.844978600701,18158.440094611447,402.30110592013824,0.0
ra,none,2025-05-11,40611.61169952751,0.0,1803.9435567885334,42415.55525631604,406.16238973958303,0.0
ra,none,2025-05-12,36452.405971902524,0.0,3639.2766079210223,40091.682579823544,970.1168626041652,0.0
ra,none,2025-05-13,41961.95809973611,0.0,608.5566809122316,42570.514780648344,137.84491246527801,0.0
ra,none,2025-05-14,41645.09550668002,0.0,2185.215437772842,43830.31094445287,550.2802528993059,0.0
ra,none,2025-05-15,41210.47893106092,0.0,2151.4615161210277,43361.94044718194,583.1936185763896,0.0
ra,none,2025-05-16,16971.298613370334,0.0,872.572552809394,17843.871166179728,301.58953159722256,0.0
ra,none,2025-05-17,16970.088615996177,0.0,472.13955761129165,17442.22817360747,188.50413388888828,0.0
ra,none,2025-05-18,42850.427439842955,0.0,173.11711107536408,43023.54455091832,78.95759362847207,0.0
ra,none,2025-05-19,38544.663184605044,0.0,1015.5872044832967,39560.25038908834,192.5583249826384,0.0
ra,none,2025-05-20,38473.80151185996,0.0,6114.7632109553,44588.56472281526,1531.6491228993068,0.0
ra,none,2025-05-21,36715.35133126568,0.0,4486.394294275481,41201.74562554116,1117.5521951215292,0.0
ra,none,2025-05-22,38067.92566876672,0.0,3162.22550386858,41230.151172635306,1122.8993018055555,0.0
ra,none,2025-05-23,16316.454738489494,0.0,528.9236871119613,16845.378425601455,169.69347090277762,0.0
ra,none,2025-05-24,17257.567871059575,0.0,1618.2058337616577,18875.773704821233,355.09712307291846,0.0
ra,none,2025-05-25,38651.627264348775,0.0,406.6415722615787,39058.268836610354,90.95754411458314,0.0
ra,none,2025-05-26,37849.44305659678,0.0,7355.414898003192,45204.85795459997,2086.103665642363,0.0
ra,none,2025-05-27,36459.448361273055,0.0,4301.824590458168,40761.272951731225,958.4943533680554,0.0
ra,none,2025-05-28,40338.372336261484,0.0,295.39165090572146,40633.76398716721,107.47822965277783,0.0
ra,none,2025-05-29,39653.74868712945,0.0,2549.9543138901945,42203.70300101965,636.7013824826396,0.0
ra,none,2025-05-30,17042.4470761763,0.0,467.84536174976506,17510.292437926066,141.95871560763874,0.0
ra,none,2025-05-31,18490.066854064244,0.0,443.7195682214158,18933.78642228566,177.78511175347222,0.0
ra,none,2025-06-01,49890.38644923142,0.0,9841.039516060502,59731.42596529192,2823.763693593752,0.0
ra,none,2025-06-02,50887.796837342954,0.0,10068.119302040377,60955.916139383335,2897.9613892361126,0.0
ra,none,2025-06-03,46782.42409098567,0.0,12577.64573473898,59360.06982572465,3263.554474965281,0.0
ra,none,2025-06-04,53847.69158970906,0.0,8813.966199088296,62661.657788797354,2649.5847893402793,0.0
ra,none,2025-06-05,45861.5635744071,0.0,16011.252141151637,61872.81571555873,4092.9125171006945,0.0
ra,none,2025-06-06,20396.356073955645,0.0,8444.330917741423,28840.686991697068,2151.448666388887,0.0
ra,none,2025-06-07,22340.788466858223,0.0,7222.410811036922,29563.199277895146,1757.7911966666657,0.0
ra,none,2025-06-08,50525.145127185664,0.0,3087.641418811577,53612.78654599724,758.2586389409737,0.0
ra,none,2025-06-09,57273.45854873158,0.0,486.2206166237929,57759.679165355374,187.69720555555529,0.0
ra,none,2025-06-10,52627.73983992172,0.0,1238.0599027201529,53865.79974264187,315.96649527777925,0.0
ra,none,2025-06-11,57457.14979452057,0.0,3501.706259130762,60958.85605365133,852.3641425173605,0.0
ra,none,2025-06-12,55720.908829429594,0.0,849.4552223536261,56570.36405178322,181.32140539930504,0.0
ra,none,2025-06-13,24322.188732456718,0.0,790.0662416710985,25112.254974127816,187.28853473958446,0.0
ra,none,2025-06-14,24964.482405784263,0.0,354.0257904077231,25318.508196191986,91.13724732464401,0.0
ra,none,2025-06-15,51663.526967421545,0.0,8898.596945792679,60562.12391321422,2394.876448298617,0.0
ra,none,2025-06-16,54333.01122143434,0.0,2940.1556724388965,57273.16689387323,706.1483188888898,0.0
ra,none,2025-06-17,55127.46933424466,0.0,3135.9904269909157,58263.45976123558,641.930176840277,0.0
ra,none,2025-06-18,55674.36405787967,0.0,1023.3435817516648,56697.707639631335,257.64713357638846,0.0
ra,none,2025-06-19,52290.14376845619,0.0,1979.6087416727732,54269.752510128965,535.7192314930546,0.0
ra,none,2025-06-20,24117.1574011792,0.0,3.9881556128473514,24121.145556792046,0.8514422743055832,0.0
ra,none,2025-06-21,23665.2780476794,0.0,159.49542545383616,23824.773473133235,46.953362951388726,0.0
ra,none,2025-06-22,50221.93799845673,0.0,3041.7267101513735,53263.6647086081,703.6347204687522,0.0
ra,none,2025-06-23,52326.158382479785,0.0,1379.6140698243141,53705.772452304096,400.30236467013935,0.0
ra,none,2025-06-24,59784.1932820332,0.0,723.0652102104602,60507.25849224366,167.15657362847244,0.0
ra,none,2025-06-25,52109.320474530905,0.0,4822.044766864081,56931.36524139499,1018.9395462847228,0.0
ra,none,2025-06-26,51271.35665889912,0.0,4714.04451107485,55985.40116997397,1388.6144186458337,0.0
ra,none,2025-06-27,24368.06829852779,0.0,1037.5307307799073,25405.599029307697,421.4519361284736,0.0
ra,none,2025-06-28,23385.417783810182,0.0,404.33099853915985,23789.748782349343,122.05139619791689,0.0
ra,none,2025-06-29,49434.17602214997,0.0,9543.337176549287,58977.51319869926,2462.4082920833325,0.0
ra,none,2025-06-30,54162.83483156204,0.0,1830.9611310401576,55993.7959626022,464.2630764062502,0.0
ra,none,2025-07-01,47159.82742081048,0.0,29088.39354685661,76248.22096766709,8305.681823350697,0.0
ra,none,2025-07-02,45080.7796437513,0.0,20822.627764571655,65903.40740832296,6053.795412065966,0.0
ra,none,2025-07-03,50834.6591359692,0.0,17925.663850053676,68760.32298602287,5093.259950694444,0.0
ra,none,2025-07-04,20936.689286020963,0.0,27101.319594828783,48038.008880849746,6992.621052222224,0.0
ra,none,2025-07-05,21813.542237655714,0.0,21193.392172980173,43006.93441063589,5526.238295920139,0.0
ra,none,2025-07-06,48907.04237404137,0.0,32160.043230431562,81067.08560447293,7725.435199097221,0.0
ra,none,2025-07-07,49793.50376861413,0.0,11700.146487388747,61493.650256002875,3119.9941726388897,0.0
ra,none,2025-07-08,62008.714674144445,0.0,200.0521020245841,62208.76677616903,55.34209291666673,0.0
ra,none,2025-07-09,61570.93886122218,0.0,251.52716629946178,61822.466027521645,50.129962309027746,0.0
ra,none,2025-07-10,57525.43657549973,0.0,1415.150252806118,58940.586828305844,312.78694854166645,0.0
ra,none,2025-07-11,31369.246116776267,0.0,69.01231973666654,31438.258436512933,31.80240291666661,0.0
ra,none,2025-07-12,29774.619514659247,0.0,1264.5914894612206,31039.21100412047,431.7966277951377,0.0
ra,none,2025-07-13,62067.95619797085,0.0,134.68090562044404,62202.637103591296,20.03434817708353,0.0
ra,none,2025-07-14,57788.759547806054,0.0,1042.6558782845066,58831.41542609056,205.66435508680593,0.0
ra,none,2025-07-15,60744.07819701846,0.0,0.0,60744.07819701846,0.0,0.0
ra,none,2025-07-16,58939.62437235261,0.0,836.758794305436,59776.38316665805,258.6368220659731,0.0
ra,none,2025-07-17,57269.31341783434,0.0,900.4588639241113,58169.77228175845,204.95652932291588,0.0
ra,none,2025-07-18,32837.845300007466,0.0,1019.4499567365538,33857.29525674402,191.96839439236282,0.0
ra,none,2025-07-19,32855.520933101434,0.0,426.4025467903714,33281.923479891804,84.71765196180513,0.0
ra,none,2025-07-20,60654.02523138945,0.0,62.35182175289887,60716.37705314235,14.267206076388788,0.0
ra,none,2025-07-21,62190.61754846688,0.0,219.01385163937337,62409.63140010625,50.00887124999963,0.0
ra,none,2025-07-22,59460.94216198247,0.0,706.7843241724472,60167.72648615492,145.7583386631943,0.0
ra,none,2025-07-23,67006.63677794058,0.0,0.0,67006.63677794058,0.0,0.0
ra,none,2025-07-24,66203.22335648011,0.0,0.0,66203.22335648011,0.0,0.0
ra,none,2025-07-25,30388.022254560623,0.0,920.7704000362979,31308.79265459692,220.12927963541586,0.0
ra,none,2025-07-26,31022.051816241863,0.0,28.21752141381968,31050.26933765568,6.5281556597223585,0.0
ra,none,2025-07-27,60051.42516813529,0.0,1067.5669130913914,61118.99208122668,302.8562968923597,0.0
ra,none,2025-07-28,61759.2914290925,0.0,732.8145570952626,62492.10598618776,147.52443734375046,0.0
ra,none,2025-07-29,60598.55385663865,0.0,783.9116434528461,61382.4655000915,168.82655031249993,0.0
ra,none,2025-07-30,55423.85397043812,0.0,4726.685327592346,60150.53929803046,1270.1499446180567,0.0
ra,none,2025-07-31,57212.8763668218,0.0,1514.168811363602,58727.045178185406,353.6488596006965,0.0
ra,none,2025-08-01,28886.31427629154,0.0,62.27755311403701,28948.591829405577,28.940572135416915,0.0
ra,none,2025-08-02,29423.03941787633,0.0,10.93141081757823,29433.97082869391,1.7564731770833504,0.0
ra,none,2025-08-03,47834.324564487295,0.0,980.134241272759,48814.458805760056,279.2455231249996,0.0
ra,none,2025-08-04,50960.191117742914,0.0,1151.1769787068672,52111.36809644978,287.8980990277779,0.0
ra,none,2025-08-05,49305.70657444157,0.0,3759.8691419953648,53065.57571643693,1013.9232890625011,0.0
ra,none,2025-08-06,54981.85958750613,0.0,2473.3979425912294,57455.257530097355,549.7439232465292,0.0
ra,none,2025-08-07,54096.50926970655,0.0,586.4074750718021,54682.91674477835,227.4988387326381,0.0
ra,none,2025-08-08,25934.899605609826,0.0,319.5484777583705,26254.448083368196,101.62821685763947,0.0
ra,none,2025-08-09,25750.01399627495,0.0,818.8115321069324,26568.82552838188,238.30708501736268,0.0
ra,none,2025-08-10,50984.70546503182,0.0,2228.062091046109,53212.767556077924,497.43495633680686,0.0
ra,none,2025-08-11,48780.40626118782,0.0,2430.0165940786314,51210.42285526645,597.6720032986123,0.0
ra,none,2025-08-12,52030.0577469179,0.0,1584.871977510763,53614.92972442866,388.3318457465277,0.0
ra,none,2025-08-13,47255.289577902775,0.0,5401.33321029653,52656.6227881993,1202.580412621528,0.0
ra,none,2025-08-14,49231.46052689442,0.0,3568.542149118441,52800.00267601286,819.1773404513906,0.0
ra,none,2025-08-15,26375.946544146173,0.0,977.4709718553903,27353.417516001562,307.900458767361,0.0
ra,none,2025-08-16,27838.68637959911,0.0,1655.8830410281257,29494.569420627235,370.92309713541664,0.0
ra,none,2025-08-17,50203.31050494702,0.0,1654.018075994327,51857.32858094134,342.997110989584,0.0
ra,none,2025-08-18,49574.383997653546,0.0,1608.9489198259446,51183.33291747949,417.727249027777,0.0
ra,none,2025-08-19,48852.82288120389,0.0,1508.2601920856523,50361.08307328954,412.03417958333324,0.0
ra,none,2025-08-20,53416.74180220327,0.0,3908.09600702029,57324.837809223565,852.8709985590269,0.0
ra,none,2025-08-21,51010.364563325194,0.0,1129.7037298328112,52140.06829315801,296.000905711805,0.0
ra,none,2025-08-22,26166.923830631433,0.0,1851.7125600353245,28018.636390666758,511.104290885417,0.0
ra,none,2025-08-23,24765.08341431415,0.0,2556.9736782344967,27322.057092548646,663.7397953743102,0.0
ra,none,2025-08-24,49085.89061222761,0.0,2009.9157345822796,51095.80634680989,535.4439516666657,0.0
ra,none,2025-08-25,62837.43111237693,0.0,470.8102817844878,63308.241394161414,133.73196347222233,0.0
ra,none,2025-08-26,49283.154065943774,0.0,3454.8762390351667,52738.03030497894,917.6027460590261,0.0
ra,none,2025-08-27,49668.053920665654,0.0,8587.887293002252,58255.9412136679,2066.5222623090262,0.0
ra,none,2025-08-28,47951.24866730184,0.0,12652.433922262353,60603.682589564196,2994.7687460763877,0.0
ra,none,2025-08-29,27572.42904721621,0.0,1005.9927133574395,28578.42176057365,214.08041651041714,0.0
ra,none,2025-08-30,26645.04868445031,0.0,550.6281942663669,27195.676878716677,181.81488673611003,0.0
ra,none,2025-08-31,48869.44432726022,0.0,7111.700860541834,55981.14518780206,1645.2367202430562,0.0
ra,none,2025-09-01,54000.96142267145,0.0,0.0,54000.96142267145,0.0,0.0
ra,none,2025-09-02,47740.26552222854,0.0,112.59078205843728,47852.85630428698,39.45016890624993,0.0
ra,none,2025-09-03,50471.49412823614,0.0,93.48482964480803,50564.97895788095,21.53202809027755,0.0
ra,none,2025-09-04,50335.64300895706,0.0,439.67569000360993,50775.31869896067,82.92290267361095,0.0
ra,none,2025-09-05,25816.808631267006,0.0,397.9275876715784,26214.736218938586,171.7870954687495,0.0
ra,none,2025-09-06,25923.06686563504,0.0,127.21942259791558,26050.286288232954,31.958594114583093,0.0
ra,none,2025-09-07,47484.008995595446,0.0,1677.6093431468216,49161.618338742264,308.626582048611,0.0
ra,none,2025-09-08,44854.86284239436,0.0,2719.3894398473753,47574.25228224174,646.1804887152794,0.0
ra,none,2025-09-09,39266.34622939747,0.0,6308.473158752694,45574.819388150165,1623.586217083334,0.0
ra,none,2025-09-10,46287.83846310087,0.0,898.4392584783407,47186.27772157921,247.89041168402775,0.0
ra,none,2025-09-11,45783.786381792845,0.0,3464.79452015655,49248.5809019494,684.7142661805547,0.0
ra,none,2025-09-12,20245.765089793593,0.0,2579.944854590445,22825.709944384038,675.2206802777786,0.0
ra,none,2025-09-13,20146.498772296312,0.0,535.6204060782392,20682.119178374553,137.56442932291696,0.0
ra,none,2025-09-14,49050.66387297839,0.0,625.6786265481086,49676.342499526494,206.90394024305587,0.0
ra,none,2025-09-15,39846.07266078038,0.0,2937.109420645818,42783.182081426196,753.1632120659729,0.0
ra,none,2025-09-16,47860.196699378066,0.0,1488.8277694676258,49349.024468845695,396.83536078125053,0.0
ra,none,2025-09-17,46007.31424308068,0.0,1531.7870003107555,47539.10124339143,584.5934153472242,0.0
ra,none,2025-09-18,40677.78505056866,0.0,8485.919395575473,49163.70444614413,2218.3716519097234,0.0
ra,none,2025-09-19,19931.293336724135,0.0,665.3575762585701,20596.650912982706,257.5283077256951,0.0
ra,none,2025-09-20,19886.960297891535,0.0,2356.003027075274,22242.96332496681,586.7986101041658,0.0
ra,none,2025-09-21,45270.53418051009,0.0,959.3494680651311,46229.883648575225,230.29273581597252,0.0
ra,none,2025-09-22,47574.263135209505,0.0,1782.3447481993967,49356.6078834089,518.1213213020823,0.0
ra,none,2025-09-23,46922.77768074373,0.0,1292.7257979028204,48215.503478646555,316.3577737847222,0.0
ra,none,2025-09-24,40275.529200628334,0.0,13983.774024551576,54259.30322517991,4480.624287239587,0.0
ra,none,2025-09-25,44381.56078414051,0.0,4723.120355802645,49104.68113994315,1201.9330051041666,0.0
ra,none,2025-09-26,19979.416191918703,0.0,922.7595670010925,20902.175758919795,252.43549958333298,0.0
ra,none,2025-09-27,19019.289775279598,0.0,13218.471113926593,32237.76088920619,3276.260284340277,0.0
ra,none,2025-09-28,44656.29491871139,0.0,3905.3664850864766,48561.661403797865,1117.2345046875007,0.0
ra,none,2025-09-29,46837.04647851255,0.0,3510.103222295187,50347.14970080774,799.4286961284736,0.0
ra,none,2025-09-30,46608.55236701264,0.0,8360.165226410085,54968.71759342273,2408.0698692013875,0.0
ra,none,2025-10-01,43286.93001912214,0.0,226.14322683315083,43513.07324595529,95.91541206597219,0.0
ra,none,2025-10-02,48313.12807339796,0.0,464.5518498769094,48777.67992327487,185.94396423611067,0.0
ra,none,2025-10-03,17741.647864789596,0.0,676.0832562567621,18417.73112104636,207.3795946354169,0.0
ra,none,2025-10-04,19818.684271329126,0.0,691.1651242688994,20509.849395598027,180.5025588888893,0.0
ra,none,2025-10-05,47167.140128611754,0.0,586.8310663741856,47753.97119498594,214.91552210069472,0.0
ra,none,2025-10-06,40961.663391205795,0.0,8079.673176433821,49041.33656763961,2267.6485701041665,0.0
ra,none,2025-10-07,43429.16910815618,0.0,2024.7294009919797,45453.89850914816,536.6561492881945,0.0
ra,none,2025-10-08,39481.42978431711,0.0,2475.533004769655,41956.96278908676,533.7538373437501,0.0
ra,none,2025-10-09,46282.42699360684,0.0,980.0912405139859,47262.51823412082,207.69530684027825,0.0
ra,none,2025-10-10,17146.621018992602,0.0,1705.0509599022557,18851.671978894858,493.6128125868049,0.0
ra,none,2025-10-11,17447.024851514234,0.0,647.5486471751881,18094.57349868942,137.431649583333,0.0
ra,none,2025-10-12,41700.926638456986,0.0,3803.1320596735477,45504.05869813053,886.1719401562506,0.0
ra,none,2025-10-13,43557.66030463703,0.0,1089.039758621545,44646.70006325858,247.87739043402757,0.0
ra,none,2025-10-14,45258.349846800644,0.0,2027.32091407426,47285.670760874906,523.4274566319443,0.0
ra,none,2025-10-15,47168.3356433076,0.0,558.8108669069869,47727.14651021458,182.15206690972235,0.0
ra,none,2025-10-16,44924.868996913385,0.0,1198.6726906293325,46123.54168754272,328.0314385590278,0.0
ra,none,2025-10-17,16392.232040618233,0.0,15800.217861469613,32192.449902087847,3626.7818162500002,0.0
ra,none,2025-10-18,18637.84343717629,0.0,963.9554434789331,19601.79888065522,330.44941645833364,0.0
ra,none,2025-10-19,46195.59294729711,0.0,998.22379482933,47193.816742126444,279.19948512152774,0.0
ra,none,2025-10-20,49333.9406609843,0.0,561.5683475812968,49895.5090085656,176.43142616319548,0.0
ra,none,2025-10-21,48156.33227375324,0.0,1020.683279305334,49177.015553058576,274.0286559548603,0.0
ra,none,2025-10-22,45952.275332312754,0.0,2152.9856823973423,48105.26101471009,596.3216269618051,0.0
ra,none,2025-10-23,52787.80270095878,0.0,1963.0556148181474,54750.85831577693,472.29468498264,0.0
ra,none,2025-10-24,17682.43794148373,0.0,8999.648919282556,26682.086860766285,1970.3670602256934,0.0
ra,none,2025-10-25,17787.62192481752,0.0,1964.9500992879202,19752.572024105437,466.18821217013976,0.0
ra,none,2025-10-26,48883.63708407787,0.0,855.7903359227748,49739.42742000065,221.13381782986414,0.0
ra,none,2025-10-27,44577.986254186646,0.0,4321.924219484462,48899.91047367111,1096.5516500000003,0.0
ra,none,2025-10-28,44602.65726573684,0.0,11109.968610381915,55712.62587611875,2854.763306979165,0.0
ra,none,2025-10-29,49659.17120174294,0.0,1650.86168278008,51310.03288452302,392.5940310069451,0.0
ra,none,2025-10-30,43929.114960541425,0.0,7167.138721476136,51096.25368201756,1928.1812752777769,0.0
ra,none,2025-10-31,19873.900016341035,0.0,994.8152683170297,20868.715284658065,239.8358045486109,0.0
ra,none,2025-11-01,18947.41904198635,0.0,1111.5577331805425,20058.976775166895,385.8060080555569,0.0
ra,none,2025-11-02,48705.90647574097,0.0,3008.820237597454,51714.72671333842,768.3776586631916,0.0
ra,none,2025-11-03,51934.83629063762,0.0,818.6477815334728,52753.48407217109,257.6496544270831,0.0
ra,none,2025-11-04,47792.224660653075,0.0,1660.8028318342076,49453.02749248728,377.0478841666662,0.0
ra,none,2025-11-05,53568.346591728754,0.0,1012.1556737925924,54580.50226552135,329.93092513888814,0.0
ra,none,2025-11-06,49533.75755235004,0.0,3006.787448818831,52540.54500116887,678.6979738020821,0.0
ra,none,2025-11-07,18883.734414306175,0.0,1313.6067316074798,20197.341145913655,332.80647722222335,0.0
ra,none,2025-11-08,19218.95327406245,0.0,766.4067538834474,19985.360027945895,184.68564199652812,0.0
ra,none,2025-11-09,51838.7437647709,0.0,452.3704433726286,52291.11420814353,139.63001406249947,0.0
ra,none,2025-11-10,52285.115745428935,0.0,2958.25477843743,55243.37052386637,683.6667220486133,0.0
ra,none,2025-11-11,54070.59790874097,0.0,631.4749474765531,54702.07285621753,186.03846991319432,0.0
ra,none,2025-11-12,51433.0918494457,0.0,1403.5923514186015,52836.6842008643,270.78074307291655,0.0
ra,none,2025-11-13,50136.1887397886,0.0,9207.420320986525,59343.609060775125,2331.996520746527,0.0
ra,none,2025-11-14,20202.04648333701,0.0,776.569691388793,20978.6161747258,197.7083736979164,0.0
ra,none,2025-11-15,21911.1615585861,0.0,1000.5762210755997,22911.7377796617,255.9745354166669,0.0
ra,none,2025-11-16,51740.62926686938,0.0,3151.806276778406,54892.435543647785,743.7867583680542,0.0
ra,none,2025-11-17,50243.00840643015,0.0,4504.389474636897,54747.397881067045,1216.4728687499965,0.0
ra,none,2025-11-18,52764.27332199957,0.0,2906.456575478017,55670.72989747759,772.1436940798594,0.0
ra,none,2025-11-19,51953.807651995885,0.0,4530.7730459202,56484.580697916084,1057.1568624305542,0.0
ra,none,2025-11-20,52015.182606427334,0.0,2493.6210267078186,54508.803633135154,655.1669604513883,0.0
ra,none,2025-11-21,20395.638456536428,0.0,1435.103477077077,21830.741933613506,470.4667028645838,0.0
ra,none,2025-11-22,23054.73241211516,0.0,537.8951763110567,23592.627588426218,158.81041890624948,0.0
ra,none,2025-11-23,52908.83207801742,0.0,3592.5955155998827,56501.4275936173,793.0418827430564,0.0
ra,none,2025-11-24,51697.87043683011,0.0,2341.8009516525276,54039.67138848264,584.0370212673604,0.0
ra,none,2025-11-25,60132.27668345142,0.0,538.5467333858091,60670.82341683723,193.45185026041725,0.0
ra,none,2025-11-26,56257.033994577774,0.0,1127.9676691785035,57385.00166375628,261.1287202083344,0.0
ra,none,2025-11-27,54582.120378494474,0.0,621.9099513183002,55204.03032981278,146.27542571180604,0.0
ra,none,2025-11-28,21066.45338784286,0.0,2033.6807732270267,23100.134161069887,511.15280729166744,0.0
ra,none,2025-11-29,26474.586924431867,0.0,414.7089315453653,26889.295855977234,170.29130027777785,0.0
ra,none,2025-11-30,56244.8311259499,0.0,4019.2787441650307,60264.10987011493,906.5656834548626,0.0
ra,none,2025-12-01,59543.11079136886,0.0,8465.14071827035,68008.25150963922,2723.5174713020815,0.0
ra,none,2025-12-02,61185.21643130644,0.0,11378.610506264427,72563.82693757088,3047.951094045139,0.0
ra,none,2025-12-03,54696.28960490528,0.0,22324.66436664702,77020.9539715523,6702.025284652778,0.0
ra,none,2025-12-04,60553.20494036716,0.0,14356.662590800743,74909.86753116791,3847.4471209548624,0.0
ra,none,2025-12-05,24656.713469480284,0.0,5335.156747241225,29991.87021672151,1670.4941601909727,0.0
ra,none,2025-12-06,26263.530043369756,0.0,5145.987246991713,31409.51729036147,1610.1953893576388,0.0
ra,none,2025-12-07,63401.1002653476,0.0,3859.8816011087974,67260.9818664564,1108.6135689756945,0.0
ra,none,2025-12-08,67348.98028360846,0.0,670.684499218281,68019.66478282673,122.8023072222223,0.0
ra,none,2025-12-09,66864.87178284334,0.0,778.2609816687848,67643.13276451213,165.24278574652774,0.0
ra,none,2025-12-10,63551.66740420915,0.0,2555.312098726418,66106.97950293556,738.3675138888897,0.0
ra,none,2025-12-11,66503.33839404317,0.0,438.5046636692209,66941.8430577124,104.49751197916714,0.0
ra,none,2025-12-12,29095.6686302609,0.0,1052.206040291846,30147.87467055275,279.3870799131936,0.0
ra,none,2025-12-13,30214.59555900324,0.0,977.4107395488052,31192.006298552045,210.5369015972227,0.0
ra,none,2025-12-14,63064.264283729186,0.0,2817.591484832643,65881.85576856183,738.7338769618067,0.0
ra,none,2025-12-15,62914.311755732284,0.0,3254.775985209451,66169.08774094173,1016.6769110416665,0.0
ra,none,2025-12-16,67323.72108338059,0.0,206.3727498665035,67530.0938332471,88.94030375000068,0.0
ra,none,2025-12-17,66973.76688536166,0.0,696.0701492729169,67669.83703463458,116.13337208333337,0.0
ra,none,2025-12-18,63980.79689653631,0.0,354.19707860179255,64334.9939751381,116.10638576388959,0.0
ra,none,2025-12-19,28369.61757301056,0.0,1848.1840661868296,30217.80163919739,584.1981613020829,0.0
ra,none,2025-12-20,30071.75379897938,0.0,281.24838377643135,30353.00218275581,71.38781630208342,0.0
ra,none,2025-12-21,65895.55168988503,0.0,412.57639911819155,66308.12808900322,105.33655944444394,0.0
ra,none,2025-12-22,64866.535182391315,0.0,949.7799275718271,65816.31510996314,251.76024994791788,0.0
ra,none,2025-12-23,66407.48407340245,0.0,15.63408940351505,66423.11816280596,6.730992968749845,0.0
ra,none,2025-12-24,65841.45840089113,0.0,338.836327845362,66180.2947287365,66.82546859374952,0.0
ra,none,2025-12-25,62892.26477120617,0.0,1716.135121348394,64608.39989255457,562.4407689062508,0.0
ra,none,2025-12-26,28717.697077497094,0.0,675.2773789435163,29392.97445644061,163.9048739930559,0.0
ra,none,2025-12-27,29474.383544820957,0.0,357.9611520274499,29832.344696848406,88.91677125000022,0.0
ra,none,2025-12-28,65201.47615861759,0.0,756.5448410087358,65958.02099962633,182.55268144097295,0.0
ra,none,2025-12-29,64356.25479259639,0.0,195.28686446920028,64551.54165706559,55.028504027777316,0.0
ra,none,2025-12-30,64781.44997879147,0.0,41.265142815052045,64822.71512160652,10.511804374999883,0.0
ra,none,2025-12-31,65513.66162274315,0.0,835.9725681927991,66349.63419093595,234.63008475694505,0.0
ra,06,2025-02-01,25850.967857004267,-1253.6438470443861,1403.5938324754165,26000.917842435298,295.5502204166668,0.0
ra,06,2025-02-02,60213.50532586583,-1013.2926818759781,139.82432914895685,59340.036973138805,43.91011902777734,24.079225138888546
ra,06,2025-02-03,61496.36027273472,-1691.4703771279237,627.0150167652755,60431.90491237207,135.38631050347175,1.2539364548638332
ra,06,2025-02-04,63793.22461437263,-1338.3531596575895,329.62040575836863,62784.491860473405,129.51806562500016,122.24473900347476
ra,06,2025-02-05,59379.822297991814,651.7760924261615,404.581915338092,60436.18030575607,87.94603425347262,695.8070534708226
ra,06,2025-02-06,63961.32174397692,-1972.9848727627304,177.22788738100806,62165.564758595196,52.254229809028004,0.0
ra,06,2025-02-07,25854.31879522902,-637.4842779358027,316.1642399528821,25532.9987572461,56.44152765625,0.0005242024408003525
ra,06,2025-02-08,20240.998603249882,1012.9272605053782,1340.9628153683602,22594.88867912362,267.64066479166667,1042.9583203531938
ra,06,2025-02-09,58390.69523531402,-483.0132244604473,320.39390908489423,58228.07591993847,78.52501144097184,64.5624837566244
ra,06,2025-02-10,55942.695246622505,-2863.681660585299,6350.308433415705,59429.322019452906,1741.3910767708344,0.20629298611129343
ra,06,2025-02-11,56206.44042683104,-2026.0032817607664,1674.6661119838107,55855.103257054085,367.04575119791895,0.009340208333583178
ra,06,2025-02-12,56257.640603084874,-2232.4987167764602,1768.2482198936677,55793.39010620208,435.58874758680486,0.0
ra,06,2025-02-13,52134.116725632884,-1658.7244737603041,1844.672802295383,52320.065054167964,395.948356684028,0.0
ra,06,2025-02-14,20336.395483866574,669.4609123563666,1803.1293301778076,22808.985726400748,431.7137890277784,598.612420195148
ra,06,2025-02-15,21044.657900847094,-483.3563890026086,3648.0247132250224,24209.326225069508,936.8188602604187,0.0
ra,06,2025-02-16,56226.797413904074,-2714.647530792881,3263.2690850261333,56775.41896813733,825.6536707638863,0.0
ra,06,2025-02-17,55311.941370935034,-2649.99414992409,947.8118816946347,53609.75910270558,233.27444513888852,78.48207142117883
ra,06,2025-02-18,49448.385882249204,513.2442485778078,3338.8726325398943,53300.50276336691,781.3370006944442,695.8496135920218
ra,06,2025-02-19,49824.51545479277,-401.6225598723318,3502.1923877251756,52925.08528264561,1062.4556414409733,11.058471895139974
ra,06,2025-02-20,51322.452962065116,82.30113069423903,2098.437081957989,53503.19117471734,477.18052838541735,941.0646131667954
ra,06,2025-02-21,18746.51748237588,1.2712513623032038,1436.485195184598,20184.273928922783,378.81128862847197,33.24057480659661
ra,06,2025-02-22,19376.02662607708,304.1288109462419,1481.9984306240221,21162.153867647343,388.9074182291676,364.0205957937983
ra,06,2025-02-23,50714.67850300745,192.08903020754727,1535.9475368193876,52442.71507003439,423.660665989584,250.10171945087393
ra,06,2025-02-24,48872.92963866057,382.59672304196954,1624.0744412186652,50879.60080292121,353.8871095486115,671.9149783032137
ra,06,2025-02-25,50286.719454247046,-715.6301270361637,1475.9509020947692,51047.04022930565,388.5478493576377,503.01167277724204
ra,06,2025-02-26,45621.18783910876,1157.583737335469,2947.9281627212144,49726.69973916544,760.8724105729161,1266.4477453890713
ra,06,2025-02-27,46458.005479387604,369.2690216176833,2137.265742105723,48964.54024311101,524.6923808854133,622.7011822300279
ra,06,2025-02-28,18126.6548022966,99.62204108381263,1535.9253417975217,19762.20218517794,376.97011762152704,301.3794241840285
ra,06,2025-03-01,20569.518945409152,-335.1822194422133,2204.3464455751464,22438.683171542085,638.7069588020829,1.797996545140336
ra,06,2025-03-02,52413.07648195604,1172.2401821680178,1325.8673788575747,54911.18404298164,270.1117417187491,1106.79714148261
ra,06,2025-03-03,53792.238905705475,-894.6122523694123,2368.957188843597,55266.58384217966,615.1080148611125,961.810008211804
ra,06,2025-03-04,47936.83014368905,1443.0515970369397,2003.0659910481565,51382.94773177414,587.0728697743068,1378.3142759310576
ra,06,2025-03-05,50451.454776691404,-973.2693408482711,359.43368271627264,49837.6191185594,74.86025203124966,191.35194414930595
ra,06,2025-03-06,47033.81149934029,106.89693771648706,809.7263460793104,47950.434783136094,240.3943820486104,478.0796035635939
ra,06,2025-03-07,19061.66883066464,-573.9118173637069,1034.4672032142948,19522.224216515227,286.5862849652774,1.1368683772161603e-13
ra,06,2025-03-08,17221.552481867046,27.29190459895394,1571.021199232784,18819.865585698783,402.79503746527945,113.85513881944516
ra,06,2025-03-09,47866.833649556036,-2700.771281139014,5527.630156546038,50693.69252496306,1368.1447860416633,1.0396551098437499
ra,06,2025-03-10,45678.52941338057,774.4359383119286,2518.248505820773,48971.21385751328,623.3530455034745,852.2797014670629
ra,06,2025-03-11,40918.04667660794,7362.734074139685,1734.9415447469867,50015.72229549461,409.05603387152814,8221.442185294514
ra,06,2025-03-12,47171.54767610252,-2843.120845926005,5302.271808747119,49630.69863892363,1271.1603252604152,0.0
ra,06,2025-03-13,46681.29729424257,947.3634309217497,1862.7038848594111,49491.36461002373,386.7841345659723,1276.3972166963972
ra,06,2025-03-14,16570.46284083221,897.2084062407519,2329.5577768495928,19797.229023922555,694.6102711979167,707.0102981465395
ra,06,2025-03-15,16433.733451936532,1336.1650408279602,1186.9877855093494,18956.886278273843,295.13918895833353,1231.2089624028083
ra,06,2025-03-16,45282.230761416155,1290.233330936981,919.7281799813798,47492.19227233451,246.64657956597438,1666.3567153962358
ra,06,2025-03-17,41635.06330506165,-1761.5261978027784,8765.14844887609,48638.685556134966,2032.851373402776,1.4105482465276964
ra,06,2025-03-18,47992.68660874878,-1295.2635777251692,1211.2763019328577,47908.699332956465,307.12772038194475,450.52039899188236
ra,06,2025-03-19,39568.065098317784,5077.944746654253,1553.657298566763,46199.667143538805,477.4631974652757,5391.396950217821
ra,06,2025-03-20,45155.74661224417,-2044.5468935853182,10691.11362487404,53802.31334353289,2754.4946511631942,393.6009489182148
ra,06,2025-03-21,16184.703445592144,-194.1156347336683,2060.728884622061,18051.316695480535,573.7720900000008,133.7682138402404
ra,06,2025-03-22,17139.269525937274,-115.82672093473074,2992.2830866208496,20015.72589162339,993.5838155381934,0.0
ra,06,2025-03-23,45825.33810843277,-1479.3859917171499,950.7912472601151,45296.74336397574,260.02855651041716,4.728093157638227
ra,06,2025-03-24,42768.195358812256,103.58221118270598,1315.7342087313793,44187.511778726344,419.83854777777947,929.5067588927269
ra,06,2025-03-25,47462.09187885585,-3705.8386908795337,4345.590851877738,48101.84403985405,1139.7763398437528,1.4570284722203724
ra,06,2025-03-26,40746.86408758645,363.24865375659226,615.631699446116,41725.74444078916,218.29479751736233,655.433873246677
ra,06,2025-03-27,43557.860870021206,286.39706662263774,3039.017976326719,46883.27591297057,768.4527678472203,1175.4027271354162
ra,06,2025-03-28,16113.917769771311,35.937741091914546,1065.2101633460861,17215.065674209312,282.22674102430557,28.514502814977725
ra,06,2025-03-29,15177.26702214103,975.2605048960293,631.0058796150798,16783.53340665214,149.68357687500026,711.2933046048752
ra,06,2025-03-30,42214.33453146451,-1938.481521793266,2604.0798438395154,42879.93285351076,688.2974833680553,7.779087291665292
ra,06,2025-03-31,36944.41594891604,8212.44091240584,507.85508716399545,45664.71194848588,179.2109356770819,8839.073055535448
ra,06,2025-04-01,44960.14421034779,64.62283796561178,1458.1851561378496,46482.95220445125,440.63765911458427,1102.7470396087142
ra,06,2025-04-02,42671.10594895561,2044.9312005441825,1580.8220246921826,46296.85917419197,399.8877855381937,2036.3352588138732
ra,06,2025-04-03,44286.63372482473,-2161.0015760388765,960.4464276749,43086.07857646075,287.32515828125076,0.0
ra,06,2025-04-04,14930.44591403391,-141.09320663648484,1856.7704738895648,16646.123181286992,433.8491122048613,2.2737367544323206e-13
ra,06,2025-04-05,14834.082709539314,400.06012684335343,2317.6015674401833,17551.74440382285,575.9094507986093,318.10485717353527
ra,06,2025-04-06,40983.0183446371,-1085.2728234505585,891.6775853221664,40789.423106508715,220.88669861111225,371.434134982636
ra,06,2025-04-07,35904.27264513087,3431.3097939988897,1428.1859574169619,40763.76839654672,406.68172618055746,2966.7844008466386
ra,06,2025-04-08,42398.41218592152,-1250.0696412567822,1577.0670798795854,42725.40962454432,314.4372585590282,303.3581288541658
ra,06,2025-04-09,40797.98064493376,1705.2944684263844,1028.792380663269,43532.06749402342,252.99068920139024,2168.8642991467295
ra,06,2025-04-10,40371.72821904984,823.1188558898782,1292.3176095283952,42487.16468446811,277.6062107291667,1194.6929101454123
ra,06,2025-04-11,13983.004064090157,965.0309462173209,2262.3786140919565,17210.413624399436,537.7710056944453,715.2413390386777
ra,06,2025-04-12,15621.985001925925,-508.0263636078829,954.5942440873755,16068.552882405416,227.4485138368049,0.0
ra,06,2025-04-13,37805.917919597065,-618.5855425828961,3473.5390670166294,40660.871444030796,780.2503587326382,0.0
ra,06,2025-04-14,40375.276384159755,-3067.1660274405535,6199.654609530506,43507.76496624971,1504.6077012847204,0.0
ra,06,2025-04-15,34879.79136316691,3673.2374507281174,516.0039949059403,39069.03280880097,117.52486286458382,3386.105817059757
ra,06,2025-04-16,38516.07293426462,2764.441120753965,2030.654682667036,43311.16873768563,491.9659422395823,2618.7579755480583
ra,06,2025-04-17,35717.511151048835,3706.061221038746,547.8306461978484,39971.40301828543,152.77471255208323,5242.209387706271
ra,06,2025-04-18,14305.505924315776,16.988300943998677,1596.8799663443992,15919.374191604173,387.7977573090273,88.32544006909504
ra,06,2025-04-19,13600.501805955962,-64.86241001324363,2997.306054061805,16532.945450004525,690.7433046180572,0.0
ra,06,2025-04-20,35934.1849114784,601.1734262426897,1863.5547905171775,38398.913128238266,515.9270304166663,811.6490942545588
ra,06,2025-04-21,38382.87903062149,-2507.5789720187036,4402.317058034708,40277.61711663749,1183.775861336806,0.0
ra,06,2025-04-22,33937.35115481391,4722.081474220404,1109.7379280798434,39769.17055711415,357.60831991319424,5310.28682896328
ra,06,2025-04-23,33243.99457501482,3304.3526852171135,2063.93656939116,38612.28382962309,516.3156819097234,4188.420802980663
ra,06,2025-04-24,34458.051635052834,-309.83235586338765,2239.5572164038927,36387.77649559334,749.5664759374986,126.65624080697779
ra,06,2025-04-25,13926.823707788462,100.25362300675997,972.2086286840035,14999.285959479226,301.42997293402846,151.07829246752965
ra,06,2025-04-26,13801.946841202238,-4.804170821091109,2314.312577805136,16111.455248186283,581.0098076562512,83.6737855523622
ra,06,2025-04-27,34025.24395524783,1644.0277226895782,2953.6776921480932,38622.9493700855,686.9288842187461,1960.9503659480076
ra,06,2025-04-28,41201.27214491156,372.4418905471987,722.3360532013182,42296.05008866008,212.17416763888863,441.1672530998514
ra,06,2025-04-29,35162.40064610867,239.2553375637528,807.0586065902171,36208.714590262636,166.4581745312501,622.1590046195329
ra,06,2025-04-30,33793.970772740264,354.7371033558879,4115.355212834505,38264.063088930656,1059.8368143402777,537.8389879684663
ra,06,2025-05-01,35545.17006048975,-171.33855413087434,10274.691157133628,45648.522663492506,2284.3621739930554,332.41185404260136
ra,06,2025-05-02,15272.298682004022,-80.23372240697084,6041.789964379335,21233.85492397639,1308.1711463194447,0.0
ra,06,2025-05-03,14353.45928523194,-146.39795888473236,7882.011575789451,22089.072902136657,1527.6586355381958,0.0
ra,06,2025-05-04,37363.69484466032,-1242.7496506499483,11453.005701536676,47573.95089554705,2905.267281646905,51.39547573194534
ra,06,2025-05-05,39150.807200516734,-1128.2843824092006,9414.367515920534,47436.89033402807,2017.5720156597215,0.0
ra,06,2025-05-06,33673.77876075367,2560.1844713987,10218.951206787924,46452.91443894029,2337.049032274306,3652.7772977186396
ra,06,2025-05-07,36481.54034539132,2526.7372941127906,4549.0864033910275,43557.36404289513,978.5197603472227,3090.037437122671
ra,06,2025-05-08,41658.97084021023,-776.6725221435195,3419.97968312349,44302.27800119021,737.3944733333338,346.7501393402779
ra,06,2025-05-09,16686.44786225936,917.0251891655819,1676.2023138692527,19279.675365294195,416.62485069444404,638.2529974754914
ra,06,2025-05-10,16472.595116010747,1735.2958690454357,488.02918931149395,18695.92017436768,141.03156210069443,1214.0243575909847
ra,06,2025-05-11,40611.61169952751,963.2040310338108,2056.015146646997,43630.83087720832,461.1640300520814,1268.8810651915583
ra,06,2025-05-12,36452.405971902524,5204.8168304173905,627.6751327431691,42284.89793506308,196.97508920138904,5442.59836458833
ra,06,2025-05-13,41961.95809973611,-975.2415124247973,3129.741600962591,44116.4581882739,694.1556729166682,788.1569424006932
ra,06,2025-05-14,41645.09550668002,657.8858930605991,274.8395306111988,42577.82093035182,102.75901428819529,947.0149902083334
ra,06,2025-05-15,41210.47893106092,2308.1336237227474,595.0947571112071,44113.70731189487,179.59801680555546,2816.403543537108
ra,06,2025-05-16,16971.298613370334,-240.15751570397313,968.3534429955392,17699.4945406619,324.05677038194466,98.0668362860051
ra,06,2025-05-17,16970.088615996177,-252.52744593141009,1054.6851816892859,17772.246351754053,314.15238442708255,28.159142171419433
ra,06,2025-05-18,42850.427439842955,-1026.3397296580554,429.50632491749616,42253.59403510239,131.4203128472214,164.44450155503614
ra,06,2025-05-19,38544.663184605044,-335.20338775956327,1109.022155290659,39318.48195213614,198.2241488888888,503.7890905031667
ra,06,2025-05-20,38473.80151185996,2383.6741090111373,724.4891860989205,41581.96480697002,189.25232253472373,2293.442888733873
ra,06,2025-05-21,36715.35133126568,4851.752809585212,499.49000911430005,42066.59414996519,151.5107123437507,5550.2057549707315
ra,06,2025-05-22,38067.92566876672,182.1848073262942,2316.5071681679296,40566.61764426095,612.7390342361125,372.04309083528517
ra,06,2025-05-23,16316.454738489494,81.63566085253046,617.2412881389193,17015.331687480946,191.17222522569378,55.595606791841675
ra,06,2025-05-24,17257.567871059575,-257.7882424919372,782.7738026209759,17782.553431188615,190.99799772569526,71.04610454990186
ra,06,2025-05-25,38651.627264348775,153.47044971595398,619.3252314375355,39424.422945502265,127.28766513888921,611.6227799133857
ra,06,2025-05-26,37849.44305659678,2096.751716785202,2297.4577433401087,42243.65251672209,736.1809577951399,2944.9360600933232
ra,06,2025-05-27,36459.448361273055,4774.154838967758,1770.825260882383,43004.42846112319,424.09332493055655,5388.742362120758
ra,06,2025-05-28,40338.372336261484,119.85625939576846,408.3558853949727,40866.584481052225,187.13886590277713,688.5602621694459
ra,06,2025-05-29,39653.74868712945,2504.196456394172,352.62950016975736,42510.574643693384,141.23984309027745,2719.9207272031167
ra,06,2025-05-30,17042.4470761763,591.021967585732,999.2035210565376,18632.67256481857,268.39378939236127,427.7524955796585
ra,06,2025-05-31,18490.066854064244,-754.2669263417772,853.4173252460957,18589.217252968563,269.43426291666685,0.0
ra,06,2025-06-01,49890.38644923142,-1687.9401074041523,12635.59415593174,60838.04049775901,3518.687644166668,110.28554109374514
ra,06,2025-06-02,50887.796837342954,-4180.585565253608,18547.168152521273,65254.379424610626,5108.094368072919,22.698600677081913
ra,06,2025-06-03,46782.42409098567,1556.912722678821,7785.106731776743,56124.44354544123,2237.024023767363,1668.2543039409725
ra,06,2025-06-04,53847.69158970906,-6539.2749004582065,28145.793348948835,75454.21003819969,7433.993080086805,1.4925741267351214
ra,06,2025-06-05,45861.5635744071,592.98638576557,11970.192051271188,58424.74201144386,3259.878225538196,736.502354479168
ra,06,2025-06-06,20396.356073955645,-546.7703842573219,15657.6776948103,35507.263384508624,3973.425376614583,0.0
ra,06,2025-06-07,22340.788466858223,-648.168864950873,11790.019655118733,33482.63925702608,2863.9331511160462,0.0
ra,06,2025-06-08,50525.145127185664,1133.718970815227,380.02712619894936,52038.89122419984,115.84186805555572,2487.450298968508
ra,06,2025-06-09,57273.45854873158,-2684.194311164783,1522.4188204502113,56111.683058017006,456.1122527777763,0.0
ra,06,2025-06-10,52627.73983992172,-132.6221000211567,3198.5214740353376,55693.6392139359,959.7096104340249,336.1153032918394
ra,06,2025-06-11,57457.14979452057,-33.78327639639264,3657.2746289381216,61080.6411470623,827.5511473784713,620.6140901397971
ra,06,2025-06-12,55720.908829429594,-122.9292478078704,818.6663660677358,56416.64594768946,184.33607307291675,368.512790913828
ra,06,2025-06-13,24322.188732456718,-576.3010766946983,2282.6997569494647,26028.587412711484,499.7574930208343,87.08418605902779
ra,06,2025-06-14,24964.482405784263,-118.34575072989446,406.82783423266574,25252.964489287035,120.46710432291698,1.1368683772161603e-13
ra,06,2025-06-15,51663.526967421545,3176.2098350570695,452.4917493682506,55292.22855184686,105.576544409723,3591.015397868916
ra,06,2025-06-16,54333.01122143434,1163.792234587035,460.20680409534384,55957.01026011672,124.55152421874897,1215.3587788712916
ra,06,2025-06-17,55127.46933424466,3182.664475770326,875.0527056495391,59185.18651566453,225.4116103993074,2786.0626327490045
ra,06,2025-06-18,55674.36405787967,3164.7249783278494,714.8549495881844,59553.9439857957,182.200132708333,2889.8746599315036
ra,06,2025-06-19,52290.14376845619,231.86006804764813,2467.6064911675735,54989.610327671406,715.9791513888895,1718.9003470291002
ra,06,2025-06-20,24117.1574011792,-322.15603360414445,291.92985286460674,24086.931220439663,64.51890407986052,0.0
ra,06,2025-06-21,23665.2780476794,12.683662558434786,36.78784788499826,23714.749558122836,8.828377222221803,48.90444059344413
ra,06,2025-06-22,50221.93799845673,4048.489121846976,2059.128033265445,56329.55515356915,502.35241399305625,4033.1201069773206
ra,06,2025-06-23,52326.158382479785,1273.163838895197,165.95122542064024,53765.273446795625,67.06143746527721,1149.3206055453813
ra,06,2025-06-24,59784.1932820332,-1237.1202868255523,1696.8968063471953,60243.96980155485,432.7503377777758,0.0
ra,06,2025-06-25,52109.320474530905,2295.1139720751808,1527.319603607966,55931.754050214055,300.149073524305,2168.069503329404
ra,06,2025-06-26,51271.35665889912,2237.4009382146805,417.57962233724265,53926.33721945105,98.77825739583392,2648.6598039598293
ra,06,2025-06-27,24368.06829852779,-581.0720476892761,1368.582861746922,25155.579112585438,287.72778401041745,0.0
ra,06,2025-06-28,23385.417783810182,652.407140100654,333.30230320369856,24371.127227114535,98.89536774305549,583.8589291740014
ra,06,2025-06-29,49434.17602214997,4325.362469038556,2403.7034153205636,56163.24190650909,789.071413229169,4091.668026213331
ra,06,2025-06-30,54162.83483156204,120.81695995174488,2359.706291585988,56643.35808309977,577.3459952083351,795.3144296409733
ra,06,2025-07-01,47159.82742081048,1356.9259116376084,24340.892821484304,72857.64615393238,6854.472269409724,1275.3399721318433
ra,06,2025-07-02,45080.7796437513,-315.50826872053807,23941.009602528764,68706.28097755954,6398.37017954861,0.05923250000000735
ra,06,2025-07-03,50834.6591359692,1007.617749615844,16117.070225189573,67959.34711077462,4605.392348576388,1060.4604237584567
ra,06,2025-07-04,20936.689286020963,1717.4536522970166,16453.296015155596,39107.438953473575,4623.809747829861,1308.2851683863898
ra,06,2025-07-05,21813.542237655714,-35.22245229725392,19174.267767853966,40952.58755321243,5025.538700972225,0.0024190333016917975
ra,06,2025-07-06,48907.04237404137,4568.470682211511,16625.342111117097,70100.85516736997,4155.5880962847195,5330.542432327655
ra,06,2025-07-07,49793.50376861413,-2246.8722760305645,21289.249115352657,68835.88060793621,5334.486657118054,0.06140243055563133
ra,06,2025-07-08,62008.714674144445,-2111.595798179064,1855.8803515908521,61752.99922755623,384.5783727777763,205.46402722222047
ra,06,2025-07-09,61570.93886122218,-1711.5078458498529,420.2840223479167,60279.71503772024,86.29071175347224,43.54696556232875
ra,06,2025-07-10,57525.43657549973,1289.5214207759761,1652.7173838649646,60467.67538014067,603.5862076215277,1621.0768015522583
ra,06,2025-07-11,31369.246116776267,-338.42172621902716,1073.5838844363207,32104.40827499356,260.39217341366856,5.078927840304345
ra,06,2025-07-12,29774.619514659247,1184.908729473111,403.68932621463455,31363.21757034699,102.90661517361093,875.9219820956291
ra,06,2025-07-13,62067.95619797085,-3383.892329961054,320.0554699115536,59004.11933792135,76.18036810763863,0.003909861111083046
ra,06,2025-07-14,57788.759547806054,-1390.1107459430173,1486.6847667581187,57885.33356862115,327.90407421874875,80.23047153038169
ra,06,2025-07-15,60744.07819701846,-2238.90207454334,1819.708308911489,60324.884431386614,488.6271164583351,146.89123760850782
ra,06,2025-07-16,58939.62437235261,-2020.9516352102344,2503.895473089907,59422.56821023228,756.5119885069453,0.0
ra,06,2025-07-17,57269.31341783434,1791.0441014580715,568.3472307106695,59628.70475000308,121.24489861111135,1745.5373864605622
ra,06,2025-07-18,32837.845300007466,-904.020075178292,0.0,31933.825224829176,0.0,6.6286892125593795
ra,06,2025-07-19,32855.520933101434,-1448.4587485443935,3621.760627161843,35028.822811718885,1009.4165314756947,118.20510573009835
ra,06,2025-07-20,60654.02523138945,-685.1816468508573,96.63681838013045,60065.48040291873,22.131206093750052,199.5264847743066
ra,06,2025-07-21,62190.61754846688,-2124.016604254756,203.09453238475623,60269.69547659688,51.26171753472204,20.4170376645867
ra,06,2025-07-22,59460.94216198247,7626.351158679981,49.74580878288077,67137.03912944534,9.805027847221993,7304.422331714839
ra,06,2025-07-23,67006.63677794058,-4361.972928954276,1057.4092868962045,63702.073135882514,281.58740008680525,9.602091631944404
ra,06,2025-07-24,66203.22335648011,-3114.8583852864026,0.0,63088.36497119371,0.0,0.0
ra,06,2025-07-25,30388.022254560623,305.9842098790097,303.247919581589,30997.254384021224,68.29032017361124,359.38059462235213
ra,06,2025-07-26,31022.051816241863,385.3116590578986,137.48296842670175,31544.846443726463,54.078097361111304,393.04304901890544
ra,06,2025-07-27,60051.42516813529,17.494002133655044,685.9249871008625,60754.84415736981,208.27350590277638,916.3255248418259
ra,06,2025-07-28,61759.2914290925,1454.8557382626373,13.350920145548596,63227.49808750068,5.867246822917423,1336.8667016840304
ra,06,2025-07-29,60598.55385663865,3068.9489949307545,0.0,63667.50285156941,0.0,3182.600414577333
ra,06,2025-07-30,55423.85397043812,7430.1497948359665,0.0,62854.00376527409,0.0,7193.299850249858
ra,06,2025-07-31,57212.8763668218,1621.8084417508494,1018.9500534518286,59853.63486202448,237.26347555555478,1559.7617595580232
ra,06,2025-08-01,28886.31427629154,-715.6742778425071,1808.55158331758,29979.191581766616,471.63942569444526,25.139098910069894
ra,06,2025-08-02,29423.03941787633,-1018.3979520577851,75.26557505256059,28479.907040871105,12.087284878472197,0.0
ra,06,2025-08-03,47834.324564487295,2162.9327862198907,901.499791452726,50898.75714215991,215.3080018576386,2056.641908668858
ra,06,2025-08-04,50960.191117742914,1942.3055424228075,469.22531425716926,53371.72197442289,130.0879500694445,2759.3366140298203
ra,06,2025-08-05,49305.70657444157,2244.3329054188443,1075.6417624303394,52625.68124229075,230.35131329861133,3105.7568954898343
ra,06,2025-08-06,54981.85958750613,-1818.93084787221,1238.7421971873284,54401.67093682125,291.8246332812505,0.0
ra,06,2025-08-07,54096.50926970655,-1412.1856919688405,854.2165969949988,53538.540174732705,279.81890085069426,776.4133828953117
ra,06,2025-08-08,25934.899605609826,14.543833756084588,438.8010642676792,26388.24450363359,161.83461217014053,84.99168111663255
ra,06,2025-08-09,25750.01399627495,-246.44615859288476,1401.536297046011,26905.104134728077,358.74703626736243,0.0
ra,06,2025-08-10,50984.70546503182,-1049.9028797339802,1558.6530729081092,51493.455658205945,463.09128032986195,0.0
ra,06,2025-08-11,48780.40626118782,1569.162964146419,1266.0205052453293,51615.589730579566,300.90934467013915,1275.0635598949668
ra,06,2025-08-12,52030.0577469179,487.749057078665,1054.173521942128,53571.9803259387,288.49719421875034,1115.1874471094914
ra,06,2025-08-13,47255.289577902775,879.9965180526476,2173.377197593246,50308.66329354867,488.7619365798612,1225.0649268005961
ra,06,2025-08-14,49231.46052689442,2689.481771833923,1230.2803441770138,53151.22264290536,271.5167485243056,3384.06776112391
ra,06,2025-08-15,26375.946544146173,-594.2173888063535,929.840885281267,26711.570040621085,296.54488951388873,77.89460763852901
ra,06,2025-08-16,27838.68637959911,-1405.3697766012117,2131.3346208190446,28564.65122381694,452.0769141319442,157.26831776584842
ra,06,2025-08-17,50203.31050494702,-961.751730122359,2433.4443555129956,51675.00313033766,528.3816524479166,101.82090518628559
ra,06,2025-08-18,49574.383997653546,-367.835861402677,1897.3628354778562,51103.91097172872,476.5485270312496,0.0
ra,06,2025-08-19,48852.82288120389,-1113.9968041552272,4093.241689823759,51832.06776687242,968.1205718055568,0.0
ra,06,2025-08-20,53416.74180220327,-281.01129796645705,3914.16324781031,57049.89375204713,982.733207690972,1186.9551966184367
ra,06,2025-08-21,51010.364563325194,-998.4976205874074,4100.4587648668985,54112.32570760469,1108.9310228993074,520.9717970486108
ra,06,2025-08-22,26166.923830631433,-706.5484884562932,4247.99222368859,29708.36756586373,1125.632168315973,69.23354437463857
ra,06,2025-08-23,24765.08341431415,824.4374679572722,2808.607881803832,28398.128764075256,853.1054590277789,547.6063991868357
ra,06,2025-08-24,49085.89061222761,-1962.3120239061764,9158.620738780479,56282.19932710192,2134.5400124305543,0.0
ra,06,2025-08-25,62837.43111237693,-4932.156011688444,874.3437790422411,58779.618879730726,219.7377625694449,17.688906666667776
ra,06,2025-08-26,49283.154065943774,1714.1416884928803,484.91062713262835,51482.20638156928,128.40799843749963,2256.380278313988
ra,06,2025-08-27,49668.053920665654,6368.348262087948,392.2574941616756,56428.65967691528,88.96462810763893,6813.828760329825
ra,06,2025-08-28,47951.24866730184,6524.748432588557,3160.1940959690546,57636.19119585946,759.7875543749984,6144.756179457282
ra,06,2025-08-29,27572.42904721621,-940.3500349429628,1868.6459982849371,28500.725010558184,428.8432138541664,0.0
ra,06,2025-08-30,26645.04868445031,-234.09306148477702,737.6011404775278,27148.55676344306,228.19371873263748,77.55227478578729
ra,06,2025-08-31,48869.44432726022,1165.52403857361,2772.1162516268414,52807.08461746067,715.3697705902762,1698.877099709203
ra,06,2025-09-01,54000.96142267145,-3255.0253968162733,0.0,50745.936025855175,0.0,0.0
ra,06,2025-09-02,47740.26552222854,4604.238131054983,262.51089423083374,52607.01454751436,68.19803317708337,4767.447565875753
ra,06,2025-09-03,50471.49412823614,-171.80198707765067,104.57391729780937,50404.2660584563,23.05040079861226,660.1713547605801
ra,06,2025-09-04,50335.64300895706,-160.4638734256083,627.62658919194,50802.80572472339,227.34306378472098,465.32770270164434
ra,06,2025-09-05,25816.808631267006,-364.3508275893471,21.515860678486945,25473.973664356145,6.83916706597131,168.44763171272513
ra,06,2025-09-06,25923.06686563504,-105.43281378605043,111.00736973291595,25928.641421581906,26.74382619791652,161.48568570580218
ra,06,2025-09-07,47484.008995595446,5196.186809052273,542.7596186828063,53222.95542333053,98.405270381945,6136.751199856339
ra,06,2025-09-08,44854.86284239436,109.67959037274304,1023.8268594236017,45988.3692921907,252.86268168402776,1064.741904047209
ra,06,2025-09-09,39266.34622939747,5257.589878041277,436.83169109195376,44960.7677985307,102.80476201388916,5380.86264264941
ra,06,2025-09-10,46287.83846310087,-1796.194487376222,6021.174283618697,50512.818259343345,1460.139687760415,12.998651713022923
ra,06,2025-09-11,45783.786381792845,-2698.952503591726,1787.4251610735469,44872.259039274664,400.14656399305676,13.989468775790257
ra,06,2025-09-12,20245.765089793593,-339.96037251819985,2967.713279597015,22873.517996872408,797.7348561805561,0.1812134805346446
ra,06,2025-09-13,20146.498772296312,-17.277479598018473,872.7050376197915,21001.926330318085,209.43925164930556,89.07756716411551
ra,06,2025-09-14,49050.66387297839,-2495.9841532636483,879.4031686727538,47434.08288838749,279.48845777777797,8.543499045141402
ra,06,2025-09-15,39846.07266078038,977.374653801827,2766.0898555446456,43589.53717012685,637.5740653124998,974.5765678980397
ra,06,2025-09-16,47860.196699378066,-1464.097343101665,1074.4028052378994,47470.5021615143,311.19935374999966,183.291368994099
ra,06,2025-09-17,46007.31424308068,-951.9049388626895,1346.5244558328454,46401.93376005084,399.5174043750013,0.0
ra,06,2025-09-18,40677.78505056866,7186.802260948281,1082.2302854944323,48946.81759701137,226.3529731249996,8542.925608798852
ra,06,2025-09-19,19931.293336724135,735.4947515869987,556.7117832873181,21223.49987159845,232.39915911458348,594.8725088428122
ra,06,2025-09-20,19886.960297891535,7.29050788060114,1755.7597658173086,21650.010571589442,425.8599067534723,126.82044128816338
ra,06,2025-09-21,45270.53418051009,-130.38837108338322,896.29265186711,46036.438461293816,218.1413897916669,334.3669591243047
ra,06,2025-09-22,47574.263135209505,-2557.532664076031,3978.758081265447,48995.48855239892,1190.9178987499968,5.461073033681146
ra,06,2025-09-23,46922.77768074373,-1102.2426144128067,1654.3347475899131,47474.86981392084,387.79185986111156,17.27338600381563
ra,06,2025-09-24,40275.529200628334,2123.429950656241,4509.119516844702,46908.078668129274,1264.3279632638903,2763.669873181247
ra,06,2025-09-25,44381.56078414051,1572.4358197415827,2912.849531721213,48866.84613560331,800.8385753645832,1860.1430310004866
ra,06,2025-09-26,19979.416191918703,-569.7278394825399,1335.8926329272308,20745.58098536339,343.08826432291653,0.0
ra,06,2025-09-27,19019.289775279598,1862.0484359528136,3426.0871254496133,24307.425336682023,887.8179387326379,1494.9447081152512
ra,06,2025-09-28,44656.29491871139,5199.761201569658,2196.8068932897622,52052.86301357081,623.487018038196,5572.4534152749475
ra,06,2025-09-29,46837.04647851255,-2660.984815857969,12197.525291528229,56373.586954182814,3076.2999814583327,3.0227742708345886
ra,06,2025-09-30,46608.55236701264,68.40873469383592,4188.211820366683,50865.172922073165,1082.35979550347,582.1953895926713
ra,06,2025-10-01,43286.93001912214,-272.09683925700347,226.14322683315083,43240.97640669828,95.91541206597219,526.6122195348975
ra,06,2025-10-02,48313.12807339796,-3409.7601654096543,644.3336199195469,45547.70152790785,224.90729307291593,2.9624920263896684
ra,06,2025-10-03,17741.647864789596,311.2017898808957,3541.8296703946326,21594.679325065124,811.1017086979184,228.7615570197495
ra,06,2025-10-04,19818.684271329126,-133.71996302616407,1154.9281273900956,20839.89243569306,299.07965234374996,3.7653045527793054
ra,06,2025-10-05,47167.140128611754,-2970.5979546650838,1366.600308416281,45563.14248236295,403.4062811284727,252.84371662517543
ra,06,2025-10-06,40961.663391205795,2555.1414078459893,961.1983275410162,44478.0031265928,326.7320142187531,3291.525452392657
ra,06,2025-10-07,43429.16910815618,39.046209774267055,1376.9524595731853,44845.16777750363,365.6582174479165,363.1044671670147
ra,06,2025-10-08,39481.42978431711,-398.2798534457941,2309.984066146801,41393.13399701812,539.373326805558,62.398088697915
ra,06,2025-10-09,46282.42699360684,-4114.342135861639,3788.608614697989,45956.693472443185,837.6011674999987,2.3712080729177387
ra,06,2025-10-10,17146.621018992602,34.245362087186706,1988.8992454782324,19169.76562655802,559.4264340451391,87.36121619677036
ra,06,2025-10-11,17447.024851514234,503.0178597093957,531.261091411751,18481.30380263538,121.09169003472192,377.7960671916759
ra,06,2025-10-12,41700.926638456986,152.13552573877328,2500.7990342298785,44353.86119842564,584.9384981076383,505.89688580354243
ra,06,2025-10-13,43557.66030463703,-1696.250331553881,3494.5779193613794,45355.98789244453,878.5956465451388,349.8712268056085
ra,06,2025-10-14,45258.349846800644,-2439.009651048878,11227.655250475596,54046.99544622736,2908.47682671875,184.22066530180365
ra,06,2025-10-15,47168.3356433076,-2986.1450280078125,4438.760447340843,48620.951062640626,1324.7485901215287,0.936267638890456
ra,06,2025-10-16,44924.868996913385,-44.730053633728716,1678.8540577358415,46558.9930010155,450.24514762152813,540.3008443432705
ra,06,2025-10-17,16392.232040618233,1758.7475508742064,2356.534359252769,20507.513950745208,703.8725449999993,1361.0423103034525
ra,06,2025-10-18,18637.84343717629,-99.54806358764667,937.6518168872665,19475.94719047591,324.30179307291695,110.72310883061502
ra,06,2025-10-19,46195.59294729711,-430.73477026409404,1595.5192432360661,47360.377420269084,404.94159090277776,5.743615300346505
ra,06,2025-10-20,49333.9406609843,-1271.2993566133202,909.4987511275802,48972.14005549856,242.20876630208397,0.0
ra,06,2025-10-21,48156.33227375324,-316.4419882763563,746.0362592545226,48585.92654473141,219.28421423611115,0.5137037551000958
ra,06,2025-10-22,45952.275332312754,-946.4194637260138,6567.713195610244,51573.569064196985,1547.3448162673592,0.0
ra,06,2025-10-23,52787.80270095878,-4557.640288617672,4033.1884652418066,52263.35087758292,1121.6173601388894,283.19020722222297
ra,06,2025-10-24,17682.43794148373,579.8187233518835,2395.04674328297,20657.303408118583,568.6322083854169,456.5652399173674
ra,06,2025-10-25,17787.62192481752,121.94776096811052,2314.0816061083196,20223.651291893948,560.5924611284731,86.95618498379265
ra,06,2025-10-26,48883.63708407787,-2300.495133344763,3092.9501054045863,49676.09205613769,943.3325523090305,171.7389918222217
ra,06,2025-10-27,44577.986254186646,5227.657014136144,518.8138026460351,50324.45707096883,135.8256700347228,5676.369665695449
ra,06,2025-10-28,44602.65726573684,3753.4217551830266,454.3236708671229,48810.40269178699,122.21142260416502,3768.1200570745414
ra,06,2025-10-29,49659.17120174294,-130.10734145573767,1108.64360812441,50637.70746841161,282.3142137326381,54.434837644122354
ra,06,2025-10-30,43929.114960541425,1777.7404592359567,2896.3355133469527,48603.19093312434,693.0276042361102,1716.0712557039278
ra,06,2025-10-31,19873.900016341035,-594.6249870300951,1438.7692204587745,20718.04424976971,340.5243496527776,0.0
ra,06,2025-11-01,18947.41904198635,-285.5751952918668,2104.170535998645,20766.01438269313,567.3630894270834,8.952995420850499
ra,06,2025-11-02,48705.90647574097,3411.2987952344492,1744.727527489531,53861.93279846495,365.1168056597222,3609.2008041343606
ra,06,2025-11-03,51934.83629063762,-1304.1215477963988,1086.290867644111,51717.00561048533,313.9327375868044,17.640222847224663
ra,06,2025-11-04,47792.224660653075,1809.4948075208226,1286.0003190312914,50887.71978720519,288.20229013888854,1762.3928837534545
ra,06,2025-11-05,53568.346591728754,-2880.672305673316,2561.6314366599,53249.30572271533,679.0452325173572,0.0
ra,06,2025-11-06,49533.75755235004,2138.5300013501083,1985.213203918442,53657.500757618596,472.0990252256936,1815.0571710021986
ra,06,2025-11-07,18883.734414306175,313.4907658634171,1140.9079505533975,20338.133130722992,277.52049477430626,249.42779974429155
ra,06,2025-11-08,19218.95327406245,41.767096750512636,1268.2965011174188,20529.01687193038,298.8178955555551,62.711209726606285
ra,06,2025-11-09,51838.7437647709,-678.0980801614996,610.9607068390636,51771.60639144846,188.55265736111147,21.386352368578855
ra,06,2025-11-10,52285.115745428935,2389.073405141826,1639.2363077157981,56313.42545828656,322.4794150694434,2892.5535385568633
ra,06,2025-11-11,54070.59790874097,-1149.6790007231239,1112.4351796772912,54033.35408769514,284.86445420138887,0.5230446006943339
ra,06,2025-11-12,51433.0918494457,3121.9108833606097,852.6421727017856,55407.644905508096,153.37864758680507,2828.3428638822697
ra,06,2025-11-13,50136.1887397886,1178.364926238615,2310.136454356056,53624.690120383275,635.2127716319437,1352.5571730049746
ra,06,2025-11-14,20202.04648333701,-337.54505612466704,4476.84327310544,24341.344700317786,1223.335591145835,1.1368683772161603e-13
ra,06,2025-11-15,21911.1615585861,-429.4196817901782,1578.436262469678,23060.178139265598,375.2561060763888,5.684341886080802e-14
ra,06,2025-11-16,51740.62926686938,3271.209872044332,993.5685813743454,56005.40772028806,274.47164748263776,2905.3131319645263
ra,06,2025-11-17,50243.00840643015,6942.662389507893,648.7002797504683,57834.37107568851,217.20861067708302,6933.042058332543
ra,06,2025-11-18,52764.27332199957,-743.5789272956029,4084.9150177877536,56105.60941249172,1105.4348663888873,38.41374568297101
ra,06,2025-11-19,51953.807651995885,5852.467278765276,1289.4195051808742,59095.69443594203,358.5745211284718,5557.903360815074
ra,06,2025-11-20,52015.182606427334,1183.1840725595844,1365.9544420170569,54564.32112100397,353.46395598958327,1167.0841454480956
ra,06,2025-11-21,20395.638456536428,1155.6881799554674,732.1692094635426,22283.49584595544,290.90618416666695,1776.0477413649605
ra,06,2025-11-22,23054.73241211516,-841.4639139153471,1196.9250649762228,23410.193563176035,313.31115173611084,0.0
ra,06,2025-11-23,52908.83207801742,3362.3349233085974,944.2738738553116,57215.440875181324,261.6911123263885,2978.255197873771
ra,06,2025-11-24,51697.87043683011,716.0917560255916,2441.7817387179634,54855.74393157366,699.1746331249992,865.345366377101
ra,06,2025-11-25,60132.27668345142,-2523.1258575404886,619.6719203451839,58228.82274625612,212.2955549479172,0.0
ra,06,2025-11-26,56257.033994577774,699.0180756954379,536.0967000729501,57492.14877034616,143.812527065972,689.8277569132964
ra,06,2025-11-27,54582.120378494474,1256.6754884279478,764.5610798695382,56603.356946791966,178.29325710069398,1221.0590286671863
ra,06,2025-11-28,21066.45338784286,904.9632579327829,1217.0177819448006,23188.434427720444,254.25919006944432,1209.3401388607642
ra,06,2025-11-29,26474.586924431867,-1837.1023177815014,801.7413254759381,25439.225932126305,267.6571192881946,0.0
ra,06,2025-11-30,56244.8311259499,2481.486580463384,1175.6379283673155,59901.9556347806,272.943892395833,2283.5605960523158
ra,06,2025-12-01,59543.11079136886,-1090.5537323257336,17233.53735370805,75686.09441275118,4674.602636944444,66.41814869843643
ra,06,2025-12-02,61185.21643130644,-1060.4185394053186,14616.957333887745,74741.75522578886,3715.3857154340276,45.99802173333626
ra,06,2025-12-03,54696.28960490528,4448.544406758483,10242.14865225351,69386.98266391727,3074.1615945486096,4546.192232121877
ra,06,2025-12-04,60553.20494036716,-1875.3343696534935,14224.461151146737,72902.3317218604,3858.671138072917,0.0
ra,06,2025-12-05,24656.713469480284,15.995312166371562,6393.183679561853,31065.89246120851,1880.0148129687511,118.71600074710915
ra,06,2025-12-06,26263.530043369756,-770.1584008957375,8538.499873610033,34031.87151608405,2304.531126128472,3.260985892186966
ra,06,2025-12-07,63401.1002653476,-2590.078923469483,9811.481345744025,70622.50268762215,2939.7674468402784,20.546838888715683
ra,06,2025-12-08,67348.98028360846,402.8173575544212,603.4535572550488,68355.25119841793,106.6119468749996,572.2735659515638
ra,06,2025-12-09,66864.87178284334,-1199.7162601141654,1576.565141857378,67241.72066458657,344.6337697743054,213.15661776961804
ra,06,2025-12-10,63551.66740420915,2462.829042125067,620.7965096019635,66635.29295593618,130.81922088541603,2535.888585828371
ra,06,2025-12-11,66503.33839404317,-1510.4974994029967,861.4327154413257,65854.2736100815,207.8236701388904,21.698037840797724
ra,06,2025-12-12,29095.6686302609,1125.5188897175042,667.2017696069947,30888.3892895854,175.23005901041614,1327.9827691958114
ra,06,2025-12-13,30214.59555900324,1265.7205565915924,572.3108271549152,32052.626942749746,110.57671059027803,1895.3320825595463
ra,06,2025-12-14,63064.264283729186,2248.8031637175577,766.5792471992825,66079.64669464603,146.27545225694297,2245.4593332313093
ra,06,2025-12-15,62914.311755732284,3835.3211072598137,305.05727701764715,67054.69014000976,79.36746133680532,3688.9581232550076
ra,06,2025-12-16,67323.72108338059,-1088.250223302177,203.02761027602776,66438.49847035443,71.58711574652637,2.584280267361237
ra,06,2025-12-17,66973.76688536166,-1935.2735579727123,1690.5923423125284,66729.08566970148,369.6592618402766,1.3334725548622828
ra,06,2025-12-18,63980.79689653631,1037.5176671079917,182.9181037878389,65201.23266743214,77.65671619791647,951.208154436477
ra,06,2025-12-19,28369.61757301056,1337.0448745302765,382.76004706450607,30089.422494605344,95.40330722222261,1820.9009474582301
ra,06,2025-12-20,30071.75379897938,-921.7508915207853,347.7493045979236,29497.75221205652,89.72749753472209,0.019869513890284907
ra,06,2025-12-21,65895.55168988503,-968.4415316497577,2276.0084963458885,67203.11865458117,761.8177101736126,29.247905953992017
ra,06,2025-12-22,64866.535182391315,-326.72751008353174,1792.412859315533,66332.22053162332,379.2906108854176,27.389236215279197
ra,06,2025-12-23,66407.48407340245,-1218.4832828541482,1249.1065771320893,66438.1073676804,422.2834180034713,138.42169960243234
ra,06,2025-12-24,65841.45840089113,-324.1491499954469,389.0221309867686,65906.33138188245,77.65870427083291,26.929771701389086
ra,06,2025-12-25,62892.26477120617,-98.95212580334987,1762.7451200466298,64556.057765449455,498.963209045139,33.304866973828666
ra,06,2025-12-26,28717.697077497094,440.87248062934736,2026.2532517375057,31184.822809863945,435.8849260416662,604.9675277812514
ra,06,2025-12-27,29474.383544820957,133.26217014294852,298.83886939032334,29906.484584354228,99.16135204861132,374.90148983902964
ra,06,2025-12-28,65201.47615861759,-566.1749924251372,814.2987059449945,65449.59987213745,167.60270782986197,30.364659698788387
ra,06,2025-12-29,64356.25479259639,1878.2478222954314,199.04740300194166,66433.55001789377,55.80009937499919,1845.9067537683318
ra,06,2025-12-30,64781.44997879147,627.5461540205899,217.26860538789137,65626.26473819994,84.81484991319462,672.6628925941085
ra,06,2025-12-31,65513.66162274315,-504.9962716025359,708.0448732768502,65716.71022441747,207.26063062500012,16.332853182290933
ra,0612,2025-02-01,25850.967857004267,-342.7408312040775,1100.8835822085057,26609.110608008694,222.30193090277763,0.0
ra,0612,2025-02-02,60213.50532586583,-948.9640140836834,139.82432914895685,59404.3656409311,43.91011902777734,98.83488666666813
ra,0612,2025-02-03,61496.36027273472,-2003.459469366951,672.9434002086713,60165.84420357644,154.01275737847055,1.2539364548638332
ra,0612,2025-02-04,63793.22461437263,-1720.1409508354902,474.2708721171372,62547.354535654275,170.28359211805602,122.24473900347476
ra,0612,2025-02-05,59379.822297991814,186.83810267086164,439.3631780146943,60006.02357867737,95.21250649305705,603.3562138829841
ra,0612,2025-02-06,63961.32174397692,-2876.9539476760356,190.12029204263905,61274.488088343525,54.90099734375002,0.0
ra,0612,2025-02-07,25854.31879522902,-1367.3165352573558,344.77528960554014,24831.777549577204,62.56983713541706,0.0005242024408003525
ra,0612,2025-02-08,20240.998603249882,842.9695915825043,1806.1124283154775,22890.080623147864,390.4380868229164,473.5946039450832
ra,0612,2025-02-09,58390.69523531402,-993.5114295303767,336.7040096354673,57733.88781541911,81.85920965277745,12.120956013539399
ra,0612,2025-02-10,55942.695246622505,74.82261982401724,1329.266937356475,57346.78480380299,416.17763194444655,14.089862829860863
ra,0612,2025-02-11,56206.44042683104,-2424.97290517512,2253.2914760296608,56034.75899768558,479.3168724652802,0.009340208333583178
ra,0612,2025-02-12,56257.640603084874,-2302.460171933702,2194.4137765632017,56149.59420771438,502.5603691319352,0.0
ra,0612,2025-02-13,52134.116725632884,-387.8635377195544,1491.2828567085296,53237.53604462186,313.1646375520826,513.3725249117057
ra,0612,2025-02-14,20336.395483866574,695.0672372276606,1687.810656205827,22719.273377300062,409.9459376562504,544.7861417439434
ra,0612,2025-02-15,21044.657900847094,-238.82808361665013,2612.1552091303693,23417.985026360817,710.6199617187508,5.336239530904777
ra,0612,2025-02-16,56226.797413904074,-2923.0007642880837,4357.288351883636,57661.08500149963,1092.2438275868035,0.0
ra,0612,2025-02-17,55311.941370935034,-3310.1980254856326,2423.695436634027,54425.43878208343,595.8549444444446,0.0010010084193936564
ra,0612,2025-02-18,49448.385882249204,1036.096354326773,2365.8145321419015,52850.296768717875,562.1765575694444,1196.6352849767686
ra,0612,2025-02-19,49824.51545479277,492.36989753551876,2395.138261360284,52712.02361368857,729.0906462152793,451.98070548004716
ra,0612,2025-02-20,51322.452962065116,-599.2059215690075,2450.7641223945875,53174.011162890696,558.1244345659734,146.98713795138872
ra,0612,2025-02-21,18746.51748237588,175.20409275949385,1431.2316789032388,20352.95325403861,386.5200363020839,115.28743341841049
ra,0612,2025-02-22,19376.02662607708,93.22737434181892,1866.2603122032,21335.5143126221,466.29185458333313,133.48873184027798
ra,0612,2025-02-23,50714.67850300745,-964.2641670330377,2810.490447792595,52560.904783767015,829.920652274305,156.7208076237756
ra,0612,2025-02-24,48872.92963866057,-52.65379109985827,1554.6181688291017,50374.894016389815,345.7971563368066,404.26543299932916
ra,0612,2025-02-25,50286.719454247046,-2096.681835829261,2055.600156731862,50245.63777514965,526.7411113541635,35.08302215722529
ra,0612,2025-02-26,45621.18783910876,2322.3564775977275,1396.79178343399,49340.33610014048,374.31415644097115,2372.131621699532
ra,0612,2025-02-27,46458.005479387604,395.4740863125115,1732.6954932997937,48586.17505899991,429.4844869965259,630.0988892968556
ra,0612,2025-02-28,18126.6548022966,490.15816205937915,1280.8704456178607,19897.68340997384,320.263009982638,325.3307504513896
ra,0612,2025-03-01,20569.518945409152,-339.5972361160199,1599.9673831194275,21829.88909241256,455.7873496527778,1.797996545140336
ra,0612,2025-03-02,52413.07648195604,1036.199452131095,1057.863451206012,54507.13938529314,216.77250795138798,1108.3654786874708
ra,0612,2025-03-03,53792.238905705475,-387.50136894124427,1540.6831328800763,54945.42066964431,405.9771874479161,961.810008211804
ra,0612,2025-03-04,47936.83014368905,1474.466777123085,1598.5392418626166,51009.83616267474,472.95499407985966,1323.7986327814235
ra,0612,2025-03-05,50451.454776691404,-1764.4930431297958,1661.6803889656169,50348.64212252722,446.6618690104182,20.426164652778766
ra,0612,2025-03-06,47033.81149934029,635.2273735083296,676.6489210761224,48345.68779392474,212.27774673610983,532.1383432733332
ra,0612,2025-03-07,19061.66883066464,-594.1782716380093,1079.8425165624353,19547.333075589067,315.16464348958425,0.0
ra,0612,2025-03-08,17221.552481867046,259.7926200460022,710.9584924688039,18192.30359438185,216.97829836805613,132.56419541666702
ra,0612,2025-03-09,47866.833649556036,-683.6397327236245,2011.1832881850503,49194.37720501746,546.0791585416671,35.47572460801288
ra,0612,2025-03-10,45678.52941338057,1462.1533358320494,2437.3155219600344,49577.99827117266,688.7077279340299,1234.3436750827093
ra,0612,2025-03-11,40918.04667660794,6395.357732551759,2159.5514572828547,49472.95586644256,499.3010640277781,5612.763784398137
ra,0612,2025-03-12,47171.54767610252,-651.8516841516589,1053.654231707212,47573.35022365807,332.53610506944403,0.005429536710664706
ra,0612,2025-03-13,46681.29729424257,711.5001478345004,1990.4448744230046,49383.24231650007,413.7849778472223,792.1854542113745
ra,0612,2025-03-14,16570.46284083221,802.6404675856483,2159.0675722858764,19532.170880703732,612.6907264756945,402.3737137231054
ra,0612,2025-03-15,16433.733451936532,1140.9155300514403,1186.9877855093468,18761.63676749732,295.1391889583324,505.4777078928203
ra,0612,2025-03-16,45282.230761416155,330.7858093491934,1210.9433845921053,46823.95995535746,343.4977050520844,1035.3200213715286
ra,0612,2025-03-17,41635.06330506165,426.91930610833515,3461.430860861417,45523.4134720314,782.6744003645829,489.9683290679026
ra,0612,2025-03-18,47992.68660874878,-2404.229305188893,1579.3247125512012,47167.78201611109,385.00371427083394,0.0010010084248222029
ra,0612,2025-03-19,39568.065098317784,4413.703277403032,1525.0777167284664,45506.84609244928,463.1197854513874,3906.336941769836
ra,0612,2025-03-20,45155.74661224417,-179.62667485377096,4733.068367508717,49709.188304899115,1329.1085411979184,439.23812605521243
ra,0612,2025-03-21,16184.703445592144,344.5406864022943,2062.529678636584,18591.77381063102,583.714833767362,174.6585327979547
ra,0612,2025-03-22,17139.269525937274,-173.94713706286484,935.6076973799591,17900.930086254368,318.1173246180562,2.0463630789890885e-12
ra,0612,2025-03-23,45825.33810843277,-2195.1174980938845,1086.2074817729635,44716.428092111855,288.8520977256952,0.0
ra,0612,2025-03-24,42768.195358812256,-333.6455806273829,1520.860088800464,43955.40986698534,509.62463072916967,604.910493919386
ra,0612,2025-03-25,47462.09187885585,-2638.4423667411866,2273.7542299657944,47097.40374208045,642.6511961111117,4.569408842207935
ra,0612,2025-03-26,40746.86408758645,-479.81203954783496,1447.6036772966136,41714.65572533523,447.9767142881941,653.5342592708331
ra,0612,2025-03-27,43557.860870021206,-1028.104811638239,3722.3661807073518,46252.12223909032,932.1411202083295,5.361644027778084
ra,0612,2025-03-28,16113.917769771311,3.905534033810511,872.7583703650205,16990.581674170142,238.67622083333384,15.111102762894426
ra,0612,2025-03-29,15177.26702214103,886.2756990501664,791.4879745720577,16855.030695763253,182.9454662847221,518.4017590822027
ra,0612,2025-03-30,42214.33453146451,-2566.2976020772276,5193.887727507066,44841.92465689435,1224.8778344270827,3.4059614967600282
ra,0612,2025-03-31,36944.41594891604,6345.433272086799,1912.7520468943328,45202.60126789717,507.7931680034703,4257.92496682976
ra,0612,2025-04-01,44960.14421034779,-1005.8028468352495,1540.8349872484355,45495.17635076097,458.1199572569444,268.05497168402724
ra,0612,2025-04-02,42671.10594895561,1052.78708763595,1826.6534550341282,45550.54649162569,449.33740935763865,230.31153100805918
ra,0612,2025-04-03,44286.63372482473,-2390.76629260206,970.8503056367701,42866.71773785944,291.3754610937499,0.0
ra,0612,2025-04-04,14930.44591403391,341.37574074630936,1393.9377926474222,16665.75944742764,341.47483949652815,61.7592907118062
ra,0612,2025-04-05,14834.082709539314,361.3070203228766,3281.8474229145204,18477.23715277671,777.4610717361085,232.97114991680218
ra,0612,2025-04-06,40983.0183446371,-461.5616643292185,831.2176588026491,41352.674339110534,206.29001451388933,676.119825005446
ra,0612,2025-04-07,35904.27264513087,2621.6944863454073,1606.03116876195,40131.99830023822,436.28781071180697,1435.790746985628
ra,0612,2025-04-08,42398.41218592152,-1830.1113423414026,2210.35100946919,42778.651853049305,461.7329824131953,40.18478750072006
ra,0612,2025-04-09,40797.98064493376,1045.7624724866082,1170.4240945663091,43014.167211986685,289.74135239583524,2044.98161390023
ra,0612,2025-04-10,40371.72821904984,-535.1379306768952,2452.5319930227997,42289.12228139574,534.0323293229154,677.9370173524768
ra,0612,2025-04-11,13983.004064090157,765.8686148305615,3158.720072645333,17907.59275156605,733.179467500001,309.218036328955
ra,0612,2025-04-12,15621.985001925925,-219.23563045220828,680.0862163277011,16082.835587801417,201.116283055556,9.228330676474314
ra,0612,2025-04-13,37805.917919597065,173.05877411949268,1226.9809580445976,39205.95765176115,287.0750586805548,189.85005196889824
ra,0612,2025-04-14,40375.276384159755,-2644.1934997316966,4262.077299235911,41993.160183663975,1011.4054194791645,353.95631646500385
ra,0612,2025-04-15,34879.79136316691,2740.0891710898586,1031.3501509807202,38651.23068523748,231.697986267361,1256.4180080464448
ra,0612,2025-04-16,38516.07293426462,1750.0891024027483,2183.1142859354823,42449.276322602855,534.4256779166656,786.0628811602405
ra,0612,2025-04-17,35717.511151048835,2961.274787716399,1065.2023905498259,39743.98832931506,276.7429495312497,3693.3191416861328
ra,0612,2025-04-18,14305.505924315776,284.023178710183,1730.4799376338397,16320.0090406598,438.0972686111099,122.68960670042307
ra,0612,2025-04-19,13600.501805955962,1227.8655586365928,1074.1388321241188,15902.506196716675,299.0376642708341,789.7033312039316
ra,0612,2025-04-20,35934.1849114784,819.9342687447901,1955.0163432255588,38709.13552344875,569.9878836111096,904.59050458906
ra,0612,2025-04-21,38382.87903062149,-1993.6433054860413,4023.9686347604584,40413.204359895906,1094.8559795659714,0.0
ra,0612,2025-04-22,33937.35115481391,4002.9720349519716,2259.9627448756446,40200.28593464152,651.3921867881946,3022.301680060099
ra,0612,2025-04-23,33243.99457501482,3686.1819277747363,1444.5607765447803,38374.73727933433,395.1298310590273,4608.03623007265
ra,0612,2025-04-24,34458.051635052834,1412.2167223856807,1466.3428443325956,37336.61120177111,487.0983010069431,888.5295506860871
ra,0612,2025-04-25,13926.823707788462,-176.57172698258458,944.4170714484624,14694.66905225434,278.06695711805503,86.84674482864027
ra,0612,2025-04-26,13801.946841202238,403.0836879371658,1263.9299671880308,15468.960496327434,313.3624870138889,188.4552105697252
ra,0612,2025-04-27,34025.24395524783,1838.180359393142,1859.0221542431275,37722.446468884096,434.93674921875026,1846.1437417874113
ra,0612,2025-04-28,41201.27214491156,-610.3929789064209,764.4177046566999,41355.29687066184,219.8178874999997,421.7830766942063
ra,0612,2025-04-29,35162.40064610867,363.4221396587657,505.71922149604063,36031.54200726347,96.40505102430535,723.7058855505679
ra,0612,2025-04-30,33793.970772740264,-390.0922540723903,4551.962806307854,37955.84132497573,1218.158986336805,77.01672636528355
ra,0612,2025-05-01,35545.17006048975,138.09560241255798,9882.75973077531,45566.02539367761,2132.8546435590274,362.90244074506774
ra,0612,2025-05-02,15272.298682004022,-237.57822127985253,6637.070736367087,21671.791197091257,1429.8209229340277,0.0
ra,0612,2025-05-03,14353.45928523194,97.69941351838418,7431.801925365635,21882.96062411596,1431.5075418055558,0.0
ra,0612,2025-05-04,37363.69484466032,-2061.285801202726,13548.030022098792,48850.439065556384,3302.716802410792,0.0
ra,0612,2025-05-05,39150.807200516734,-1199.8682019915652,8580.968706854912,46531.90770538008,1875.4234881423595,0.0
ra,0612,2025-05-06,33673.77876075367,2626.9147419205074,8133.211983359524,44433.90548603369,1931.367587413195,2614.7889839541835
ra,0612,2025-05-07,36481.54034539132,2077.196958746954,6002.183326586824,44560.92063072509,1255.5866202604154,2603.136962938643
ra,0612,2025-05-08,41658.97084021023,19.082492121925384,2293.4608282559147,43971.51416058807,484.97321538194535,832.9500266350439
ra,0612,2025-05-09,16686.44786225936,923.586014512152,1075.8484279972029,18685.882304768715,292.74198786458265,567.5915437911808
ra,0612,2025-05-10,16472.595116010747,1465.4113287567836,588.7696309856052,18526.776075753136,159.9806417534715,649.6851170043059
ra,0612,2025-05-11,40611.61169952751,478.9664369361078,1901.942266819145,42992.52040328276,470.43037607638786,653.5439553891313
ra,0612,2025-05-12,36452.405971902524,4293.812445390362,990.8001874151648,41737.01860470805,341.91775067708306,2388.0123886499996
ra,0612,2025-05-13,41961.95809973611,-1052.000111680421,3129.741600962591,44039.69958901828,694.1556729166682,694.0578882545667
ra,0612,2025-05-14,41645.09550668002,-995.2227254305633,1304.1661172213526,41954.03889847081,336.37444541666605,763.5859632812499
ra,0612,2025-05-15,41210.47893106092,461.41264029784384,1145.7186774970733,42817.61024885584,306.30571463541605,1381.276694255535
ra,0612,2025-05-16,16971.298613370334,-285.77922005386677,867.8877355808831,17553.40712889735,296.92071600694385,98.0668362860051
ra,0612,2025-05-17,16970.088615996177,134.19864991872484,1312.9137921965525,18417.201058111455,377.8190146354161,83.52445729993264
ra,0612,2025-05-18,42850.427439842955,-1401.009753377661,471.2247316390618,41920.642418104355,139.9051879513887,94.15967238940095
ra,0612,2025-05-19,38544.663184605044,-423.6095549293083,1153.323297015815,39274.37692669155,218.3108148263887,547.5286120054163
ra,0612,2025-05-20,38473.80151185996,1867.16305271375,987.8046394330245,41328.769204006734,254.0709154687511,1210.4867416129966
ra,0612,2025-05-21,36715.35133126568,4148.310780864626,1042.3579883712225,41906.020100501526,267.66576911458276,3137.7218795348763
ra,0612,2025-05-22,38067.92566876672,81.21826956942135,1044.219946520835,39193.363884856975,253.6814996354177,324.74570501931134
ra,0612,2025-05-23,16316.454738489494,1425.3579653032689,422.5818952281942,18164.394599020958,154.67684355902767,993.1761617996694
ra,0612,2025-05-24,17257.567871059575,-11.669799791177809,479.30739724639153,17725.20546851479,131.90610689236172,71.04610454990114
ra,0612,2025-05-25,38651.627264348775,-272.54945337904405,1734.793073377316,40113.87088434705,550.7717570136704,314.2502012774997
ra,0612,2025-05-26,37849.44305659678,3962.893556369034,795.2925077689204,42607.62912073473,285.3465411458325,4948.783793691411
ra,0612,2025-05-27,36459.448361273055,3547.6967399242694,1829.7410458305849,41836.88614702791,438.33967602430624,1720.5319583291607
ra,0612,2025-05-28,40338.372336261484,113.88152242577104,312.8667544244521,40765.12061311171,143.2409091666662,544.7031137884974
ra,0612,2025-05-29,39653.74868712945,1500.5188943944695,965.0533933062599,42119.32097483018,293.3835236111112,1068.7110203486207
ra,0612,2025-05-30,17042.4470761763,597.4074401492824,726.7142466382109,18366.568762963794,225.2788884374998,341.7578828087281
ra,0612,2025-05-31,18490.066854064244,-599.6106611357656,806.5243984812682,18696.98059140975,260.49709211805555,0.0
ra,0612,2025-06-01,49890.38644923142,-2402.6154284462673,17119.06923617601,64606.84025696116,4503.537252430555,109.27797062499772
ra,0612,2025-06-02,50887.796837342954,-3621.2989520818105,16885.564865602813,64152.06275086396,4668.893242829864,47.81951927482601
ra,0612,2025-06-03,46782.42409098567,436.1683541527116,13267.128014931604,60485.72046006998,3489.961621649309,143.48617502081484
ra,0612,2025-06-04,53847.69158970906,-839.9342100219883,11521.673479802092,64529.43085948916,3427.419535868057,29.703641013765036
ra,0612,2025-06-05,45861.5635744071,995.4006561530008,11610.970080048735,58467.934310608834,3176.0166235243037,1079.4712147838727
ra,0612,2025-06-06,20396.356073955645,-553.6257334305221,13850.956730784677,33693.6870713098,3449.503284166667,0.0
ra,0612,2025-06-07,22340.788466858223,1021.075245319569,7317.504801220019,30679.368513397807,1916.6320362847225,431.3691011798817
ra,0612,2025-06-08,50525.145127185664,858.9207907252727,985.9225703480968,52369.988488259034,300.0851703298604,1920.4501937967038
ra,0612,2025-06-09,57273.45854873158,-2080.3405299412857,1324.9673153907747,56518.085334181065,410.36406560763726,14.807427559520121
ra,0612,2025-06-10,52627.73983992172,2030.4549213168698,2038.8204674680173,56697.01522870661,705.8735416840265,1120.5824291993692
ra,0612,2025-06-11,57457.14979452057,1369.5488571294318,1056.4777560093903,59883.1764076594,233.48783953124956,825.75265777043
ra,0612,2025-06-12,55720.908829429594,-658.3429309226514,1355.6961540624225,56418.26205256937,293.1338119791665,80.5463787847232
ra,0612,2025-06-13,24322.188732456718,1218.791458750362,776.0531240673889,26317.033315274468,162.75176265625058,321.72867817640423
ra,0612,2025-06-14,24964.482405784263,-463.7103427984074,652.5213215554447,25153.2933845413,175.12499053819502,0.0
ra,0612,2025-06-15,51663.526967421545,3041.030775794597,510.6620821430938,55215.219825359236,126.05184633680614,3400.9589575774203
ra,0612,2025-06-16,54333.01122143434,672.2183353861545,1068.916361034225,56074.145917854716,291.9533274305548,1038.4289927890989
ra,0612,2025-06-17,55127.46933424466,2149.740063864492,1497.542896589278,58774.75229469843,370.02257126736276,1566.5085827407265
ra,0612,2025-06-18,55674.36405787967,1484.0294334621472,805.844961397921,57964.23845273974,215.04601663194325,888.3668101118027
ra,0612,2025-06-19,52290.14376845619,1980.2744516793118,2467.152348147434,56737.570568282936,715.9117861111117,3099.3354933018372
ra,0612,2025-06-20,24117.1574011792,-246.69578711284112,417.3486808341379,24287.810294900497,121.38529626736049,9.084813052009288
ra,0612,2025-06-21,23665.2780476794,113.26195953346733,36.78784788499826,23815.32785509787,8.828377222221803,78.60893819117138
ra,0612,2025-06-22,50221.93799845673,3390.223537355723,2140.96644663357,55753.127982446014,518.7168237847229,2579.5666707951377
ra,0612,2025-06-23,52326.158382479785,624.1297218062882,324.95221710327854,53275.240321389356,97.36102600694375,307.0916147922195
ra,0612,2025-06-24,59784.1932820332,-938.7416709054224,744.6527689151884,59590.10438004297,218.4510256770827,0.03907069444449007
ra,0612,2025-06-25,52109.320474530905,3098.583894533593,1273.4177452684178,56481.322114332914,253.82909024305508,2757.003138607674
ra,0612,2025-06-26,51271.35665889912,2288.6146138417344,417.57962233724265,53977.5508950781,98.77825739583392,2442.1243246496406
ra,0612,2025-06-27,24368.06829852779,-745.0038551345484,1458.0104059238756,25081.074849317116,317.8101988541676,0.0
ra,0612,2025-06-28,23385.417783810182,470.7193185182615,333.22585839119773,24189.36296071964,98.8840274652776,297.2999941808542
ra,0612,2025-06-29,49434.17602214997,4842.539036936533,2566.4292398660023,56843.14429895251,815.8864551909738,4628.460264673582
ra,0612,2025-06-30,54162.83483156204,387.08621447183225,2014.9142333297164,56564.835279363586,504.0886621701392,815.5107919673625
ra,0612,2025-07-01,47159.82742081048,1408.6701055461438,23699.87304771682,72268.37057407344,6698.056746006946,1354.2921496657705
ra,0612,2025-07-02,45080.7796437513,-718.8205698904676,27422.388296205456,71784.3473700663,7262.442356944443,0.060233508423536364
ra,0612,2025-07-03,50834.6591359692,328.14101102761026,19758.037178747276,70920.8373257441,5432.085061458335,545.9894988620392
ra,0612,2025-07-04,20936.689286020963,1276.8009020010213,20075.400921390195,42288.89110941218,5413.482297465278,357.0754890277788
ra,0612,2025-07-05,21813.542237655714,100.54756488238131,20854.319753614538,42768.409556152634,5518.525553975695,108.13955258142668
ra,0612,2025-07-06,48907.04237404137,5023.1252486110825,15082.394182635664,69012.56180528812,3870.939578368053,5586.592846584056
ra,0612,2025-07-07,49793.50376861413,684.2824028273462,16370.450900802534,66848.23707224401,4247.609662881945,571.338731724211
ra,0612,2025-07-08,62008.714674144445,-317.36275205304173,931.2267243011787,62622.57864639258,204.08831682291446,577.1625067199229
ra,0612,2025-07-09,61570.93886122218,-1547.0945421529275,164.6661491217712,60188.51046819103,36.97236868055563,336.873368159724
ra,0612,2025-07-10,57525.43657549973,1068.6055668162285,742.4582008998468,59336.500343215805,268.63911743055667,1277.8735636682388
ra,0612,2025-07-11,31369.246116776267,-775.4627615143241,1073.5838844363207,31667.367239698262,260.39217341366856,2.2737367544323206e-13
ra,0612,2025-07-12,29774.619514659247,1508.0398203792206,403.68932621463455,31686.3486612531,102.90661517361093,1163.7528165004132
ra,0612,2025-07-13,62067.95619797085,-3865.9658839003805,368.00798498053837,58569.99829905101,90.46734795139014,0.005910063827855083
ra,0612,2025-07-14,57788.759547806054,-701.7069542867815,950.3206962654564,58037.37328978473,228.46695503472154,585.8961260810611
ra,0612,2025-07-15,60744.07819701846,-2033.8450189500563,979.6572356111155,59689.89041367952,272.63250638889053,146.89379260850785
ra,0612,2025-07-16,58939.62437235261,96.08946247441577,879.6671819124958,59915.38101673953,262.2842280034734,439.5332373419849
ra,0612,2025-07-17,57269.31341783434,1479.5268806025526,544.3498601855653,59293.19015862246,115.78536715277801,1114.7327618447594
ra,0612,2025-07-18,32837.845300007466,-1523.3477662439223,833.4312302959102,32147.928764059456,187.97565300347196,6.627466631944003
ra,0612,2025-07-19,32855.520933101434,-427.96209037386984,898.852894128541,33326.411736856106,314.85703418402727,128.18115480971508
ra,0612,2025-07-20,60654.02523138945,-1146.6650401322613,96.63681838013045,59603.99700963732,22.131206093750052,331.9327527291323
ra,0612,2025-07-21,62190.61754846688,1016.6452818675116,158.16118597126837,63365.42401630565,39.39967736111157,81.23463043402899
ra,0612,2025-07-22,59460.94216198247,5147.353809994476,326.24016079711623,64934.53613277407,79.2154888194438,2158.097525746526
ra,0612,2025-07-23,67006.63677794058,-4054.735743365182,1272.1587738537396,64224.05980842914,331.42380869791646,36.619071662673036
ra,0612,2025-07-24,66203.22335648011,-3531.97181968283,0.0,62671.25153679728,0.0,0.0
ra,0612,2025-07-25,30388.022254560623,27.225490532249978,303.247919581589,30718.495664674465,68.29032017361124,262.59703498767703
ra,0612,2025-07-26,31022.051816241863,264.76641522882375,137.48296842670175,31424.30119989739,54.078097361111304,186.3594425868049
ra,0612,2025-07-27,60051.42516813529,605.3560162793026,202.16303431482515,60858.94421872942,93.13009069444388,1358.1537877566816
ra,0612,2025-07-28,61759.2914290925,861.2380616700111,81.0051318947845,62701.534622657295,35.867366128472895,520.955044253456
ra,0612,2025-07-29,60598.55385663865,3620.4526994919197,0.0,64219.006556130575,0.0,3354.4306064901884
ra,0612,2025-07-30,55423.85397043812,7919.577635817742,0.0,63343.43160625586,0.0,7522.362050565856
ra,0612,2025-07-31,57212.8763668218,2382.7226024106403,576.5175869646866,60172.11655619713,124.83250944444413,2093.333242407397
ra,0612,2025-08-01,28886.31427629154,-865.7619267880251,797.0000339771491,28817.552383480666,262.89349855902924,20.062806670485262
ra,0612,2025-08-02,29423.03941787633,-777.0648221743388,441.313975594872,29087.288571296864,98.21591741319503,21.3242057465294
ra,0612,2025-08-03,47834.324564487295,871.6043099933554,1342.4649633126135,50048.39383779326,322.71849989583313,136.08689576091382
ra,0612,2025-08-04,50960.191117742914,157.60830246522414,2225.124395671901,53342.92381588004,515.513941840278,2413.6799688562096
ra,0612,2025-08-05,49305.70657444157,1449.809754600795,1216.5117002405823,51972.02802928294,259.96149701388896,2715.8194809975644
ra,0612,2025-08-06,54981.85958750613,-955.6409489362225,1096.9933261727979,55123.21196474271,268.5624084895841,0.9071223611111918
ra,0612,2025-08-07,54096.50926970655,-2063.635126191137,924.8252722825708,52957.69941579798,294.29679203125033,734.004639440869
ra,0612,2025-08-08,25934.899605609826,-38.69963421568749,422.3417207476866,26318.541692141822,156.57715065972351,45.76296181427949
ra,0612,2025-08-09,25750.01399627495,190.07176104036895,1401.536297046011,27341.62205436133,358.74703626736243,21.12198571180552
ra,0612,2025-08-10,50984.70546503182,-1223.5557013508424,1284.3165610103813,51045.466324691355,358.9558702604167,0.0
ra,0612,2025-08-11,48780.40626118782,1550.3587938017868,1193.960834178141,51524.72588916775,289.4159757118057,1323.8044494467936
ra,0612,2025-08-12,52030.0577469179,-53.1307283573006,1169.7534300105228,53146.68044857112,312.52795163194503,562.5951891636378
ra,0612,2025-08-13,47255.289577902775,1597.2451746585443,1609.739995093043,50462.27474765436,371.06844501736236,1823.5080259782208
ra,0612,2025-08-14,49231.46052689442,1951.9776033820103,1301.6543752643329,52485.092505540764,285.41357706597114,3130.3662827376716
ra,0612,2025-08-15,26375.946544146173,-771.3381742040153,1446.3032083140788,27050.911578256237,461.4742369270833,77.89460763852901
ra,0612,2025-08-16,27838.68637959911,-1236.4828030158624,1623.4091407319352,28225.612717315184,351.0839245138887,157.26831776584842
ra,0612,2025-08-17,50203.31050494702,-592.4033228351238,1605.6990097025985,51216.60619181449,358.8126572048616,474.9621528544318
ra,0612,2025-08-18,49574.383997653546,-926.0726930871534,2336.0595903642143,50984.37089493061,580.079993784721,0.0
ra,0612,2025-08-19,48852.82288120389,843.0339380799214,2657.077200328732,52352.93401961254,617.8368747743068,140.600031431346
ra,0612,2025-08-20,53416.74180220327,248.44885551925006,2356.600940733569,56021.79159845609,550.7521762847211,1186.9551966184367
ra,0612,2025-08-21,51010.364563325194,-292.7591765350686,2165.2548481598396,52882.86023494997,578.2785278298605,988.6241395055371
ra,0612,2025-08-22,26166.923830631433,-467.52832236615734,3077.7393508888654,28777.13485915414,832.2645208333334,69.2335443746388
ra,0612,2025-08-23,24765.08341431415,1055.2139721433073,1357.7857209209092,27178.08310737837,409.4727420659717,723.3719324541614
ra,0612,2025-08-24,49085.89061222761,2191.4309024941213,2032.0352699056643,53309.356784627395,564.5531183680548,89.86540675890868
ra,0612,2025-08-25,62837.43111237693,-5753.302594326635,1163.0522867445343,58247.18080479483,301.5948961458342,2.9033306423643808
ra,0612,2025-08-26,49283.154065943774,810.6056250754582,646.3221414870097,50740.08183250624,196.58271097222078,1564.000171918302
ra,0612,2025-08-27,49668.053920665654,5149.067140541158,431.38013928629,55248.5012004931,96.00589345486054,3594.3529387349727
ra,0612,2025-08-28,47951.24866730184,5865.414872426905,3342.845442277278,57159.508982006024,799.0843943923593,4379.125723152487
ra,0612,2025-08-29,27572.42904721621,485.41974845626737,1353.81867984433,29411.66747551681,318.6815977604165,0.0
ra,0612,2025-08-30,26645.04868445031,-426.13379268234553,780.9209508005341,26999.835842568496,229.59947590277653,0.9571293402769356
ra,0612,2025-08-31,48869.44432726022,1121.5865211098883,2527.723497150594,52518.754345520705,648.7629397569435,1629.0627146465413
ra,0612,2025-09-01,54000.96142267145,-993.7324904575617,0.0,53007.22893221388,0.0,289.46273500542964
ra,0612,2025-09-02,47740.26552222854,3338.0068736913904,262.51089423083374,51340.783290150765,68.19803317708337,2105.3746408826264
ra,0612,2025-09-03,50471.49412823614,-291.3669644469281,104.57391729780937,50284.70108108702,23.05040079861226,424.91819733900223
ra,0612,2025-09-04,50335.64300895706,-789.4384424634446,430.65462490348534,49976.859191397096,139.12013062499892,118.19822585069403
ra,0612,2025-09-05,25816.808631267006,-442.07871127841554,21.515860678486945,25396.245780667075,6.83916706597131,168.44763171272604
ra,0612,2025-09-06,25923.06686563504,-188.74211044770306,111.00736973291595,25845.332124920253,26.74382619791652,161.48568570580218
ra,0612,2025-09-07,47484.008995595446,4047.433792269391,542.7596186828063,52074.20240654764,98.405270381945,3434.9071400253447
ra,0612,2025-09-08,44854.86284239436,779.177994663385,688.2420280809183,46322.28286513866,186.22285277777752,1404.4818724379911
ra,0612,2025-09-09,39266.34622939747,4071.098024699117,888.2212512614791,44225.66550535807,203.67538614583407,1828.6896182932562
ra,0612,2025-09-10,46287.83846310087,730.117590404667,2064.258563786455,49082.21461729199,518.9402583680528,586.8424846230643
ra,0612,2025-09-11,45783.786381792845,-2774.1531441609263,1942.7915815438146,44952.424819175736,436.8591169444449,14.176714089682989
ra,0612,2025-09-12,20245.765089793593,635.0917960325896,1901.0693822658368,22781.92626809202,504.48086666666774,79.92029681272138
ra,0612,2025-09-13,20146.498772296312,91.1745174800033,786.0687910910226,21023.742080867338,186.42887913194608,123.47550630892053
ra,0612,2025-09-14,49050.66387297839,-2261.5376480358395,740.0633142440039,47529.189539186555,246.0093165451394,8.546322485965717
ra,0612,2025-09-15,39846.07266078038,737.2519955946035,2825.941442666245,43409.26609904123,655.1617302951394,260.14153881634473
ra,0612,2025-09-16,47860.196699378066,-2353.0936740347142,1129.5491345127082,46636.65215985606,326.0352621874996,128.4645638023909
ra,0612,2025-09-17,46007.31424308068,-1622.3693283079253,1547.575353473269,45932.52026824602,444.44403861111186,5.274625973693304
ra,0612,2025-09-18,40677.78505056866,6083.9608519764615,1214.28300825952,47976.028910804635,273.39228020833326,5308.155873668551
ra,0612,2025-09-19,19931.293336724135,323.52341338922696,1290.9067761592385,21545.7235262726,400.2789641493062,163.99360058428152
ra,0612,2025-09-20,19886.960297891535,-227.65090273789048,2193.470499037895,21852.779894191543,519.8286810069437,126.82044128816327
ra,0612,2025-09-21,45270.53418051009,-978.2764337229805,1940.1224987447931,46232.3802455319,450.7095653645838,114.90644256314192
ra,0612,2025-09-22,47574.263135209505,-3044.081854071513,4484.6901253187525,49014.87140645675,1238.2557844444414,8.902430322674675
ra,0612,2025-09-23,46922.77768074373,-1574.1275924856454,2893.592104582962,48242.24219284105,649.3650145138879,4.763508289661445
ra,0612,2025-09-24,40275.529200628334,3257.410043839926,2929.7932293296703,46462.73247379793,871.881292361111,3849.926803773881
ra,0612,2025-09-25,44381.56078414051,1102.324161002778,3116.8435208515207,48600.728465994805,847.8024555902766,1161.6124374672115
ra,0612,2025-09-26,19979.416191918703,-512.6851380912766,1451.7811553537251,20918.51220918115,362.50514312500013,0.0
ra,0612,2025-09-27,19019.289775279598,1473.3429708448016,3850.6993932870164,24343.332139411417,1005.1081199826376,546.042388113417
ra,0612,2025-09-28,44656.29491871139,3813.3939787373724,2401.178481310596,50870.867378759365,691.5557681076405,1837.1982900493413
ra,0612,2025-09-29,46837.04647851255,-1803.6429696936602,8686.348731967675,53719.75224078656,2134.7745984895846,3.0820570714300572
ra,0612,2025-09-30,46608.55236701264,455.87075444989273,3533.4095115750024,50597.832633037535,920.2670069444428,955.7870880388818
ra,0612,2025-10-01,43286.93001912214,-1213.6933353631007,375.03565271885395,42448.272336477894,128.5881909201388,145.06935694085087
ra,0612,2025-10-02,48313.12807339796,-4089.2261612896964,758.4992765199625,44982.401188628224,248.62182229166572,0.12484090277769155
ra,0612,2025-10-03,17741.647864789596,545.0507091999823,969.4175720843873,19256.116146073968,270.70659647569545,403.9177401124571
ra,0612,2025-10-04,19818.684271329126,-188.2900145448892,1650.4170026864076,21280.811259470647,414.66780263888916,2.9053292750026074
ra,0612,2025-10-05,47167.140128611754,-2665.9759279038426,939.123572195611,45440.287772903524,297.6316187152783,316.8111771015331
ra,0612,2025-10-06,40961.663391205795,2212.3232476444064,1363.685946237585,44537.672585087785,414.20759093750246,2853.071607097375
ra,0612,2025-10-07,43429.16910815618,1032.9526971219132,391.8309957731693,44853.952801051266,118.56324454861134,1196.6970140445164
ra,0612,2025-10-08,39481.42978431711,-325.02233369587196,2278.425601488552,41434.83305210979,504.2934909895854,105.94796915282154
ra,0612,2025-10-09,46282.42699360684,-3864.6281997636343,3068.736010892313,45486.53480473552,667.2387377777768,2.3712080729177387
ra,0612,2025-10-10,17146.621018992602,-172.40309414404334,3279.1514590740044,20253.369383922563,843.13434328125,4.361725989583306
ra,0612,2025-10-11,17447.024851514234,302.7695640624644,789.9334230538005,18539.7278386305,194.3499552256945,47.79374163429597
ra,0612,2025-10-12,41700.926638456986,-320.6017634164209,3251.5961331390395,44631.921008179605,768.3780182986113,315.76583366904185
ra,0612,2025-10-13,43557.66030463703,-1434.336967863608,3536.371944373509,45659.69528114693,951.8481291666667,350.55330180560753
ra,0612,2025-10-14,45258.349846800644,-196.37101803942323,4052.0507052724543,49114.029534033674,1220.6371252777778,184.2440274545807
ra,0612,2025-10-15,47168.3356433076,-1609.13193045759,2120.319517060782,47679.52322991079,689.256250173614,2.0013963194444386
ra,0612,2025-10-16,44924.868996913385,15.632850620916699,1596.9479016163045,46537.449749150604,432.4456912326397,541.4230820516038
ra,0612,2025-10-17,16392.232040618233,1739.144302467422,1798.4189449094179,19929.795287995075,563.6342499999992,1320.5372339933633
ra,0612,2025-10-18,18637.84343717629,-399.13290240231123,1538.2768007686964,19776.987335542675,463.3035279687499,103.33808065972133
ra,0612,2025-10-19,46195.59294729711,-1147.0342075388871,2897.988352867351,47946.54709262558,712.1157015277761,10.605901062421594
ra,0612,2025-10-20,49333.9406609843,-1941.29200069732,1305.315323221728,48697.96398350871,334.90985833333366,0.0
ra,0612,2025-10-21,48156.33227375324,-871.412867043402,882.1091960778551,48167.0286027877,245.69550027777768,4.793215947115527
ra,0612,2025-10-22,45952.275332312754,966.1326585065239,1564.4886212334725,48482.896612052755,345.0575944965274,727.895524443232
ra,0612,2025-10-23,52787.80270095878,-3514.350203303975,2589.801955906706,51863.25445356151,699.6133086111124,487.90238715827184
ra,0612,2025-10-24,17682.43794148373,496.8980966014979,2515.3099620072144,20694.64600009244,595.0105011111114,258.96607151274725
ra,0612,2025-10-25,17787.62192481752,153.82721490211082,2710.25639862366,20651.70553834329,722.6682723611125,129.62156996892813
ra,0612,2025-10-26,48883.63708407787,-1622.5407235734842,2151.558941586555,49412.65530209094,646.3175014236114,190.0904778667799
ra,0612,2025-10-27,44577.986254186646,4400.4853576542355,481.6621616801481,49460.13377352103,127.99875571180554,2928.5829942027176
ra,0612,2025-10-28,44602.65726573684,3364.953190589899,605.1021825734567,48572.71263890019,160.85413284721986,2616.0819874764793
ra,0612,2025-10-29,49659.17120174294,-428.0494756793704,1128.746017853221,50359.86774391679,286.4411711805561,60.58367299163979
ra,0612,2025-10-30,43929.114960541425,1668.5189404549521,3145.110931884435,48742.74483288081,748.9799402083324,1496.314863027111
ra,0612,2025-10-31,19873.900016341035,-382.51045437040705,1273.939463157561,20765.329025128187,302.0223928819447,3.656425398692477
ra,0612,2025-11-01,18947.41904198635,153.61807762485853,1149.0107022580564,20250.047821869266,358.076044930556,27.361772039090937
ra,0612,2025-11-02,48705.90647574097,2052.736094114627,1899.1470566279913,52657.78962648359,420.9932587152754,2066.688554825176
ra,0612,2025-11-03,51934.83629063762,-1905.0024125179334,1104.9774083982352,51134.81128651792,320.87876111111,18.862707267234555
ra,0612,2025-11-04,47792.224660653075,1235.2567250138438,1659.6996771446566,50687.18106281158,367.9693399479157,511.65650000736036
ra,0612,2025-11-05,53568.346591728754,-2027.8902392063019,1670.5215360471936,53210.97788856964,473.3613421701357,4.6935898127242694
ra,0612,2025-11-06,49533.75755235004,1626.7593773516096,2031.1125303569008,53191.62946005855,492.9103271701357,1109.2831360453783
ra,0612,2025-11-07,18883.734414306175,323.73757023947246,1224.1194532981806,20431.591437843825,313.2627565451377,212.103530408659
ra,0612,2025-11-08,19218.95327406245,25.59798827242998,964.6153813636911,20209.166643698572,228.50818657986187,43.232482557419246
ra,0612,2025-11-09,51838.7437647709,-661.1443979938537,678.5258110480736,51856.12517782512,211.71597475694472,85.32476693419335
ra,0612,2025-11-10,52285.115745428935,1620.6331144475278,1740.0317099288168,55645.780569805276,347.81769166666516,1879.9677762690922
ra,0612,2025-11-11,54070.59790874097,-2006.0433813462223,1212.4591303724283,53277.01365776718,307.51903303819387,0.05489993055562081
ra,0612,2025-11-12,51433.0918494457,1738.7544799529753,1319.986498028288,54491.832827426966,261.89106835069407,1189.5112334243024
ra,0612,2025-11-13,50136.1887397886,1161.1305098335486,2049.2357043508678,53346.55495397302,576.4127353298609,1190.358344549446
ra,0612,2025-11-14,20202.04648333701,107.09550674578946,1453.1289730135613,21762.27096309636,392.56049920138946,0.0
ra,0612,2025-11-15,21911.1615585861,-548.1265670237894,1956.7972752700512,23319.832266832364,464.9128189409721,0.0
ra,0612,2025-11-16,51740.62926686938,2621.9524008531525,1639.023434883757,56001.605102606285,419.97961836805496,1213.2073849537387
ra,0612,2025-11-17,50243.00840643015,5930.5720918527495,784.3989629565159,56957.97946123942,249.32118638889017,4176.67976647752
ra,0612,2025-11-18,52764.27332199957,450.70539500215204,1997.2872680688454,55212.26598507057,508.61863652777754,302.28885954156385
ra,0612,2025-11-19,51953.807651995885,4898.321925027465,1304.1678053888272,58156.29738241217,361.9298391145833,2911.031807743696
ra,0612,2025-11-20,52015.182606427334,1074.6164743013412,1535.6729143466896,54625.471995075364,388.73609718749935,799.3496461456579
ra,0612,2025-11-21,20395.638456536428,827.8539782624925,872.743015535409,22096.23545033433,327.847174791667,575.3776535083123
ra,0612,2025-11-22,23054.73241211516,-745.1705245496801,1034.9202245606407,23344.48211212612,275.3269801736108,1.1368683772161603e-13
ra,0612,2025-11-23,52908.83207801742,2550.712046972189,944.2738738553116,56403.81799884492,261.6911123263885,1265.0051713746498
ra,0612,2025-11-24,51697.87043683011,409.64500448025643,2354.0153199018487,54461.53076121221,628.6048786111094,263.5535066426995
ra,0612,2025-11-25,60132.27668345142,-3074.099753347244,979.8582253470581,58038.03515545123,296.11610062500034,0.0
ra,0612,2025-11-26,56257.033994577774,120.9906773601258,951.9552962730058,57329.97996821091,242.2926250173617,567.7540951771857
ra,0612,2025-11-27,54582.120378494474,821.6078778802852,664.145856423331,56067.87411279809,158.6017056770828,328.79068944092916
ra,0612,2025-11-28,21066.45338784286,530.1338478914147,2149.102675128252,23745.689910862526,481.24470793402884,399.1432350880918
ra,0612,2025-11-29,26474.586924431867,-1336.0481684423257,611.0954583299476,25749.63421431949,216.185700329861,0.0
ra,0612,2025-11-30,56244.8311259499,1901.270942403823,1259.9231045630809,59406.02517291681,290.61431788194443,1055.1261949475315
ra,0612,2025-12-01,59543.11079136886,-2053.850633594642,19700.795171863618,77190.05532963783,5327.460523281249,10.304852500517882
ra,0612,2025-12-02,61185.21643130644,-1774.346718393378,16003.760200838693,75414.62991375176,4117.107803975691,24.242504373613997
ra,0612,2025-12-03,54696.28960490528,4528.978730272796,10493.070228373213,69718.33856355128,3151.4675211458307,4531.84830169404
ra,0612,2025-12-04,60553.20494036716,-2057.5728261869726,14673.87576547965,73169.50787965984,3995.1384153472236,0.814427812500071
ra,0612,2025-12-05,24656.713469480284,-163.22749685880916,7956.009003566822,32449.494976188296,2300.1412465625012,136.61836013647397
ra,0612,2025-12-06,26263.530043369756,-459.7477144174799,7088.973017996996,32892.75534694927,1983.7988661979184,338.44723459239646
ra,0612,2025-12-07,63401.1002653476,-1752.2035491438191,8301.717004422007,69950.61372062578,2437.6034773784722,23.14635511316419
ra,0612,2025-12-08,67348.98028360846,-617.7433780617907,593.5402278631748,67324.77713340985,104.21481729166646,67.48666633663356
ra,0612,2025-12-09,66864.87178284334,-1343.9751318971946,1203.9621255835773,66724.85877652973,258.66852140625025,72.26116197690942
ra,0612,2025-12-10,63551.66740420915,1783.8659299951373,649.0300448327662,65984.56337903705,138.13052524305493,1844.2365644736115
ra,0612,2025-12-11,66503.33839404317,-1441.52860533789,692.4033316337363,65754.21312033902,165.43037763888975,22.130527504860538
ra,0612,2025-12-12,29095.6686302609,1349.3842593427598,587.7023781642168,31032.75526776788,154.83056565972163,1195.2057923219331
ra,0612,2025-12-13,30214.59555900324,724.877017531865,575.8118880065819,31515.284464541684,111.33255274305583,448.5754444700035
ra,0612,2025-12-14,63064.264283729186,2437.6082865447293,686.9776353019785,66188.8502055759,126.17293911458306,2359.033761476122
ra,0612,2025-12-15,62914.311755732284,3623.083630560523,283.8520258810501,66821.24741217385,74.81501012152756,3138.6389510656586
ra,0612,2025-12-16,67323.72108338059,-932.9820548893473,255.3551555193638,66646.09418401061,87.76623416666587,18.756030154445853
ra,0612,2025-12-17,66973.76688536166,-1605.40577789072,1084.3204160135579,66452.6815234845,198.41746718749977,3.3541084530556873
ra,0612,2025-12-18,63980.79689653631,625.9315393070074,268.7649235237253,64875.49335936704,96.47790097222224,240.52421111868566
ra,0612,2025-12-19,28369.61757301056,957.4363496576386,768.3284206593061,30095.382343327503,231.00650822916674,1431.6602403680338
ra,0612,2025-12-20,30071.75379897938,-764.8908521875924,345.8718394360161,29652.7347862278,86.41539241319487,6.232442412847433
ra,0612,2025-12-21,65895.55168988503,196.54179020377364,1291.5811163833423,67383.67459647215,425.87227805555597,372.75657390105243
ra,0612,2025-12-22,64866.535182391315,763.6150599137382,608.244718736312,66238.39496104137,122.6566526736114,523.8427371260339
ra,0612,2025-12-23,66407.48407340245,-990.7807196320839,22.181712377601887,65438.88506614797,8.207453142360563,138.42169960243234
ra,0612,2025-12-24,65841.45840089113,-515.3569218882493,448.00557375711435,65774.10705276,93.73994239583263,26.929771701389086
ra,0612,2025-12-25,62892.26477120617,1833.2742921635374,711.8918752093463,65437.430938579055,222.1252255729168,1631.0462869177704
ra,0612,2025-12-26,28717.697077497094,826.4096120685383,824.1242521767266,30368.23094174236,175.46234678819417,845.263847104169
ra,0612,2025-12-27,29474.383544820957,181.93236695983455,223.1027340726389,29879.41864585343,56.85932373263873,374.90148983902964
ra,0612,2025-12-28,65201.47615861759,-592.7652100459027,746.8565785065573,65355.567527078245,153.54099838541762,30.545021756532265
ra,0612,2025-12-29,64356.25479259639,1878.694553691377,210.4823306380178,66445.43167692577,58.46229187499914,1616.8881332135563
ra,0612,2025-12-30,64781.44997879147,-424.8775259377155,267.2015425858072,64623.77399543956,99.94604300347214,156.9993967151502
ra,0612,2025-12-31,65513.66162274315,-566.4342198777049,708.0448732768502,65655.2722761423,207.26063062500012,7.671503615489655
ra,061218,2025-02-01,25850.967857004267,-342.739831204079,1100.8835822085057,26609.111608008694,222.30193090277763,0.0
ra,061218,2025-02-02,60213.50532586583,-948.9630140836916,139.82432914895685,59404.3666409311,43.91011902777734,98.83548531792417
ra,061218,2025-02-03,61496.36027273472,-2003.4584693669542,672.9434002086776,60165.84520357644,154.01275737847158,1.2545351061234555
ra,061218,2025-02-04,63793.22461437263,-1720.139950835493,474.2708721171372,62547.35553565427,170.28359211805602,122.24533765473399
ra,061218,2025-02-05,59379.822297991814,186.8391026708619,439.3631780146943,60006.024578677374,95.21250649305705,603.3568125342447
ra,061218,2025-02-06,63961.32174397692,-2876.9529476760417,190.12029204263905,61274.489088343515,54.90099734375002,0.0005986512569506885
ra,061218,2025-02-07,25854.31879522902,-1367.3155352573629,344.77528960554014,24831.778549577197,62.56983713541706,0.0011602653176224047
ra,061218,2025-02-08,20240.998603249882,842.9705915825048,1806.1124283154775,22890.081623147864,390.4380868229164,473.5952400079643
ra,061218,2025-02-09,58390.69523531402,-993.510429530382,336.7040096354673,57733.88881541911,81.85920965277745,12.1215546647974
ra,061218,2025-02-10,55942.695246622505,74.82361982401835,1329.266937356473,57346.785803802995,416.17763194444564,14.090461481122247
ra,061218,2025-02-11,56206.44042683104,-2424.9719051751263,2253.2914760296608,56034.75999768558,479.3168724652802,0.00993885959093177
ra,061218,2025-02-12,56257.640603084874,-2302.459171933702,2194.4137765632017,56149.595207714374,502.5603691319352,0.0005986512607023542
ra,061218,2025-02-13,52134.116725632884,-387.86253771955387,1491.2828567085296,53237.53704462186,313.1646375520826,513.3731235629666
ra,061218,2025-02-14,20336.395483866574,695.0682372276592,1687.810656205827,22719.274377300062,409.9459376562504,544.7867778068235
ra,061218,2025-02-15,21044.657900847094,-238.82708361665001,2612.1552091303697,23417.986026360817,710.619961718751,5.336875593785578
ra,061218,2025-02-16,56226.797413904074,-2922.999764288087,4357.288351883634,57661.08600149962,1092.2438275868026,0.0005986512592244253
ra,061218,2025-02-17,55311.941370935034,-3310.1970254856365,2423.695436634026,54425.43978208343,595.8549444444442,0.0015996596775664784
ra,061218,2025-02-18,49448.385882249204,1036.0973543267698,2365.8145321419015,52850.29776871787,562.1765575694444,1196.6358836280274
ra,061218,2025-02-19,49824.51545479277,492.37089753551976,2395.1382613602827,52712.02461368857,729.0906462152786,451.9813041313084
ra,061218,2025-02-20,51322.452962065116,-599.2049215690055,2450.7641223945875,53174.0121628907,558.1244345659734,146.98773660265067
ra,061218,2025-02-21,18746.51748237588,175.20509275948982,1431.2316789032388,20352.954254038606,386.5200363020839,115.28806948128867
ra,061218,2025-02-22,19376.02662607708,93.2283743418166,1866.2603122032,21335.515312622098,466.29185458333313,133.4893679031572
ra,061218,2025-02-23,50714.67850300745,-964.2631670330427,2810.4904477926057,52560.90578376701,829.9206522743068,156.7214062750337
ra,061218,2025-02-24,48872.92963866057,-52.652791099860885,1554.6181688291017,50374.89501638981,345.7971563368066,404.26603165058907
ra,061218,2025-02-25,50286.719454247046,-2096.6808358292633,2055.60015673186,50245.638775149644,526.7411113541626,35.08362080848508
ra,061218,2025-02-26,45621.18783910876,2322.357477597722,1396.79178343399,49340.337100140474,374.31415644097115,2372.132220350789
ra,061218,2025-02-27,46458.005479387604,395.4750863125144,1732.6954932998042,48586.176058999925,429.48448699652755,630.0994879481184
ra,061218,2025-02-28,18126.6548022966,490.15916205938004,1280.8704456178607,19897.68440997384,320.263009982638,325.33138651427055
ra,061218,2025-03-01,20569.518945409152,-339.5962361160161,1599.9673831194275,21829.890092412563,455.7873496527778,1.7986326080231265
ra,061218,2025-03-02,52413.07648195604,1036.2004521310948,1057.8634512060328,54507.14038529317,216.77250795139128,1108.3660773387319
ra,061218,2025-03-03,53792.238905705475,-387.5003689412428,1540.6831328800763,54945.42166964431,405.9771874479161,961.8106068630655
ra,061218,2025-03-04,47936.83014368905,1474.4677771230877,1598.5392418626166,51009.83716267475,472.95499407985966,1323.7992314326862
ra,061218,2025-03-05,50451.454776691404,-1764.492043129805,1661.6803889656276,50348.643122527224,446.6618690104199,20.426763304034296
ra,061218,2025-03-06,47033.81149934029,635.228373508329,676.648921076121,48345.68879392474,212.27774673610915,532.1389419245936
ra,061218,2025-03-07,19061.66883066464,-594.1772716380093,1079.8425165624353,19547.334075589064,315.16464348958425,0.0006360628802326573
ra,061218,2025-03-08,17221.552481867046,259.79362004599733,710.9584924688039,18192.304594381847,216.97829836805613,132.5648314795451
ra,061218,2025-03-09,47866.833649556036,-683.6387327236299,2011.1832881850582,49194.37820501746,546.0791585416682,35.4763232592708
ra,061218,2025-03-10,45678.52941338057,1462.1543358320478,2437.3155219600344,49577.99927117266,688.7077279340299,1234.3442737339692
ra,061218,2025-03-11,40918.04667660794,6395.358732551762,2159.5514572828647,49472.95686644257,499.3010640277798,5612.7643830494
ra,061218,2025-03-12,47171.54767610252,-651.8506841516584,1053.654231707212,47573.35122365807,332.53610506944403,0.006028187972162868
ra,061218,2025-03-13,46681.29729424257,711.501147834497,1990.4448744230037,49383.24331650007,413.78497784722185,792.1860528626332
ra,061218,2025-03-14,16570.46284083221,802.6414675856457,2159.0675722858764,19532.171880703732,612.6907264756945,402.37434978598424
ra,061218,2025-03-15,16433.733451936532,1140.916530051441,1186.9877855093482,18761.63776749732,295.1391889583331,505.4783439557018
ra,061218,2025-03-16,45282.230761416155,330.78680934919896,1210.9433845921053,46823.96095535746,343.4977050520844,1035.3206200227924
ra,061218,2025-03-17,41635.06330506165,426.92030610833496,3461.430860861417,45523.4144720314,782.6744003645829,489.9689277191635
ra,061218,2025-03-18,47992.68660874878,-2404.2283051888903,1579.3247125512005,47167.78301611109,385.0037142708337,0.0015996596873151248
ra,061218,2025-03-19,39568.065098317784,4413.704277403036,1525.0777167284664,45506.84709244929,463.1197854513874,3906.337540421099
ra,061218,2025-03-20,45155.74661224417,-179.62567485376994,4733.068367508715,49709.18930489911,1329.1085411979175,439.2387247064739
ra,061218,2025-03-21,16184.703445592144,344.54168640229943,2062.529678636584,18591.77481063103,583.714833767362,174.65916886083807
ra,061218,2025-03-22,17139.269525937274,-173.9461370628681,935.6076973799591,17900.931086254364,318.1173246180562,0.0006360628811989955
ra,061218,2025-03-23,45825.33810843277,-2195.2272731288854,1086.3608762729637,44716.47171157685,288.8765977256952,0.0
ra,061218,2025-03-24,42768.195358812256,-332.754131230919,1519.2982875046393,43954.739515085974,509.3749362847266,605.3838175706502
ra,061218,2025-03-25,47462.09187885585,-2639.3792460527206,2273.7542299657944,47096.466862768924,642.6511961111117,3.07859944117439
ra,061218,2025-03-26,40746.86408758645,-480.3497456677682,1447.6036772966113,41714.1180192153,447.97671428819297,653.4625828819442
ra,061218,2025-03-27,43557.860870021206,-1026.0503460729865,3722.3661807073518,46254.17670465557,932.1411202083295,5.361644027778084
ra,061218,2025-03-28,16113.917769771311,1.8236816404323748,887.4887158608539,17003.2301672726,241.0312486111116,15.111102762894426
ra,061218,2025-03-29,15177.26702214103,895.1596749128147,769.80259923,16842.229296283844,179.48297147569428,523.2449202189262
ra,061218,2025-03-30,42214.33453146451,-2549.67461812186,5144.532823266234,44809.192736608886,1216.9912184548605,10.941813550702648
ra,061218,2025-03-31,36944.41594891604,6344.502868956519,1912.7520468943328,45201.67086476689,507.7931680034703,4256.4398560923
ra,061218,2025-04-01,44960.14421034779,-998.9352215784171,1527.794912016875,45489.00390078625,456.0436774652781,268.05497168402724
ra,061218,2025-04-02,42671.10594895561,1066.1544090638433,1785.4236963069047,45522.68405432635,442.75065310763785,237.4150952148743
ra,061218,2025-04-03,44286.63372482473,-2392.9468583379467,987.4901846578816,42881.17705114466,294.0295217881941,0.0
ra,061218,2025-04-04,14930.44591403391,345.2952799401016,1384.00268788684,16659.74388186085,339.8943389583337,63.89645056258375
ra,061218,2025-04-05,14834.082709539314,391.20070583310223,3234.0229193466553,18459.306334719073,769.8390203993029,249.27184896579195
ra,061218,2025-04-06,40983.0183446371,-471.53567666421145,833.5933366010528,41345.07600457394,206.6428554166672,660.2462786426161
ra,061218,2025-04-07,35904.27264513087,2623.0588694437097,1611.1918340323205,40138.5233486069,437.10627927083567,1436.1964636211928
ra,061218,2025-04-08,42398.41218592152,-1828.2533570594376,2217.0333956341474,42787.19222449623,462.79531010416633,39.33050259650099
ra,061218,2025-04-09,40797.98064493376,1041.535072920041,1196.9408030241223,43036.45652087793,293.977383437502,2038.5449068695227
ra,061218,2025-04-10,40371.72821904984,-507.28479636265877,2397.3284547470203,42261.7718774342,525.207426874999,677.9370173524768
ra,061218,2025-04-11,13983.004064090157,780.6603092267376,3120.1942436594472,17883.858616976344,727.0919638020841,318.54610541662475
ra,061218,2025-04-12,15621.985001925925,-227.394214320551,680.0862163277011,16074.677003933075,201.116283055556,9.228330676474314
ra,061218,2025-04-13,37805.917919597065,168.83220858405343,1233.383218006056,39208.133346187176,288.0975202083325,189.85005196889824
ra,061218,2025-04-14,40375.276384159755,-2634.3549455751804,4261.858231177268,42002.77966976185,1011.3871309374983,353.95631646500385
ra,061218,2025-04-15,34879.79136316691,2812.4077582706727,1005.4986520060002,38697.69777344358,227.57584876736132,1294.7845330345076
ra,061218,2025-04-16,38516.07293426462,1741.1688493492898,2211.2322243008643,42468.47400791478,538.8751942708321,771.8509162210327
ra,061218,2025-04-17,35717.511151048835,2977.2085359679913,1030.4546199710662,39725.174306987894,271.20216371527727,3693.3191416861328
ra,061218,2025-04-18,14305.505924315776,270.78800319779475,1835.8155447578508,16412.109472271422,454.9597795138878,122.68960670042307
ra,061218,2025-04-19,13600.501805955962,1213.4775736859976,1164.7111739668103,15978.69055360877,313.4073422222231,760.553587626143
ra,061218,2025-04-20,35934.1849114784,819.7941426481999,1959.885794744308,38713.86484887091,570.7642011111095,904.3652981303492
ra,061218,2025-04-21,38382.87903062149,-1999.3246134317342,4049.787052822469,40433.341470012216,1098.9431657465266,0.0
ra,061218,2025-04-22,33937.35115481391,3996.8610456861925,2292.8012210801594,40227.01342158026,656.6303868576392,3010.2006896208127
ra,061218,2025-04-23,33243.99457501482,3685.182275182972,1441.758831913705,38370.9356821115,394.68252612847186,4606.442758301864
ra,061218,2025-04-24,34458.051635052834,1379.4476938960572,1672.6121361340515,37510.11146508294,520.0351802430552,849.8068818099739
ra,061218,2025-04-25,13926.823707788462,-160.0086914182113,913.2875671072117,14680.102583477463,273.2148475694438,86.84674482864027
ra,061218,2025-04-26,13801.946841202238,401.6629314335583,1251.777179653083,15455.38695228888,311.39471404513904,188.4552105697252
ra,061218,2025-04-27,34025.24395524783,1856.4797158555618,1862.3514250496899,37744.07509615308,435.4668456770836,1855.6569038286368
ra,061218,2025-04-28,41201.27214491156,-609.3379254665315,753.5794188018393,41345.51363824687,218.08998222222198,417.74984821952984
ra,061218,2025-04-29,35162.40064610867,383.68834427007613,505.71922149604063,36051.808211874784,96.40505102430535,734.2724678132167
ra,061218,2025-04-30,33793.970772740264,-334.37042743744263,4551.962806307856,38011.56315161068,1218.1589863368056,77.01672636528355
ra,061218,2025-05-01,35545.17006048975,129.90235392022413,9962.351186106222,45637.423600516195,2145.5183215104157,362.903305213955
ra,061218,2025-05-02,15272.298682004022,-246.24302317145322,6730.143594020647,21756.199252853214,1444.6443492361113,0.0
ra,061218,2025-05-03,14353.45928523194,93.99714744749619,7427.687159381581,21875.143592061017,1430.841481979167,0.0
ra,061218,2025-05-04,37363.69484466032,-1973.8496733332743,13333.725928660646,48723.57109998769,3268.6054832962122,0.0
ra,061218,2025-05-05,39150.807200516734,-1109.0621418255641,8276.580862064187,46318.325920755364,1826.9791873263885,0.0
ra,061218,2025-05-06,33673.77876075367,2657.4284966381983,8078.443155712537,44409.6504131044,1922.8031301215274,2630.9967606194687
ra,061218,2025-05-07,36481.54034539132,2095.6118742740673,6002.712459107281,44579.86467877266,1255.6781497048605,2603.625357992121
ra,061218,2025-05-08,41658.97084021023,71.26545457716821,2293.4608282559147,44023.69712304331,484.97321538194535,859.1345294011405
ra,061218,2025-05-09,16686.44786225936,914.3181663182754,1075.8484279972029,18676.61445657484,292.74198786458265,552.7010120586638
ra,061218,2025-05-10,16472.595116010747,1485.2931687995924,566.1730248028974,18524.061309613237,156.40613814236048,660.333138483385
ra,061218,2025-05-11,40611.61169952751,455.57792292481565,1943.414268906818,43010.60389135914,477.05316392361004,616.4523480860984
ra,061218,2025-05-12,36452.405971902524,4328.143913499362,990.8001874151648,41771.350072817055,341.91775067708306,2404.4040532804393
ra,061218,2025-05-13,41961.95809973611,-1059.1865303295288,3129.741600962591,44032.51317036917,694.1556729166682,682.6534495697965
ra,061218,2025-05-14,41645.09550668002,-997.4570949098945,1304.1661172213553,41951.80452899149,336.3744454166674,763.5859632812499
ra,061218,2025-05-15,41210.47893106092,493.1274797746261,1145.7186774970733,42849.32508833262,306.30571463541605,1381.276694255535
ra,061218,2025-05-16,16971.298613370334,-294.2048725916155,867.8877355808822,17544.981476359604,296.9207160069434,98.0668362860051
ra,061218,2025-05-17,16970.088615996177,217.0420783229779,1312.9137921965525,18500.044486515708,377.8190146354161,127.8957534110454
ra,061218,2025-05-18,42850.427439842955,-1416.6988511213215,471.2247316390618,41904.9533203607,139.9051879513887,69.2362310419428
ra,061218,2025-05-19,38544.663184605044,-400.4467021804068,1153.323297015815,39297.53977944045,218.3108148263887,559.8726890516948
ra,061218,2025-05-20,38473.80151185996,1909.9759058447994,980.3784705535453,41364.1558882583,252.91787317708443,1210.4867416129966
ra,061218,2025-05-21,36715.35133126568,4156.909508653513,1042.3579883712225,41914.61882829042,267.66576911458276,3136.9470694379143
ra,061218,2025-05-22,38067.92566876672,169.09470628649362,910.8833116268255,39147.903686680045,232.2881495312512,326.5646970806291
ra,061218,2025-05-23,16316.454738489494,1385.2321227323798,422.5818952281942,18124.26875645007,154.67684355902767,928.7026070463296
ra,061218,2025-05-24,17257.567871059575,-22.033776249565534,479.30739724639153,17714.8414920564,131.90610689236172,71.04610454990103
ra,061218,2025-05-25,38651.627264348775,-252.69421700874705,1734.793073377316,40133.72612071734,550.7717570136704,321.6866065410621
ra,061218,2025-05-26,37849.44305659678,3948.1962106677056,795.2925077689204,42592.93177503341,285.3465411458325,4925.444490656758
ra,061218,2025-05-27,36459.448361273055,3556.024327767113,1829.7410458305849,41845.21373487075,438.33967602430624,1717.8218665751083
ra,061218,2025-05-28,40338.372336261484,109.33815278194645,312.8667544244521,40760.57724346788,143.2409091666662,537.5140171561693
ra,061218,2025-05-29,39653.74868712945,1523.8638899141824,965.0533933062599,42142.665970349895,293.3835236111112,1068.7110203486207
ra,061218,2025-05-30,17042.4470761763,588.0050464870758,726.7142466382109,18357.166369301587,225.2788884374998,326.65116168386623
ra,061218,2025-05-31,18490.066854064244,-636.0969043775794,816.3210691818932,18670.291018868556,261.9521152430556,0.0
ra,061218,2025-06-01,49890.38644923142,-2274.2778672638738,16917.98383311917,64534.092415086714,4471.742756041665,109.27797062499772
ra,061218,2025-06-02,50887.796837342954,-3643.190733816319,17064.91019052337,64309.51629405,4697.503402447922,25.76617446180228
ra,061218,2025-06-03,46782.42409098567,489.64779203315624,13088.841998370957,60360.91388138977,3461.6127779340304,170.2639536983468
ra,061218,2025-06-04,53847.69158970906,-861.2004316209355,11665.459342031721,64651.95050011984,3450.2659593750004,16.848884155302866
ra,061218,2025-06-05,45861.5635744071,986.0649883740979,11657.595074737124,58505.22363751832,3183.4050571701378,1064.5269584350945
ra,061218,2025-06-06,20396.356073955645,-539.6735524235219,13803.610932270176,33660.2934538023,3442.0293648784727,0.0
ra,061218,2025-06-07,22340.788466858223,995.028236389666,7461.921842811786,30797.738546059674,1939.4830767013884,390.9155286863896
ra,061218,2025-06-08,50525.145127185664,901.5334607397468,985.9225703480968,52412.60115827351,300.0851703298604,1939.7453152475223
ra,061218,2025-06-09,57273.45854873158,-2097.94467590276,1324.9673153907747,56500.481188219586,410.36406560763726,14.807427559520121
ra,061218,2025-06-10,52627.73983992172,2029.5323720101376,2038.8204674680173,56696.09267939987,705.8735416840265,1119.1475930312004
ra,061218,2025-06-11,57457.14979452057,1369.6917163692451,1056.4777560093903,59883.31926689921,233.48783953124956,825.75265777043
ra,061218,2025-06-12,55720.908829429594,-618.167604878108,1355.6961540624225,56458.43737861391,293.1338119791665,80.5463787847232
ra,061218,2025-06-13,24322.188732456718,1208.0644453533482,776.0531240673889,26306.306301877456,162.75176265625058,305.18416636881426
ra,061218,2025-06-14,24964.482405784263,-430.36569691788964,652.5213215554447,25186.63803042182,175.12499053819502,0.0
ra,061218,2025-06-15,51663.526967421545,3029.555663920314,510.6620821430938,55203.74471348495,126.05184633680614,3400.9589575774203
ra,061218,2025-06-16,54333.01122143434,750.9527436021837,1068.916361034225,56152.88032607074,291.9533274305548,1067.2271819870182
ra,061218,2025-06-17,55127.46933424466,2165.4160756967435,1497.4239372038614,58790.309347145274,370.0049254340295,1566.5085827407265
ra,061218,2025-06-18,55674.36405787967,1474.3553395976055,805.844961397921,57954.5643588752,215.04601663194325,888.3676194238864
ra,061218,2025-06-19,52290.14376845619,2051.2181855985855,2466.8310594932673,56808.19301354804,715.8641277777783,3136.8767804677236
ra,061218,2025-06-20,24117.1574011792,-209.77631860011059,417.3486808341379,24324.729763413226,121.38529626736049,9.084813052009288
ra,061218,2025-06-21,23665.2780476794,89.40640951447394,36.78784788499826,23791.472305078874,8.828377222221803,65.30929256339505
ra,061218,2025-06-22,50221.93799845673,3407.743125294699,2140.96644663357,55770.647570384994,518.7168237847229,2588.7024685839174
ra,061218,2025-06-23,52326.158382479785,624.4560244224031,324.95221710327854,53275.56662400547,97.36102600694375,307.0916147922195
ra,061218,2025-06-24,59784.1932820332,-971.3664276025407,744.6527689151884,59557.479623345855,218.4510256770827,0.0
ra,061218,2025-06-25,52109.320474530905,3086.6409560739785,1273.4177452684178,56469.3791758733,253.82909024305508,2738.423848225728
ra,061218,2025-06-26,51271.35665889912,2281.1816260841606,417.57962233724265,53970.11790732053,98.77825739583392,2442.1251346091403
ra,061218,2025-06-27,24368.06829852779,-748.4769613900912,1458.0104059238756,25077.601743061576,317.8101988541676,0.0
ra,061218,2025-06-28,23385.417783810182,434.8085507905135,333.2570823286985,24153.483416929394,98.88865940972215,297.2999941808542
ra,061218,2025-06-29,49434.17602214997,4845.999302752358,2579.2145114632267,56859.38983636556,817.9247607465297,4630.197324210975
ra,061218,2025-06-30,54162.83483156204,364.2435952535134,2014.9142333297164,56541.99266014527,504.0886621701392,791.5809945955383
ra,061218,2025-07-01,47159.82742081048,1416.8920798411193,23717.25507299488,72293.97457364648,6700.680917517362,1358.383009757351
ra,061218,2025-07-02,45080.7796437513,-654.8307510841091,27239.348391165346,71665.29728383254,7233.274274913194,0.060233508423536364
ra,061218,2025-07-03,50834.6591359692,317.23679898664585,19862.792108536734,71014.68804349258,5448.698416180558,542.102869662026
ra,061218,2025-07-04,20936.689286020963,1289.126322204018,20060.560473331814,42286.376081556795,5411.06297638889,357.0754890277788
ra,061218,2025-07-05,21813.542237655714,170.34086633058592,20620.516323637054,42604.39942762336,5481.2864959548615,126.96460964880758
ra,061218,2025-07-06,48907.04237404137,5017.503675264634,15142.018733230609,69066.56478253662,3880.426284444442,5577.859741238615
ra,061218,2025-07-07,49793.50376861413,652.8222526129571,16509.679830584504,66956.00585181158,4269.857955121528,570.1504360297664
ra,061218,2025-07-08,62008.714674144445,-304.7038040802314,935.8311494730538,62639.84201953727,204.77217619791446,583.5798312380468
ra,061218,2025-07-09,61570.93886122218,-1573.8065702128447,164.6661491217712,60161.79844013111,36.97236868055563,294.42379088541554
ra,061218,2025-07-10,57525.43657549973,1112.7451442924294,742.4582008998468,59380.639920692,268.63911743055667,1299.0617189359018
ra,061218,2025-07-11,31369.246116776267,-710.0574382717393,1073.5838844363207,31732.77256294085,260.39217341366856,2.2737367544323206e-13
ra,061218,2025-07-12,29774.619514659247,1504.103470811907,403.68932621463455,31682.412311685788,102.90661517361093,1163.1540871629961
ra,061218,2025-07-13,62067.95619797085,-3778.3162296717387,368.0285810399051,58657.66854933902,90.47041170138891,0.005910063827855083
ra,061218,2025-07-14,57788.759547806054,-708.7171581822383,950.3206962654564,58030.36308588927,228.46695503472154,574.7218225078772
ra,061218,2025-07-15,60744.07819701846,-2021.8338192024407,979.6572356111155,59701.90161342714,272.63250638889053,152.86882328392187
ra,061218,2025-07-16,58939.62437235261,83.62949667848588,879.6671819124958,59902.921050943594,262.2842280034734,439.53404730148554
ra,061218,2025-07-17,57269.31341783434,1469.3101954308838,544.3498601855653,59282.97347345079,115.78536715277801,1098.4838199953297
ra,061218,2025-07-18,32837.845300007466,-1430.7843915197152,833.4312302959102,32240.492138783662,187.97565300347196,17.332258628472005
ra,061218,2025-07-19,32855.520933101434,-445.26893450812963,898.852894128541,33309.10489272184,314.85703418402727,120.05010729321171
ra,061218,2025-07-20,60654.02523138945,-1158.0029453816926,96.63681838013045,59592.659104387894,22.131206093750052,313.902328283687
ra,061218,2025-07-21,62190.61754846688,1004.7108387818162,158.16118597126837,63353.48957321996,39.39967736111157,65.0965629861106
ra,061218,2025-07-22,59460.94216198247,5190.120284430016,326.24016079711623,64977.3026072096,79.2154888194438,2158.097525746526
ra,061218,2025-07-23,67006.63677794058,-4076.726917701868,1272.1587738537396,64202.06863409246,331.42380869791646,23.80188380344805
ra,061218,2025-07-24,66203.22335648011,-3468.695978936898,0.0,62734.527377543214,0.0,0.0
ra,061218,2025-07-25,30388.022254560623,7.989319900553284,303.247919581589,30699.259494042766,68.29032017361124,249.84846901003183
ra,061218,2025-07-26,31022.051816241863,278.5559414929351,137.48296842670175,31438.0907261615,54.078097361111304,193.7052744415106
ra,061218,2025-07-27,60051.42516813529,603.9750828599342,202.16303431482515,60857.563285310054,93.13009069444388,1355.856711004341
ra,061218,2025-07-28,61759.2914290925,897.5244844995898,81.0051318947845,62737.821045486875,35.867366128472895,540.2242532609318
ra,061218,2025-07-29,60598.55385663865,3581.747128354704,0.0,64180.30098499336,0.0,3318.516221681162
ra,061218,2025-07-30,55423.85397043812,7980.813717955471,0.0,63404.66768839359,0.0,7553.175226530508
ra,061218,2025-07-31,57212.8763668218,2401.4246284540786,569.2821862303113,60183.58318150619,123.67687923611075,2103.2489101955225
ra,061218,2025-08-01,28886.31427629154,-859.3861551225716,797.0000339771491,28823.92815514612,262.89349855902924,20.062806670485262
ra,061218,2025-08-02,29423.03941787633,-797.4220762234708,469.94912241205895,29095.56646406492,102.81704970486162,11.93468666666854
ra,061218,2025-08-03,47834.324564487295,922.0013876096948,1342.4649633126135,50098.7909154096,322.71849989583313,154.00082172708034
ra,061218,2025-08-04,50960.191117742914,225.4227585367452,2174.548091868203,53360.16196814786,507.46693093750014,2413.6843017668093
ra,061218,2025-08-05,49305.70657444157,1514.618634336941,1216.5117002405823,52036.83690901909,259.96149701388896,2727.3668161533424
ra,061218,2025-08-06,54981.85958750613,-943.6184208809909,1117.7107524839087,55155.951919109044,271.8653062673618,0.9071223611111918
ra,061218,2025-08-07,54096.50926970655,-2074.8029250021505,924.8252722825708,52946.53161698697,294.29679203125033,717.637091191992
ra,061218,2025-08-08,25934.899605609826,-36.62127029904453,400.18562090562807,26298.46395621641,153.0493901562511,46.86873022326813
ra,061218,2025-08-09,25750.01399627495,184.90608151287051,1401.536297046011,27336.456374833833,358.74703626736243,20.255813375875007
ra,061218,2025-08-10,50984.70546503182,-1234.1583802103905,1284.3165610103813,51034.86364583181,358.9558702604167,0.0008093120827652456
ra,061218,2025-08-11,48780.40626118782,1587.3586715944239,1176.7989040655966,51544.56383684784,286.6516270486111,1343.13870499894
ra,061218,2025-08-12,52030.0577469179,-50.68784112365218,1169.2534790912528,53148.6233848855,312.4482464236118,564.697492038855
ra,061218,2025-08-13,47255.289577902775,1625.11093539037,1609.739995093043,50490.14050838618,371.06844501736236,1838.2817561804804
ra,061218,2025-08-14,49231.46052689442,1969.8676466837078,1303.2601620993387,52504.588335677465,285.652072065972,3130.3662827376716
ra,061218,2025-08-15,26375.946544146173,-758.0684745876948,1446.3032083140788,27064.181277872558,461.4742369270833,77.89460763852901
ra,061218,2025-08-16,27838.68637959911,-1238.0423738268626,1631.4790719742036,28232.12307774645,352.44355609375026,157.26831776584842
ra,061218,2025-08-17,50203.31050494702,-584.8508161611703,1579.8177517700822,51198.27744055593,354.6813871875006,477.54824492010493
ra,061218,2025-08-18,49574.383997653546,-910.9288529416989,2336.0595903642143,50999.51473507607,580.079993784721,0.0
ra,061218,2025-08-19,48852.82288120389,888.1280547884788,2577.227937714565,52318.17887370694,605.0741793576401,142.53247773040596
ra,061218,2025-08-20,53416.74180220327,244.52203699859155,2356.600940733569,56017.86477993543,550.7521762847211,1180.8261685696957
ra,061218,2025-08-21,51010.364563325194,-252.57238358112892,2109.60138616289,52867.393565906954,569.3909837152777,1008.6168782437989
ra,061218,2025-08-22,26166.923830631433,-369.6034957127141,2900.5582886809216,28697.878623599638,804.0312080034721,70.78255756908325
ra,061218,2025-08-23,24765.08341431415,1050.250050659023,1357.7857209209092,27173.119185894084,409.4727420659717,715.3940213032802
ra,061218,2025-08-24,49085.89061222761,2165.515568536165,2219.7284797699504,53471.13466053373,594.5628882291676,80.97618243599257
ra,061218,2025-08-25,62837.43111237693,-5680.196912808831,1163.0522867445343,58320.28648631263,301.5948961458342,5.486911160170962
ra,061218,2025-08-26,49283.154065943774,826.9146477115971,646.3221414870097,50756.39085514238,196.58271097222078,1564.000171918302
ra,061218,2025-08-27,49668.053920665654,5156.2755340614685,394.9141195768086,55219.24357430393,90.19841178819352,3600.5791070523874
ra,061218,2025-08-28,47951.24866730184,5858.2606004201825,3355.3946006930382,57164.90386841506,801.0685543229143,4367.800062220991
ra,061218,2025-08-29,27572.42904721621,471.74247518384055,1353.81867984433,29397.990202244382,318.6815977604165,0.0
ra,061218,2025-08-30,26645.04868445031,-436.4540765876292,839.4809465024966,27048.075554365176,238.96966418402803,0.9571293402769356
ra,061218,2025-08-31,48869.44432726022,1117.268154750634,2527.723497150594,52514.435979161455,648.7629397569435,1627.0355318782513
ra,061218,2025-09-01,54000.96142267145,-998.9985604300498,0.0,53001.962862241395,0.0,289.46273500542964
ra,061218,2025-09-02,47740.26552222854,3349.7063090570587,262.51089423083374,51352.482725516435,68.19803317708337,2108.803737712094
ra,061218,2025-09-03,50471.49412823614,-289.2232411542393,104.57391729780937,50286.8448043797,23.05040079861226,423.8221565833034
ra,061218,2025-09-04,50335.64300895706,-785.0338209401077,430.65462490348534,49981.263812920435,139.12013062499892,118.19822585069403
ra,061218,2025-09-05,25816.808631267006,-408.4472838901294,21.515860678486945,25429.87720805536,6.83916706597131,168.44763171272604
ra,061218,2025-09-06,25923.06686563504,-193.36269521823593,111.00736973291595,25840.71154014972,26.74382619791652,161.48568570580218
ra,061218,2025-09-07,47484.008995595446,4036.614098473168,542.7596186828063,52063.38271275142,98.405270381945,3434.5524648359547
ra,061218,2025-09-08,44854.86284239436,778.1860639477592,688.2420280809183,46321.290934423036,186.22285277777752,1405.6616840770166
ra,061218,2025-09-09,39266.34622939747,4078.2031975540353,888.2212512614791,44232.77067821299,203.67538614583407,1830.0755635079452
ra,061218,2025-09-10,46287.83846310087,735.3877355921829,2064.258563786455,49087.4847624795,518.9402583680528,590.6532961211775
ra,061218,2025-09-11,45783.786381792845,-2776.494368320099,1942.7915815438146,44950.083595016564,436.8591169444449,15.351234225220352
ra,061218,2025-09-12,20245.765089793593,627.8417738515641,1901.0693822658368,22774.676245910992,504.48086666666774,79.81246591890536
ra,061218,2025-09-13,20146.498772296312,96.66791960810501,786.0687910910226,21029.235482995442,186.42887913194608,124.84798268577717
ra,061218,2025-09-14,49050.66387297839,-2264.5300407370246,778.8831010691774,47565.016933310544,252.19820244791717,3.0767230493399182
ra,061218,2025-09-15,39846.07266078038,726.0713580008543,2824.637883368745,43396.781902149974,654.9681227951393,251.39402644289527
ra,061218,2025-09-16,47860.196699378066,-2361.4130067401898,1129.549134512708,46628.33282715058,326.0352621874995,123.94250978982802
ra,061218,2025-09-17,46007.31424308068,-1629.7659732354023,1547.575353473269,45925.12362331855,444.44403861111186,0.8095427445262828
ra,061218,2025-09-18,40677.78505056866,6077.23459307096,1214.1076094013956,47969.12725304102,273.36622958333334,5308.15679687909
ra,061218,2025-09-19,19931.293336724135,323.9432492206664,1290.9067761592385,21546.143362104038,400.2789641493062,163.99360058428152
ra,061218,2025-09-20,19886.960297891535,-220.93688671421535,2193.2852625186597,21859.30867369598,519.8011692708327,126.82044128816327
ra,061218,2025-09-21,45270.53418051009,-970.3191071226752,1933.7492093876074,46233.96428277502,449.72000098958404,119.12259817241147
ra,061218,2025-09-22,47574.263135209505,-3040.878810759309,4484.6901253187525,49018.07444976895,1238.2557844444414,10.601677983872449
ra,061218,2025-09-23,46922.77768074373,-1574.9939864810538,2893.592104582962,48241.37579884564,649.3650145138879,3.9925460329833413
ra,061218,2025-09-24,40275.529200628334,3259.55754303689,2930.313504891303,46465.40024855653,871.9642378472224,3851.0762591358225
ra,061218,2025-09-25,44381.56078414051,1105.0535214599242,3110.782143281798,48597.396448882224,846.8356161458321,1163.0685017376315
ra,061218,2025-09-26,19979.416191918703,-510.5760962787088,1451.781155353723,20920.621250993718,362.5051431249991,0.10605414702646243
ra,061218,2025-09-27,19019.289775279598,1473.0816873150475,3854.4327077381604,24346.804170332805,1005.705586857637,546.042388113417
ra,061218,2025-09-28,44656.29491871139,3816.56751507896,2401.178481310596,50874.04091510095,691.5557681076405,1838.797576268044
ra,061218,2025-09-29,46837.04647851255,-1802.3076813527084,8680.287354397953,53715.026151557795,2133.8077590451403,3.7940588026334297
ra,061218,2025-09-30,46608.55236701264,455.36507737900774,3533.404625006738,50597.32206939839,920.2662811805538,955.7880209386276
ra,061218,2025-10-01,43286.93001912214,-1214.0136934784334,375.03565271885395,42447.951978362566,128.5881909201388,145.2290309343457
ra,061218,2025-10-02,48313.12807339796,-4089.5465194050257,758.4992765199625,44982.080830512896,248.62182229166572,0.2845148962752546
ra,061218,2025-10-03,17741.647864789596,544.4667810428163,969.4175720843873,19255.5322179168,270.70659647569545,403.9177401124571
ra,061218,2025-10-04,19818.684271329126,-188.88451599852894,1650.4170026864076,21280.216758017006,414.66780263888916,1.9512428549935308
ra,061218,2025-10-05,47167.140128611754,-2666.482182046616,939.123572195611,45439.78151876075,297.6316187152783,316.81211000127917
ra,061218,2025-10-06,40961.663391205795,2211.8169935016313,1363.685946237585,44537.166330945016,414.20759093750246,2853.0725399971225
ra,061218,2025-10-07,43429.16910815618,1035.2916363365498,391.8309957731693,44856.2917402659,118.56324454861134,1197.9308440032833
ra,061218,2025-10-08,39481.42978431711,-325.50307060463587,2292.5463754394896,41448.47308915196,506.5418428645854,105.17926235197126
ra,061218,2025-10-09,46282.42699360684,-3861.7453381013756,3068.736010892313,45489.41766639777,667.2387377777768,3.876208496332822
ra,061218,2025-10-10,17146.621018992602,-171.29938296371182,3279.1514590740044,20254.473095102894,843.13434328125,4.9624176992295475
ra,061218,2025-10-11,17447.024851514234,302.3179022122134,789.9334230538005,18539.276176780248,194.3499552256945,47.79374163429597
ra,061218,2025-10-12,41700.926638456986,-320.7977756278826,3251.596133139038,44631.724995968136,768.3780182986106,315.76583366904185
ra,061218,2025-10-13,43557.66030463703,-1434.1078332489656,3536.371944373509,45659.924415761576,951.8481291666667,350.67515442855193
ra,061218,2025-10-14,45258.349846800644,-196.18402508536306,4052.050705272434,49114.216526987715,1220.6371252777744,184.3434851469645
ra,061218,2025-10-15,47168.3356433076,-1608.3267779502255,2120.280180365261,47680.28904572263,689.2501424652808,2.4291467068105135
ra,061218,2025-10-16,44924.868996913385,15.678467671392312,1596.9479016163045,46537.49536620108,432.4456912326397,541.447361466757
ra,061218,2025-10-17,16392.232040618233,1739.1881410978715,1798.4189449094154,19929.83912662552,563.6342499999978,1320.5612293617946
ra,061218,2025-10-18,18637.84343717629,-399.13190240231063,1538.2768007686964,19776.988335542675,463.3035279687499,103.33808065972133
ra,061218,2025-10-19,46195.59294729711,-1147.0332075388849,2897.9883528673577,47946.548092625584,712.1157015277772,10.60649971368423
ra,061218,2025-10-20,49333.9406609843,-1941.2910006973223,1305.315323221728,48697.964983508704,334.90985833333366,0.000598651259451799
ra,061218,2025-10-21,48156.33227375324,-871.4118670434025,882.1091960778551,48167.0296027877,245.69550027777768,4.793814598376571
ra,061218,2025-10-22,45952.275332312754,966.1336585065277,1564.4886212334725,48482.89761205276,345.0575944965274,727.8961230944954
ra,061218,2025-10-23,52787.80270095878,-3514.3492033039715,2589.801955906706,51863.25545356151,699.6133086111124,487.9029858095344
ra,061218,2025-10-24,17682.43794148373,496.8990966014952,2515.3099620072144,20694.64700009244,595.0105011111114,258.9667075756264
ra,061218,2025-10-25,17787.62192481752,153.828214902111,2710.25639862366,20651.70653834329,722.6682723611125,129.62220603180887
ra,061218,2025-10-26,48883.63708407787,-1622.5397235734808,2151.5589415865534,49412.656302090945,646.3175014236105,190.0910765180425
ra,061218,2025-10-27,44577.986254186646,4400.486357654236,481.66216168014756,49460.13477352103,127.99875571180532,2928.5835928539786
ra,061218,2025-10-28,44602.65726573684,3364.954190589893,605.1021825734692,48572.713638900204,160.8541328472218,2616.082586127737
ra,061218,2025-10-29,49659.17120174294,-428.04847567937685,1128.7460178532233,50359.868743916784,286.44117118055647,60.584271642896965
ra,061218,2025-10-30,43929.114960541425,1668.5199404549514,3145.1109318844337,48742.745832880806,748.9799402083318,1496.315461678371
ra,061218,2025-10-31,19873.900016341035,-382.50945437040843,1273.939463157561,20765.330025128187,302.0223928819447,3.6570614615723116
ra,061218,2025-11-01,18947.41904198635,153.6190776248576,1149.0107022580564,20250.048821869266,358.076044930556,27.36240810197117
ra,061218,2025-11-02,48705.90647574097,2052.737094114624,1899.1470566280009,52657.7906264836,420.99325871527685,2066.6891534764354
ra,061218,2025-11-03,51934.83629063762,-1905.001412517935,1104.9774083982538,51134.81228651794,320.87876111111234,18.863305918494632
ra,061218,2025-11-04,47792.224660653075,1235.2577250138443,1659.6996771446566,50687.182062811575,367.9693399479157,511.65709865862186
ra,061218,2025-11-05,53568.346591728754,-2027.8892392063044,1670.5215360471936,53210.97888856964,473.3613421701357,4.6941884639838065
ra,061218,2025-11-06,49533.75755235004,1626.7603773516034,2031.1125303569133,53191.63046005856,492.91032717013763,1109.2837346966357
ra,061218,2025-11-07,18883.734414306175,323.7385702394767,1224.1194532981806,20431.59243784383,313.2627565451377,212.1041664715419
ra,061218,2025-11-08,19218.95327406245,25.598988272424542,964.6153813636911,20209.167643698565,228.50818657986187,43.23311862029681
ra,061218,2025-11-09,51838.7437647709,-661.1433979938507,678.5258110480736,51856.12617782512,211.71597475694472,85.32536558545547
ra,061218,2025-11-10,52285.115745428935,1620.6341144475284,1740.0317099288168,55645.78156980528,347.8176916666651,1879.9683749203537
ra,061218,2025-11-11,54070.59790874097,-2006.0423813462282,1212.4591303724255,53277.01465776717,307.51903303819273,0.05549858181342415
ra,061218,2025-11-12,51433.0918494457,1738.7554799529687,1319.986498028288,54491.833827426955,261.89106835069407,1189.5118320755594
ra,061218,2025-11-13,50136.1887397886,1161.131509833547,2049.2357043508678,53346.55595397302,576.4127353298609,1190.358943200706
ra,061218,2025-11-14,20202.04648333701,107.09650674579093,1453.128973013562,21762.271963096362,392.5604992013896,0.0006360628816537428
ra,061218,2025-11-15,21911.1615585861,-548.1255670237872,1956.7972752700512,23319.833266832364,464.9128189409721,0.0006360628821084902
ra,061218,2025-11-16,51740.62926686938,2621.9534008531496,1639.0234348837562,56001.60610260628,419.9796183680545,1213.2079836049977
ra,061218,2025-11-17,50243.00840643015,5930.573091852743,784.3989629565159,56957.98046123941,249.32118638889017,4176.680365128777
ra,061218,2025-11-18,52764.27332199957,450.70639500215,1997.2872680688454,55212.266985070564,508.61863652777754,302.28945819282376
ra,061218,2025-11-19,51953.807651995885,4898.322925027458,1304.1678053888272,58156.29838241217,361.9298391145833,2911.032406394953
ra,061218,2025-11-20,52015.182606427334,1074.6174743013412,1535.6729143466896,54625.47299507536,388.73609718749935,799.3502447969186
ra,061218,2025-11-21,20395.638456536428,827.8549782624983,872.743015535409,22096.236450334334,327.847174791667,575.3782895711963
ra,061218,2025-11-22,23054.73241211516,-745.1695245496808,1034.9202245606407,23344.48311212612,275.3269801736108,0.0006360628801189705
ra,061218,2025-11-23,52908.83207801742,2550.713046972191,944.2738738553116,56403.818998844916,261.6911123263885,1265.0057700259115
ra,061218,2025-11-24,51697.87043683011,409.6460044802526,2354.0153199018573,54461.53176121222,628.6048786111107,263.55410529395823
ra,061218,2025-11-25,60132.27668345142,-3074.0987533472485,979.8582253470568,58038.03615545123,296.11610062499966,0.000598651258570726
ra,061218,2025-11-26,56257.033994577774,120.99167736012585,951.955296273004,57329.980968210904,242.2926250173608,567.7546938284465
ra,061218,2025-11-27,54582.120378494474,821.608877880284,664.145856423331,56067.87511279809,158.6017056770828,328.79128809218923
ra,061218,2025-11-28,21066.45338784286,530.1348478914168,2149.102675128252,23745.690910862526,481.24470793402884,399.14387115097395
ra,061218,2025-11-29,26474.586924431867,-1336.04716844232,611.095458329947,25749.635214319493,216.18570032986065,0.0006360628834727322
ra,061218,2025-11-30,56244.8311259499,1901.271942403822,1259.9231045630809,59406.026172916805,290.61431788194443,1055.1267935987921
ra,061218,2025-12-01,59543.11079136886,-2053.8496335946406,19700.795171863618,77190.05632963784,5327.460523281249,10.305451151779437
ra,061218,2025-12-02,61185.21643130644,-1774.3457183933804,16003.760200838713,75414.63091375178,4117.107803975695,24.243103024873847
ra,061218,2025-12-03,54696.28960490528,4528.979730272794,10493.070228373208,69718.33956355129,3151.46752114583,4531.848900345299
ra,061218,2025-12-04,60553.20494036716,-2057.571826186969,14673.875765479652,73169.50887965984,3995.138415347224,0.815026463763445
ra,061218,2025-12-05,24656.713469480284,-163.226496858808,7956.009003566819,32449.495976188293,2300.141246562501,136.61899619935534
ra,061218,2025-12-06,26263.530043369756,-459.7467144174815,7088.973017996996,32892.756346949274,1983.7988661979184,338.4478706552759
ra,061218,2025-12-07,63401.1002653476,-1752.2025491438249,8301.717004421991,69950.61472062577,2437.6034773784695,23.146953764421767
ra,061218,2025-12-08,67348.98028360846,-617.7423780617945,593.5402278631748,67324.77813340984,104.21481729166646,67.4872649878921
ra,061218,2025-12-09,66864.87178284334,-1343.9741318971942,1203.9621255835773,66724.85977652973,258.66852140625025,72.26176062817035
ra,061218,2025-12-10,63551.66740420915,1783.8669299951334,649.0300448327669,65984.56437903705,138.13052524305505,1844.23716312487
ra,061218,2025-12-11,66503.33839404317,-1441.527605337887,692.4033316337363,65754.21412033902,165.43037763888975,22.1311261561234
ra,061218,2025-12-12,29095.6686302609,1349.385259342756,587.7023781642168,31032.756267767872,154.83056565972163,1195.2064283848117
ra,061218,2025-12-13,30214.59555900324,724.8780175318553,575.8118880065822,31515.285464541677,111.33255274305589,448.5760805328782
ra,061218,2025-12-14,63064.264283729186,2437.6092865447276,686.9776353019785,66188.85120557589,126.17293911458306,2359.034360127382
ra,061218,2025-12-15,62914.311755732284,3623.084630560514,283.8520258810501,66821.24841217384,74.81501012152756,3138.6395497169146
ra,061218,2025-12-16,67323.72108338059,-932.9810548893515,255.3551555193638,66646.0951840106,87.76623416666587,18.756628805704167
ra,061218,2025-12-17,66973.76688536166,-1605.4047778907204,1084.3204160135579,66452.6825234845,198.41746718749977,3.354707104316418
ra,061218,2025-12-18,63980.79689653631,625.9325393070066,268.7649235237253,64875.49435936704,96.47790097222224,240.52480976994613
ra,061218,2025-12-19,28369.61757301056,957.4373496576357,768.3284206593061,30095.383343327503,231.00650822916674,1431.6608764309128
ra,061218,2025-12-20,30071.75379897938,-764.8898521875934,345.8718394360161,29652.7357862278,86.41539241319487,6.233078475727609
ra,061218,2025-12-21,65895.55168988503,196.54279020376524,1291.581116383341,67383.67559647214,425.8722780555558,372.7571725523083
ra,061218,2025-12-22,64866.535182391315,763.616059913739,608.2447187363223,66238.39596104139,122.65665267361304,523.8433357772954
ra,061218,2025-12-23,66407.48407340245,-990.779719632089,22.181712377601887,65438.88606614796,8.207453142360563,138.4222982536901
ra,061218,2025-12-24,65841.45840089113,-515.3559218882491,448.00557375711435,65774.10805276,93.73994239583263,26.930370352649874
ra,061218,2025-12-25,62892.26477120617,1833.2752921635322,711.8918752093463,65437.43193857905,222.1252255729168,1631.0468855690285
ra,061218,2025-12-26,28717.697077497094,826.4106120685369,824.1242521767266,30368.231941742357,175.46234678819417,845.2644831670489
ra,061218,2025-12-27,29474.383544820957,181.9333669598275,223.1027340726389,29879.419645853424,56.85932373263873,374.90212590190635
ra,061218,2025-12-28,65201.47615861759,-592.7642100459026,746.8565785065573,65355.56852707824,153.54099838541762,30.545620407793308
ra,061218,2025-12-29,64356.25479259639,1878.6955536913786,210.4823306380178,66445.43267692578,58.46229187499914,1616.888731864818
ra,061218,2025-12-30,64781.44997879147,-424.8765259377187,267.2015425858072,64623.774995439555,99.94604300347214,156.99999536640925
ra,061218,2025-12-31,65513.66162274315,-566.4332198777083,708.0448732768502,65655.2732761423,207.26063062500012,7.672102266748766
pt,none,2025-02-01,22411.412180353713,0.0,2940.1748101750027,25351.586990528715,693.8852319444451,0.0
pt,none,2025-02-02,55995.14439344194,0.0,1286.6664149387166,57281.81080838065,310.1170517361114,0.0
pt,none,2025-02-03,57347.867362389625,0.0,2140.5364394048593,59488.403801794484,495.6943236111106,0.0
pt,none,2025-02-04,59728.85253122213,0.0,838.824044630554,60567.67657585269,272.94096666666627,0.0
pt,none,2025-02-05,55430.31204255613,0.0,3394.4953931730897,58824.80743572922,938.7121340277782,0.0
pt,none,2025-02-06,59985.8125896588,0.0,1126.1129927281238,61111.925582386924,271.3256076388886,0.0
pt,none,2025-02-07,22684.45960208608,0.0,1402.6029035000015,24087.062505586084,272.73012395833376,0.0
pt,none,2025-02-08,18459.095229431045,0.0,13131.690948106943,31590.786177537986,3245.5029055555556,0.0
pt,none,2025-02-09,54385.42102578824,0.0,5656.321762356074,60041.742788144315,1366.470045486111,0.0
pt,none,2025-02-10,52005.14557823467,0.0,2516.0820823041586,54521.227660538825,640.8317659722205,0.0
pt,none,2025-02-11,52340.49353860222,0.0,4325.284334216666,56665.777872818886,1068.1266875000001,0.0
pt,none,2025-02-12,52399.74786788672,0.0,3070.5339617789905,55470.281829665706,677.3897090277771,0.0
pt,none,2025-02-13,48583.17257817925,0.0,6161.153132785077,54744.325710964324,1423.3615697916684,0.0
pt,none,2025-02-14,18206.466297714996,0.0,11237.210791231424,29443.67708894642,2641.413601388889,0.0
pt,none,2025-02-15,18375.350034768206,0.0,6533.893119298262,24909.24315406647,1518.1124381944437,0.0
pt,none,2025-02-16,52667.6305742969,0.0,3992.02806231267,56659.658636609565,977.6283437499998,0.0
pt,none,2025-02-17,52064.845330683645,0.0,4986.0001530708305,57050.84548375448,1175.857701388888,0.0
pt,none,2025-02-18,46525.79345541181,0.0,13475.588477763877,60001.38193317569,3560.164532638887,0.0
pt,none,2025-02-19,46707.113368729275,0.0,11046.20418515155,57753.31755388083,3009.297959374998,0.0
pt,none,2025-02-20,48123.96672794524,0.0,6017.670707196525,54141.63743514176,1429.8575701388884,0.0
pt,none,2025-02-21,17273.84041379063,0.0,11571.140081352427,28844.980495143056,2796.1724402777772,0.0
pt,none,2025-02-22,17514.664669321857,0.0,5949.754012041144,23464.418681363,1475.643894444444,0.0
pt,none,2025-02-23,47731.84869897379,0.0,6445.58505027796,54177.433749251744,1557.4968496527795,0.0
pt,none,2025-02-24,46011.88162277675,0.0,9134.555008732641,55146.436631509394,2568.3111121527786,0.0
pt,none,2025-02-25,47350.09556578218,0.0,4477.956278777602,51828.051844559785,1120.8349791666662,0.0
pt,none,2025-02-26,42938.095499975294,0.0,14950.571533147922,57888.667033123216,3842.6768725694455,0.0
pt,none,2025-02-27,43684.33518855859,0.0,10802.963989304157,54487.29917786275,2455.1953385416655,0.0
pt,none,2025-02-28,16735.43515647982,0.0,7903.909674365626,24639.344830845446,2079.514633680556,0.0
pt,none,2025-03-01,18303.566979124895,0.0,3091.1723840755208,21394.739363200417,668.969990972222,0.0
pt,none,2025-03-02,49619.67915857669,0.0,3889.33662299166,53509.01578156835,929.2498986111096,0.0
pt,none,2025-03-03,50967.92298682699,0.0,7924.51195952829,58892.43494635528,1842.6593934027755,0.0
pt,none,2025-03-04,45182.15657880099,0.0,11171.701680095313,56353.8582588963,3024.007280555557,0.0
pt,none,2025-03-05,47371.36140493321,0.0,3589.0687233704866,50960.4301283037,774.4578440972218,0.0
pt,none,2025-03-06,44063.19846767506,0.0,5321.524907363538,49384.72337503859,1354.7806899305551,0.0
pt,none,2025-03-07,17180.605773277966,0.0,2100.892045980383,19281.49781925835,520.0519559027776,0.0
pt,none,2025-03-08,15658.761979057213,0.0,3760.0208150104163,19418.78279406763,990.1146392361109,0.0
pt,none,2025-03-09,44942.476199615696,0.0,4380.789290899657,49323.265490515354,1021.8077486111118,0.0
pt,none,2025-03-10,42794.52393901348,0.0,10482.737189671361,53277.26112868484,2622.492957291669,0.0
pt,none,2025-03-11,38074.84092604294,0.0,25183.920075183843,63258.76100122678,6743.582310416665,0.0
pt,none,2025-03-12,43761.406577787304,0.0,3583.3552303760453,47344.76180816335,1011.02094375,0.0
pt,none,2025-03-13,43429.5618573254,0.0,12847.294490380558,56276.856347705965,2922.259202430556,0.0
pt,none,2025-03-14,14946.80904350198,0.0,12171.057770090103,27117.86681359208,2884.882468750001,0.0
pt,none,2025-03-15,14878.27588348326,0.0,8612.891232328124,23491.167115811382,2018.2121197916665,0.0
pt,none,2025-03-16,41812.85014510973,0.0,8608.621850090278,50421.47199520001,2310.022511458333,0.0
pt,none,2025-03-17,38273.873964026636,0.0,7975.222749469442,46249.09671349608,1862.3858291666656,0.0
pt,none,2025-03-18,44317.569961104185,0.0,3503.0708506628516,47820.640811767036,910.2523402777788,0.0
pt,none,2025-03-19,36540.9224707731,0.0,18756.525735365798,55297.4482061389,4831.306709722223,0.0
pt,none,2025-03-20,41552.699862743386,0.0,10475.58680146216,52028.286664205545,2661.8422687500024,0.0
pt,none,2025-03-21,14492.973544679548,0.0,4143.7944437354145,18636.767988414962,1097.0895645833327,0.0
pt,none,2025-03-22,15474.289731099892,0.0,1641.0174479845489,17115.30717908444,536.6837701388891,0.0
pt,none,2025-03-23,42055.69025608721,0.0,4472.28885580625,46527.97911189346,1010.6354145833332,0.0
pt,none,2025-03-24,39138.46229307605,0.0,5936.862278726565,45075.324571802616,1594.8894656250006,0.0
pt,none,2025-03-25,43662.139254123256,0.0,4755.2986472496505,48417.437901372905,1259.5600159722212,0.0
pt,none,2025-03-26,37384.411902169704,0.0,6140.394322559031,43524.80622472874,1612.6500100694448,0.0
pt,none,2025-03-27,39953.801892089585,0.0,4028.342021435406,43982.14391352499,1154.6834798611083,0.0
pt,none,2025-03-28,14620.005472828783,0.0,9018.367202098612,23638.372674927396,2133.965875,0.0
pt,none,2025-03-29,13728.513414453128,0.0,9836.23715452066,23564.750568973788,2273.142619791666,0.0
pt,none,2025-03-30,38832.01395614655,0.0,5042.677524746874,43874.69148089342,1320.5697465277772,0.0
pt,none,2025-03-31,33862.62530027203,0.0,21820.94466048228,55683.569960754314,5706.18258472222,0.0
pt,none,2025-04-01,40947.39762657466,0.0,7983.297620755204,48930.695247329866,2093.93395173611,0.0
pt,none,2025-04-02,39002.5333945479,0.0,9946.597540412668,48949.130934960565,2383.135821527777,0.0
pt,none,2025-04-03,40390.823184781184,0.0,3371.4956663088537,43762.318851090036,893.004067708333,0.0
pt,none,2025-04-04,13358.681335403751,0.0,5827.2690121527785,19185.95034755653,1454.330097569445,0.0
pt,none,2025-04-05,13230.436998269544,0.0,20701.17096248403,33931.60796075357,4870.0535854166665,0.0
pt,none,2025-04-06,36926.41266849177,0.0,6241.746881789066,43168.159550280834,1448.296041666667,0.0
pt,none,2025-04-07,32366.603389726977,0.0,21580.650264327945,53947.25365405492,5424.850886805554,0.0
pt,none,2025-04-08,38318.74130910387,0.0,5841.550016020651,44160.29132512452,1286.0996652777756,0.0
pt,none,2025-04-09,37129.27533082283,0.0,12043.605505185245,49172.88083600807,3184.334314930557,0.0
pt,none,2025-04-10,36613.47504725665,0.0,6670.783975183677,43284.25902244033,1557.9842843749993,0.0
pt,none,2025-04-11,12381.99729448498,0.0,14565.029325357293,26947.026619842272,3491.2053097222224,0.0
pt,none,2025-04-12,13588.039186571696,0.0,2509.9228497284703,16097.962036300167,666.7801701388884,0.0
pt,none,2025-04-13,34019.35385199075,0.0,13864.047364341486,47883.40121633224,3253.335042708332,0.0
pt,none,2025-04-14,36365.90823296843,0.0,5876.842532464407,42242.75076543284,1517.951669444444,0.0
pt,none,2025-04-15,31264.94157355848,0.0,17815.619751622235,49080.561325180715,4121.989256944447,0.0
pt,none,2025-04-16,34494.13026370996,0.0,12373.553355231916,46867.683618941875,2975.3840229166594,0.0
pt,none,2025-04-17,32121.875046102912,0.0,17131.58793984513,49253.46298594804,4446.911685416666,0.0
pt,none,2025-04-18,12552.166794340661,0.0,13509.65129337378,26061.81808771444,3287.06495486111,0.0
pt,none,2025-04-19,11996.164411215794,0.0,14921.252003907288,26917.41641512308,3554.3388184027776,0.0
pt,none,2025-04-20,32198.69699913097,0.0,17493.608544471877,49692.30554360285,4414.803422569445,0.0
pt,none,2025-04-21,34151.14126052944,0.0,5197.864627988012,39349.00588851745,1358.2791361111094,0.0
pt,none,2025-04-22,30875.372061007613,0.0,24936.098909221007,55811.47097022862,6894.786689236111,0.0
pt,none,2025-04-23,29855.585663036072,0.0,26685.04376364289,56540.62942667896,6920.136802083334,0.0
pt,none,2025-04-24,30572.91946593447,0.0,11824.299297098269,42397.21876303274,3205.3281388888913,0.0
pt,none,2025-04-25,12036.98463686594,0.0,5797.334229123954,17834.318865989895,1440.090153819444,0.0
pt,none,2025-04-26,11930.23383196719,0.0,12874.233751345137,24804.467583312326,2995.5332055555546,0.0
pt,none,2025-04-27,29598.187837916532,0.0,18049.825950441656,47648.01378835819,4123.059003124998,0.0
pt,none,2025-04-28,35579.6315656445,0.0,8621.347252528634,44200.978818173135,1952.5403565972192,0.0
pt,none,2025-04-29,30229.68815221868,0.0,13253.070689453638,43482.758841672316,2933.770758333332,0.0
pt,none,2025-04-30,29519.468991629088,0.0,17326.453851344966,46845.922842974054,4753.995486458333,0.0
pt,none,2025-05-01,30753.94940990811,0.0,22642.682932495125,53396.63234240323,5093.517661805554,0.0
pt,none,2025-05-02,12964.482144587813,0.0,21496.594495519792,34461.0766401076,4786.092813194446,0.0
pt,none,2025-05-03,12143.015023857275,0.0,16921.552339529342,29064.567363386617,3535.1584388888896,0.0
pt,none,2025-05-04,31946.455757709813,0.0,18209.586088386124,50156.04184609593,4136.116613888891,0.0
pt,none,2025-05-05,33454.47940096076,0.0,22654.925570143052,56109.40497110381,5769.538249305554,0.0
pt,none,2025-05-06,29065.016384050305,0.0,35301.84539603749,64366.8617800878,8390.67560243055,0.0
pt,none,2025-05-07,31191.93495226778,0.0,32458.993620003122,63650.9285722709,7843.868787847223,0.0
pt,none,2025-05-08,34939.13393974159,0.0,13364.320827957463,48303.45476769905,3055.0841486111112,0.0
pt,none,2025-05-09,13274.71773706595,0.0,9015.07255284618,22289.790289912133,1902.4494364583334,0.0
pt,none,2025-05-10,13318.784242563888,0.0,12952.184821739236,26270.969064303124,3118.027060763889,0.0
pt,none,2025-05-11,33822.14143712901,0.0,15770.757323835584,49592.89876096459,3597.313382291665,0.0
pt,none,2025-05-12,30149.00871265416,0.0,25512.794143014064,55661.802855668226,6477.243902430556,0.0
pt,none,2025-05-13,34780.52526782069,0.0,13833.088070898946,48613.61333871963,3021.66534097222,0.0
pt,none,2025-05-14,34640.626595091,0.0,10845.697110343925,45486.32370543493,2778.468434375,0.0
pt,none,2025-05-15,34385.74106962362,0.0,13222.106651347569,47607.847720971185,3823.1109552083326,0.0
pt,none,2025-05-16,13272.591569025968,0.0,8010.237998691664,21282.829567717632,2078.956196180555,0.0
pt,none,2025-05-17,13228.131157104825,0.0,9830.94918239913,23059.080339503955,2376.204143402778,0.0
pt,none,2025-05-18,35810.017581799926,0.0,4748.352144903646,40558.369726703575,1288.7517972222233,0.0
pt,none,2025-05-19,31993.104644547577,0.0,10357.794709546524,42350.8993540941,2297.736777777777,0.0
pt,none,2025-05-20,31953.13828662751,0.0,25157.748700159034,57110.88698678654,6402.582232291667,0.0
pt,none,2025-05-21,30604.654185669977,0.0,23078.55999511024,53683.21418078022,5772.63092326389,0.0
pt,none,2025-05-22,32166.152232775952,0.0,17468.64504559877,49634.797278374725,4967.068970486106,0.0
pt,none,2025-05-23,12825.100358615833,0.0,11831.075301064931,24656.175659680765,2685.9606458333337,0.0
pt,none,2025-05-24,13514.88966343868,0.0,9073.195731719617,22588.085395158298,2154.8429774305555,0.0
pt,none,2025-05-25,32188.657427389262,0.0,11625.599868021523,43814.25729541079,2526.2924267361104,0.0
pt,none,2025-05-26,31553.712923113453,0.0,27634.056465309368,59187.76938842282,7320.619894791665,0.0
pt,none,2025-05-27,30503.55794877616,0.0,17518.93969508715,48022.49764386331,4502.850049652777,0.0
pt,none,2025-05-28,33539.27747167915,0.0,9283.183005781591,42822.460477460736,2320.526373958332,0.0
pt,none,2025-05-29,32999.6759140333,0.0,19516.519846136453,52516.19576016975,4748.532666319441,0.0
pt,none,2025-05-30,13324.444609594728,0.0,5264.006656957118,18588.451266551845,1283.6567819444442,0.0
pt,none,2025-05-31,14593.586821927463,0.0,4329.024042627949,18922.610864555412,1178.2342694444433,0.0
pt,none,2025-06-01,42705.38170288688,0.0,26876.49147925659,69581.87318214346,6696.396354166666,0.0
pt,none,2025-06-02,43538.194383675196,0.0,29180.678322576045,72718.87270625125,7362.062307291668,0.0
pt,none,2025-06-03,39421.15760896633,0.0,35245.36896634879,74666.52657531512,8663.502362500001,0.0
pt,none,2025-06-04,46335.807320181964,0.0,25060.35896671563,71396.1662868976,6492.706342013888,0.0
pt,none,2025-06-05,38874.58549472381,0.0,42980.618851672916,81855.20434639673,10685.655287152775,0.0
pt,none,2025-06-06,15283.391672993333,0.0,37336.758071422555,52620.14974441589,9369.504885416665,0.0
pt,none,2025-06-07,15303.538448624495,0.0,30530.593313949994,45834.131762574485,7262.047417013888,0.0
pt,none,2025-06-08,42180.57972535989,0.0,21136.43341828889,63317.01314364877,5126.1455503472225,0.0
pt,none,2025-06-09,48575.25303480965,0.0,8020.98622054808,56596.23925535773,2063.474999999998,0.0
pt,none,2025-06-10,44352.153883836596,0.0,16742.165354222572,61094.319238059164,4338.386371527779,0.0
pt,none,2025-06-11,48857.24537459138,0.0,16257.81446270868,65115.05983730006,4204.8875548611095,0.0
pt,none,2025-06-12,47088.081125233206,0.0,11782.657032734714,58870.73815796792,2960.024157638887,0.0
pt,none,2025-06-13,18644.255338276114,0.0,10879.396536376387,29523.651874652503,2754.7149663194436,0.0
pt,none,2025-06-14,18760.057585764964,0.0,6592.644514574817,25352.702100339782,1776.7271694444426,0.0
pt,none,2025-06-15,43672.03341296814,0.0,23767.606742696888,67439.64015566502,6150.65934166667,0.0
pt,none,2025-06-16,45743.94865996836,0.0,17868.6821831368,63612.63084310516,4522.46911597222,0.0
pt,none,2025-06-17,46500.97210296344,0.0,19750.78427581024,66251.75637877369,4629.029414583332,0.0
pt,none,2025-06-18,46979.49121749478,0.0,8747.932779999304,55727.42399749409,2024.4366579861114,0.0
pt,none,2025-06-19,43852.77961578075,0.0,18460.478872620813,62313.25848840157,4452.54126006944,0.0
pt,none,2025-06-20,18806.859685340874,0.0,4800.445008424298,23607.304693765174,1354.0826760416649,0.0
pt,none,2025-06-21,18430.4370370149,0.0,7928.819045908849,26359.25608292375,1966.2664524305546,0.0
pt,none,2025-06-22,42084.472881586764,0.0,17528.179621718045,59612.65250330481,4191.306677777775,0.0
pt,none,2025-06-23,43922.499031723106,0.0,13449.942245539223,57372.44127726233,3617.2240461805523,0.0
pt,none,2025-06-24,51394.80411604481,0.0,6664.12656921527,58058.930685260086,1743.5197656249984,0.0
pt,none,2025-06-25,44166.86018904258,0.0,21274.286029423085,65441.14621846566,4969.810719097222,0.0
pt,none,2025-06-26,43372.00998001198,0.0,18737.9489978915,62109.95897790348,5044.8060079861125,0.0
pt,none,2025-06-27,18909.22241316975,0.0,6537.061404376211,25446.283817545962,2044.7868076388872,0.0
pt,none,2025-06-28,18119.12445604257,0.0,6708.702697596177,24827.827153638747,1753.4439052083326,0.0
pt,none,2025-06-29,41530.39593690989,0.0,30898.14385723368,72428.53979414357,7857.880720486111,0.0
pt,none,2025-06-30,45855.367800781954,0.0,10543.865697007286,56399.23349778924,2820.913652430554,0.0
pt,none,2025-07-01,39696.798729950766,0.0,66477.42158984269,106174.22031979346,17932.548098263887,0.0
pt,none,2025-07-02,37794.21206243971,0.0,59599.486261592014,97393.69832403172,16140.029938194442,0.0
pt,none,2025-07-03,42534.32177102707,0.0,56559.00849431596,99093.33026534303,14992.609338888888,0.0
pt,none,2025-07-04,16451.940997065383,0.0,62269.127856272746,78721.06885333813,15684.643317708333,0.0
pt,none,2025-07-05,16971.749952726146,0.0,59275.47991803421,76247.22987076035,14883.989187152778,0.0
pt,none,2025-07-06,39153.81374358249,0.0,81272.73923486892,120426.55297845141,20622.862749999997,0.0
pt,none,2025-07-07,39136.27257306197,0.0,52065.81530815729,91202.08788121925,13664.356988541665,0.0
pt,none,2025-07-08,49807.209776542004,0.0,16029.697105933503,65836.90688247551,3913.0311927083326,0.0
pt,none,2025-07-09,49408.474486313964,0.0,11619.550613372221,61028.02509968619,2700.879959722222,0.0
pt,none,2025-07-10,46135.254243012925,0.0,19050.59165007638,65185.84589308931,4820.925196180553,0.0
pt,none,2025-07-11,24003.15505071962,0.0,9759.529336443395,33762.68438716301,2534.1199996527757,0.0
pt,none,2025-07-12,22761.101901069404,0.0,22529.8802000163,45290.982101085705,5479.477163888882,0.0
pt,none,2025-07-13,49997.63586525927,0.0,6622.033752874477,56619.66961813375,1703.3339253472218,0.0
pt,none,2025-07-14,45798.112762584,0.0,19881.31941468663,65679.43217727063,4444.144908333334,0.0
pt,none,2025-07-15,48667.611491499374,0.0,9330.949244591158,57998.560736090534,2256.978320138891,0.0
pt,none,2025-07-16,47483.37329342734,0.0,18365.970428188702,65849.34372161605,5276.934237152775,0.0
pt,none,2025-07-17,45661.89559399538,0.0,25170.54727303003,70832.44286702541,6173.702932291667,0.0
pt,none,2025-07-18,24238.954690921906,0.0,7864.686551936107,32103.641242858015,1901.2394076388885,0.0
pt,none,2025-07-19,24733.21807600801,0.0,6886.211019384718,31619.429095392727,1755.998424305555,0.0
pt,none,2025-07-20,48242.20531150893,0.0,11154.372679561799,59396.57799107073,2826.2906267361086,0.0
pt,none,2025-07-21,49914.715633017404,0.0,6907.690356953119,56822.405989970524,1821.7535618055547,0.0
pt,none,2025-07-22,47279.633420225495,0.0,15360.498770996166,62640.13219122166,4273.4665739583315,0.0
pt,none,2025-07-23,54360.088752072894,0.0,5040.30515979948,59400.39391187237,1206.1134958333334,0.0
pt,none,2025-07-24,53662.860761101634,0.0,3668.8540498637176,57331.71481096535,1024.374052430556,0.0
pt,none,2025-07-25,22956.489539529648,0.0,9015.123974885935,31971.613514415585,2221.1459350694436,0.0
pt,none,2025-07-26,23031.94164762695,0.0,7221.74082431979,30253.68247194674,1862.0434628472221,0.0
pt,none,2025-07-27,47766.26757232465,0.0,20455.00530545207,68221.27287777672,4953.9766249999975,0.0
pt,none,2025-07-28,49499.9903592364,0.0,17588.00206256962,67087.99242180602,4337.492128125001,0.0
pt,none,2025-07-29,48707.40952251691,0.0,18166.85750302273,66874.26702553964,4446.99036006944,0.0
pt,none,2025-07-30,44823.477677886105,0.0,32216.613767564057,77040.09144545016,8297.917814236109,0.0
pt,none,2025-07-31,46584.99962638361,0.0,22918.28736417777,69503.28699056138,5615.762248263887,0.0
pt,none,2025-08-01,23419.171541426236,0.0,4664.004211112325,28083.175752538562,1299.7644548611113,0.0
pt,none,2025-08-02,24053.32963254216,0.0,3765.9344928413193,27819.26412538348,852.8955798611112,0.0
pt,none,2025-08-03,41366.93244172939,0.0,15520.771264152278,56887.703705881664,3734.500292708339,0.0
pt,none,2025-08-04,44724.19171663722,0.0,10693.103281225349,55417.29499786257,2580.152129513889,0.0
pt,none,2025-08-05,43462.030566761,0.0,14493.596139527948,57955.62670628895,4010.8091197916674,0.0
pt,none,2025-08-06,48831.58974221253,0.0,9864.495253169443,58696.08499538197,2431.4020652777763,0.0
pt,none,2025-08-07,47663.238326177365,0.0,6763.6069556451375,54426.845281822505,1782.2362472222221,0.0
pt,none,2025-08-08,22946.343526463468,0.0,5379.070823024132,28325.4143494876,1297.359599305555,0.0
pt,none,2025-08-09,22838.165690890695,0.0,4131.524646368057,26969.69033725875,1130.5691520833336,0.0
pt,none,2025-08-10,45648.686190943015,0.0,7640.355445224312,53289.04163616733,1797.81025138889,0.0
pt,none,2025-08-11,43697.34877350436,0.0,11014.266065512149,54711.61483901651,2719.1544857638887,0.0
pt,none,2025-08-12,46447.15897522019,0.0,10744.951149292188,57192.11012451238,2523.040705555555,0.0
pt,none,2025-08-13,42256.485980199504,0.0,22628.307615037505,64884.79359523701,5206.149464236113,0.0
pt,none,2025-08-14,44148.18381569487,0.0,13329.949014715803,57478.13283041067,3283.5190027777794,0.0
pt,none,2025-08-15,23330.526502013643,0.0,3801.8373480630225,27132.363850076665,1158.8991197916669,0.0
pt,none,2025-08-16,24697.847154393618,0.0,5469.221090909027,30167.068245302646,1323.3332107638887,0.0
pt,none,2025-08-17,45207.46308106982,0.0,8945.793618913545,54153.256699983365,1995.1608423611121,0.0
pt,none,2025-08-18,44554.121815595376,0.0,8254.48402667031,52808.605842265686,2178.0245996527765,0.0
pt,none,2025-08-19,43985.14699058597,0.0,8663.10535130052,52648.25234188649,2262.010269444443,0.0
pt,none,2025-08-20,48251.3320426945,0.0,10362.99970244131,58614.33174513581,2346.965051736109,0.0
pt,none,2025-08-21,45972.90908068325,0.0,5890.989312423433,51863.898393106676,1501.3722423611093,0.0
pt,none,2025-08-22,23072.879882577916,0.0,7024.932632537498,30097.812515115413,1727.6147263888884,0.0
pt,none,2025-08-23,22077.140697862258,0.0,13276.418341017186,35353.559038879444,3165.237186111111,0.0
pt,none,2025-08-24,44179.75949345682,0.0,9673.270909148781,53853.0304026056,2384.620131249999,0.0
pt,none,2025-08-25,57370.5153256076,0.0,3675.9350013236103,61046.45032693121,940.8238947916668,0.0
pt,none,2025-08-26,44916.957697577425,0.0,11594.908265942355,56511.865963519784,2984.578857986109,0.0
pt,none,2025-08-27,45140.916241307044,0.0,21270.33095202082,66411.24719332787,5328.924981249997,0.0
pt,none,2025-08-28,43616.36563345749,0.0,29547.382790307813,73163.7484237653,7069.691247569444,0.0
pt,none,2025-08-29,24853.44076610278,0.0,2562.6292265305538,27416.069992633333,607.617515972222,0.0
pt,none,2025-08-30,23748.438102796772,0.0,4518.7505352812495,28267.18863807802,1214.9199124999996,0.0
pt,none,2025-08-31,44588.85330290906,0.0,16570.585685893922,61159.438988802984,3777.724425694444,0.0
pt,none,2025-09-01,49081.50054468097,0.0,0.0,49081.50054468097,0.0,0.0
pt,none,2025-09-02,43541.44953882178,0.0,1691.3206787704814,45232.77021759226,417.29237604166576,0.0
pt,none,2025-09-03,46388.11752362353,0.0,412.6485224482664,46800.766046071796,103.4375958333338,0.0
pt,none,2025-09-04,46443.35541816445,0.0,976.8962111027764,47420.25162926723,228.4335878472217,0.0
pt,none,2025-09-05,23569.168610231904,0.0,27.870238497569197,23597.038848729473,9.351180902777742,0.0
pt,none,2025-09-06,23738.9522927652,0.0,296.14091581874914,24035.09320858395,79.63436527777756,0.0
pt,none,2025-09-07,43837.027673537814,0.0,3645.5947682428814,47482.622441780695,790.1203836805555,0.0
pt,none,2025-09-08,41020.874260439334,0.0,9938.219565452433,50959.09382589177,2328.758140972223,0.0
pt,none,2025-09-09,36710.32809842911,0.0,15339.759181802783,52050.08728023189,3795.2269413194463,0.0
pt,none,2025-09-10,42067.458914824,0.0,7213.335977555721,49280.794892379716,1669.1494138888877,0.0
pt,none,2025-09-11,42152.248025029636,0.0,5707.284933298783,47859.53295832842,1152.3680774305549,0.0
pt,none,2025-09-12,18388.880365068882,0.0,5860.816194478997,24249.69655954788,1425.3769222222234,0.0
pt,none,2025-09-13,18343.266229649387,0.0,3496.047181882467,21839.313411531853,837.473504166667,0.0
pt,none,2025-09-14,45143.897915910566,0.0,2224.0482345213504,47367.94615043192,591.4580232638887,0.0
pt,none,2025-09-15,37729.92402132209,0.0,12259.054815552783,49988.97883687487,3171.631241319444,0.0
pt,none,2025-09-16,43935.21289910114,0.0,3852.54422123316,47787.7571203343,967.1996572916659,0.0
pt,none,2025-09-17,42287.07451564614,0.0,4636.325965059212,46923.40048070536,1476.9671777777799,0.0
pt,none,2025-09-18,38011.870971319324,0.0,16030.74838164304,54042.61935296236,4301.464473263886,0.0
pt,none,2025-09-19,18557.98970835834,0.0,4110.0308868199645,22668.020595178303,1126.5800753472222,0.0
pt,none,2025-09-20,18573.35297972056,0.0,4212.848360984477,22786.201340705036,1030.4209777875035,0.0
pt,none,2025-09-21,41576.048013614185,0.0,3979.587977371875,45555.63599098606,998.838075347222,0.0
pt,none,2025-09-22,43914.53950521477,0.0,3218.473652896002,47133.01315811077,890.2575475694432,0.0
pt,none,2025-09-23,43290.5439962618,0.0,3065.613062123432,46356.15705838523,677.7191513888876,0.0
pt,none,2025-09-24,38241.97043335492,0.0,23665.874721863373,61907.845155218296,6993.66155451389,0.0
pt,none,2025-09-25,41017.972355299455,0.0,10701.24252674757,51719.214882047025,2633.0203475694448,0.0
pt,none,2025-09-26,18782.667713798015,0.0,1455.664226371527,20238.33194016954,441.46961180555525,0.0
pt,none,2025-09-27,18008.25858873566,0.0,20100.21292384896,38108.47151258463,4763.889963678793,0.0
pt,none,2025-09-28,40924.59267644906,0.0,12481.658805324487,53406.25148177354,3371.031906250004,0.0
pt,none,2025-09-29,43150.05854119893,0.0,5674.895478918232,48824.95402011716,1478.6357163194448,0.0
pt,none,2025-09-30,42764.96413209121,0.0,18121.824556792704,60886.78868888391,5036.671419444443,0.0
pt,none,2025-10-01,39382.98097064166,0.0,965.0470216739604,40348.02799231563,298.8526902777784,0.0
pt,none,2025-10-02,43826.78918039297,0.0,1250.8185616541643,45077.607742047134,450.69211180555493,0.0
pt,none,2025-10-03,16568.16076022146,0.0,4213.043607547216,20781.204367768678,1080.3076510416654,0.0
pt,none,2025-10-04,18460.897658632704,0.0,1515.1506835987846,19976.04834223149,430.0085923611111,0.0
pt,none,2025-10-05,42822.19761609345,0.0,1829.9028878737845,44652.10050396723,644.1447847222223,0.0
pt,none,2025-10-06,38359.146389366,0.0,16790.6875965644,55149.833985930396,4889.301517361108,0.0
pt,none,2025-10-07,39464.373290253665,0.0,8098.91425572395,47563.28754597761,2021.4190159722198,0.0
pt,none,2025-10-08,35782.502704911094,0.0,11763.350407258855,47545.85311216995,2726.1195093750002,0.0
pt,none,2025-10-09,41957.54000786523,0.0,3093.154515805036,45050.69452367027,739.3071354166675,0.0
pt,none,2025-10-10,15895.423854563789,0.0,4088.527319192359,19983.951173756148,1161.6701256944439,0.0
pt,none,2025-10-11,16163.892681233552,0.0,3909.3261875062535,20073.218868739805,910.7552979166672,0.0
pt,none,2025-10-12,37973.89452170949,0.0,11113.9702780349,49087.86479974439,2663.7615611111123,0.0
pt,none,2025-10-13,39540.04381280914,0.0,5231.770316380209,44771.81412918935,1183.4875739583333,0.0
pt,none,2025-10-14,41299.3065298633,0.0,7109.8970608913205,48409.20359075462,1734.6065149305557,0.0
pt,none,2025-10-15,43074.784612946896,0.0,4016.4460023710085,47091.2306153179,1105.2994850694458,0.0
pt,none,2025-10-16,41057.43679877605,0.0,8038.950873717357,49096.38767249341,2326.4323239583314,0.0
pt,none,2025-10-17,15188.113522615346,0.0,23535.46980946511,38723.58333208045,5383.394134440272,0.0
pt,none,2025-10-18,16966.852322680134,0.0,2928.293033818053,19895.145356498186,925.8485569444438,0.0
pt,none,2025-10-19,42299.40501825283,0.0,5838.689031881071,48138.0940501339,1530.0099777777764,0.0
pt,none,2025-10-20,45233.87764206388,0.0,3734.262871680555,48968.14051374444,1114.355350694445,0.0
pt,none,2025-10-21,44103.84344916285,0.0,8124.972184114408,52228.815633277256,2206.8491673611106,0.0
pt,none,2025-10-22,42047.63002519988,0.0,10649.559147674132,52697.18917287401,2984.301328472222,0.0
pt,none,2025-10-23,48847.91712809935,0.0,6470.6500023848985,55318.56713048425,1588.3893225694449,0.0
pt,none,2025-10-24,16285.32917641892,0.0,16737.13963368489,33022.468810103805,3840.1037520833324,0.0
pt,none,2025-10-25,16254.276021813566,0.0,7698.690363245141,23952.96638505871,1798.9035329861115,0.0
pt,none,2025-10-26,45337.12413850276,0.0,6036.23781603299,51373.36195453575,1475.0928357638895,0.0
pt,none,2025-10-27,41433.30282492811,0.0,12015.259350008855,53448.56217493697,2978.46342013889,0.0
pt,none,2025-10-28,41273.344660150564,0.0,21463.188741402424,62736.53340155299,5665.336211805556,0.0
pt,none,2025-10-29,45981.79063081026,0.0,7515.712168641841,53497.5027994521,1778.7611027777784,0.0
pt,none,2025-10-30,40472.04438626324,0.0,19304.53482418194,59776.57921044518,5112.164394791665,0.0
pt,none,2025-10-31,17761.309926706228,0.0,4227.127071927775,21988.436998634003,1219.6763204861102,0.0
pt,none,2025-11-01,16976.74175937866,0.0,7986.436027430038,24963.177786808697,2181.8570024305563,0.0
pt,none,2025-11-02,44396.16679477531,0.0,11702.403509563357,56098.57030433867,3240.846791666664,0.0
pt,none,2025-11-03,47337.20778089116,0.0,4299.453958336108,51636.661739227275,1192.0243680555545,0.0
pt,none,2025-11-04,43631.86670792599,0.0,12069.041391210245,55700.908099136235,2874.977913194444,0.0
pt,none,2025-11-05,49226.45374614499,0.0,4338.590489202258,53565.044235347246,1236.656840625,0.0
pt,none,2025-11-06,45365.56171250801,0.0,12401.972156291318,57767.53386879933,3075.4378777777765,0.0
pt,none,2025-11-07,16945.071313565706,0.0,8079.109314434034,25024.18062799974,2057.730710069446,0.0
pt,none,2025-11-08,17131.18754025425,0.0,5732.665871559025,22863.853411813274,1361.7325607638884,0.0
pt,none,2025-11-09,47355.27927843032,0.0,7702.795958119099,55058.07523654941,1969.6455437500008,0.0
pt,none,2025-11-10,47891.283366537755,0.0,11077.808905786293,58969.09227232405,2933.755340972224,0.0
pt,none,2025-11-11,49533.020460594205,0.0,3440.4383894565954,52973.4588500508,933.233108680555,0.0
pt,none,2025-11-12,46997.046348102725,0.0,7529.928979682634,54526.97532778536,1663.5813329861098,0.0
pt,none,2025-11-13,45797.169723089166,0.0,23534.96054802014,69332.1302711093,6014.6008131944445,0.0
pt,none,2025-11-14,17870.299703177512,0.0,9091.390858829865,26961.690562007378,2372.2808982638903,0.0
pt,none,2025-11-15,18473.714576168393,0.0,4292.926884230555,22766.641460398947,1126.118534027778,0.0
pt,none,2025-11-16,47488.31913802814,0.0,14660.926997783854,62149.246135812,3564.6652354166663,0.0
pt,none,2025-11-17,45983.50658015134,0.0,17853.656307997917,63837.16288814926,4818.592131944445,0.0
pt,none,2025-11-18,47993.77900550759,0.0,11865.360217752092,59859.139223259685,3316.33290451389,0.0
pt,none,2025-11-19,47219.004363877546,0.0,17510.200321423952,64729.2046853015,4406.563576041667,0.0
pt,none,2025-11-20,47230.55190609809,0.0,16449.567057855027,63680.118963953115,4194.455277430554,0.0
pt,none,2025-11-21,17967.88279755307,0.0,13108.469897271696,31076.352694824767,3622.9443743055535,0.0
pt,none,2025-11-22,19170.391106264964,0.0,5629.55245118611,24799.943557451075,1468.705047222222,0.0
pt,none,2025-11-23,48059.12706359805,0.0,13411.237440788696,61470.364504386744,3348.3692145833274,0.0
pt,none,2025-11-24,46789.06195982365,0.0,15747.061595764757,62536.123555588405,4129.282251736111,0.0
pt,none,2025-11-25,54959.9200512811,0.0,3116.849048975866,58076.76910025696,903.5324618055554,0.0
pt,none,2025-11-26,51387.96120653025,0.0,7237.512062205205,58625.473268735455,1698.9529687499994,0.0
pt,none,2025-11-27,49730.96120582782,0.0,8945.856970700512,58676.81817652834,2254.851282986109,0.0
pt,none,2025-11-28,18505.254777259895,0.0,10936.280310570135,29441.53508783003,2813.702628472221,0.0
pt,none,2025-11-29,22607.759117958052,0.0,3270.724186150519,25878.483304108573,962.1236499999993,0.0
pt,none,2025-11-30,51544.55006540953,0.0,15774.440501848265,67318.9905672578,3701.3318024305563,0.0
pt,none,2025-12-01,54693.31108663771,0.0,18495.538195453286,73188.84928209099,5447.328593749998,0.0
pt,none,2025-12-02,56218.59727842573,0.0,23465.09522761927,79683.692506045,6148.265069791667,0.0
pt,none,2025-12-03,49669.2504485041,0.0,44284.51611245312,93953.76656095721,12606.31100833333,0.0
pt,none,2025-12-04,54998.53098341971,0.0,28011.90947986771,83010.44046328742,7670.374398958333,0.0
pt,none,2025-12-05,20098.330303167506,0.0,24833.992288711983,44932.32259187949,6894.787099652778,0.0
pt,none,2025-12-06,21339.897323225603,0.0,22224.817821530203,43564.715144755806,6445.510822222221,0.0
pt,none,2025-12-07,56865.649710310914,0.0,16224.82258064358,73090.4722909545,4682.626026736112,0.0
pt,none,2025-12-08,60556.196428852985,0.0,7727.207066831597,68283.40349568459,1979.1737829861113,0.0
pt,none,2025-12-09,60145.18104131477,0.0,8265.060271331768,68410.24131264654,2082.6961979166663,0.0
pt,none,2025-12-10,56846.604655404895,0.0,14770.54956155696,71617.15421696185,4180.647910763892,0.0
pt,none,2025-12-11,59638.736249504465,0.0,3570.369202946532,63209.105452451,986.6741194444458,0.0
pt,none,2025-12-12,23480.141847541512,0.0,13208.451262160594,36688.59310970211,3410.744890972223,0.0
pt,none,2025-12-13,24356.006889261113,0.0,12381.134876023962,36737.14176528507,2980.292739583334,0.0
pt,none,2025-12-14,56366.679173302124,0.0,20268.430935527776,76635.1101088299,5285.253414930556,0.0
pt,none,2025-12-15,56104.545157127686,0.0,21845.575107402423,77950.12026453011,5929.544678472221,0.0
pt,none,2025-12-16,60421.96001631696,0.0,5583.403223929859,66005.36324024682,1885.2857847222222,0.0
pt,none,2025-12-17,60121.65714057047,0.0,7820.48937042065,67942.14651099112,2005.0914503472204,0.0
pt,none,2025-12-18,57201.2170182447,0.0,12405.599276836636,69606.81629508134,3440.8991857638903,0.0
pt,none,2025-12-19,22757.86287620301,0.0,14637.628897232635,37395.49177343564,4170.532539930553,0.0
pt,none,2025-12-20,24256.30035105296,0.0,6082.510870639402,30338.811221692362,1802.697172916664,0.0
pt,none,2025-12-21,59218.98928365427,0.0,8794.017367508506,68013.00665116278,2451.4369510416673,0.0
pt,none,2025-12-22,58247.50156794743,0.0,12014.27632314705,70261.77789109448,3502.7706819444447,0.0
pt,none,2025-12-23,59870.13452838014,0.0,6885.572009058678,66755.70653743882,1718.4200246527769,0.0
pt,none,2025-12-24,59338.355088925884,0.0,7347.268026061629,66685.62311498751,2058.408869097221,0.0
pt,none,2025-12-25,56446.277754603936,0.0,16203.974509578828,72650.25226418277,4597.614941319447,0.0
pt,none,2025-12-26,23251.3361435557,0.0,11889.272430688714,35140.60857424441,3339.6046690972216,0.0
pt,none,2025-12-27,23885.221132572482,0.0,9296.347121847391,33181.56825441987,2490.6318486111104,0.0
pt,none,2025-12-28,58680.567631815764,0.0,7126.092338530038,65806.6599703458,2123.626422916667,0.0
pt,none,2025-12-29,57939.95093339546,0.0,7867.988924095836,65807.93985749129,2231.390584722223,0.0
pt,none,2025-12-30,58555.46500988699,0.0,5554.678655513363,64110.143665400356,1522.7775284722218,0.0
pt,none,2025-12-31,59685.76063790849,0.0,8475.453089763025,68161.21372767151,2147.5003079861117,0.0
pt,06,2025-02-01,22411.412180353713,-594.8719372600879,6077.058623121009,27893.598866214634,1425.1992381944451,1.1368683772161603e-13
pt,06,2025-02-02,55995.14439344194,-399.64321972483754,1363.8070463829856,56959.30822010009,367.33845659722203,85.91972355555595
pt,06,2025-02-03,57347.867362389625,-1124.6337673029943,3325.815879286284,59549.049474372914,785.0968954861111,3.224000000001638
pt,06,2025-02-04,59728.85253122213,-693.7367464876422,2236.905898481409,61272.0216832159,611.9884138888862,222.47545833333407
pt,06,2025-02-05,55430.31204255613,1720.9475981578673,2460.426522687155,59611.68616340115,533.7806864583347,1919.5425930224715
pt,06,2025-02-06,59985.8125896588,-1408.1128513338547,1532.7142722137137,60110.41401053866,359.67781354166624,0.0
pt,06,2025-02-07,22684.45960208608,-199.75506776910618,1415.265488435418,23899.970022752394,275.59999618055593,0.0
pt,06,2025-02-08,18459.095229431045,918.2594640055245,4735.352819020834,24112.707512457404,1082.9284260416673,744.5219975736256
pt,06,2025-02-09,54385.42102578824,1434.9766416774619,2436.297821792715,58256.69548925842,591.3462565972234,1440.632152526392
pt,06,2025-02-10,52005.14557823467,-2083.0855954059653,13031.479533937141,62953.53951676584,3437.4523729166644,0.233834722222241
pt,06,2025-02-11,52340.49353860222,-1315.5179385034871,6011.4929378803845,57036.46853797912,1420.701609027778,0.036881944444530745
pt,06,2025-02-12,52399.74786788672,-1560.683507158334,7426.274744697389,58265.33910542577,1804.1913961805533,0.0
pt,06,2025-02-13,48583.17257817925,-1041.7213437289427,7644.222591051913,55185.67382550222,1825.744838194445,96.97906055555643
pt,06,2025-02-14,18206.466297714996,822.1654947493705,4530.447393890104,23559.07918635447,1113.2715128472219,650.2795822958393
pt,06,2025-02-15,18375.350034768206,-126.96701407937115,10602.7638540908,28851.14687477963,2592.1894687500003,167.1276027777778
pt,06,2025-02-16,52667.6305742969,-2265.8562139909354,10335.372780148084,60737.14714045405,2658.881236458332,0.0
pt,06,2025-02-17,52064.845330683645,-2226.1380609714297,4955.100374351734,54793.80764406395,1227.0384569444439,209.76601608333345
pt,06,2025-02-18,46525.79345541181,968.15594739048,11192.173903375333,58686.12330617762,2625.353610416664,1285.9815366471967
pt,06,2025-02-19,46707.113368729275,-88.1719268662296,10584.56577618055,57203.5072180436,2985.1188104166667,59.54816483333224
pt,06,2025-02-20,48123.96672794524,464.9010189135617,5506.111285627949,54094.97903248675,1348.0658607638888,1043.0604999999996
pt,06,2025-02-21,17273.84041379063,47.31222900874285,5559.171349124477,22880.323991923848,1385.459049652778,35.5952107680594
pt,06,2025-02-22,17514.664669321857,499.3053799560436,4610.602895065648,22624.57294434355,1154.6090945078754,426.469188545845
pt,06,2025-02-23,47731.84869897379,561.9420013327767,5116.477090794449,53410.26779110101,1367.0953138888901,540.6080748240229
pt,06,2025-02-24,46011.88162277675,771.1401993595842,6611.283206888892,53394.30502902523,1483.335383333334,1210.108150241594
pt,06,2025-02-25,47350.09556578218,-566.7784785005639,4513.045853469773,51296.362940751394,1134.742285763886,437.79120386659963
pt,06,2025-02-26,42938.095499975294,1433.4393330729995,10168.667079353134,54540.20191240143,2517.9175298611135,1676.6673229908038
pt,06,2025-02-27,43684.33518855859,532.2537346921021,8292.414655743056,52509.00357899375,1952.9671503472223,710.3091478223593
pt,06,2025-02-28,16735.43515647982,31.275778021005724,6937.356997096349,23704.067931597172,1657.613242708332,217.3876562500011
pt,06,2025-03-01,18303.566979124895,-291.7433622566123,7511.005025306072,25522.828642174354,1915.2310187499988,0.0
pt,06,2025-03-02,49619.67915857669,1002.6549423463695,5026.669734667708,55649.003835590775,1049.6334631944442,908.3740976401322
pt,06,2025-03-03,50967.92298682699,-872.1961971794728,9142.447153298437,59238.173942945956,2294.7046090277777,930.0787833333333
pt,06,2025-03-04,45182.15657880099,1331.6263152061638,8954.359162430563,55468.14205643772,2304.8394781250026,1367.8959113325673
pt,06,2025-03-05,47371.36140493321,-930.168100882334,4779.886543726556,51221.07984777743,1099.187979513887,190.04785416666778
pt,06,2025-03-06,44063.19846767506,168.7663227168684,7979.153889241833,52211.11867963376,2042.2680607638874,557.8278525860345
pt,06,2025-03-07,17180.605773277966,-397.797303117097,6519.264086452778,23302.072556613646,1629.3771562499996,0.0
pt,06,2025-03-08,15658.761979057213,1.0186925636070847,8146.139012360764,23805.919683981585,2009.8425017361114,58.633949999999786
pt,06,2025-03-09,44942.476199615696,-2698.3556198218394,15597.932784018045,57842.05336381191,3851.0606628472206,0.0
pt,06,2025-03-10,42794.52393901348,725.4773741444426,10694.248244155566,54214.249557313495,2794.1728180555583,997.1623538178477
pt,06,2025-03-11,38074.84092604294,6860.742414096429,4668.08338677673,49603.6667269161,1110.9018888888872,7976.341881893704
pt,06,2025-03-12,43761.406577787304,-2615.8779009234804,17802.71803476024,58948.246711624066,4367.537184722221,0.0
pt,06,2025-03-13,43429.5618573254,477.8206610330173,7156.24365107413,51063.62616943255,1659.6692840277774,625.8823705418372
pt,06,2025-03-14,14946.80904350198,615.0835512782244,7774.838525433845,23336.731120214048,1996.4724722222209,470.2832975736186
pt,06,2025-03-15,14878.27588348326,765.1320256537495,4836.950913224306,20480.358822361315,1145.631701041667,575.0227385458444
pt,06,2025-03-16,41812.85014510973,1514.6202035531269,4006.3036571420243,47333.77400580488,1032.0510496527804,1996.748900307186
pt,06,2025-03-17,38273.873964026636,-1393.208226381983,20689.597322344605,57570.26305998926,4939.3813249999985,200.8433671529651
pt,06,2025-03-18,44317.569961104185,-1311.4381997346686,3917.381831086807,46923.51359245632,989.2357163194445,297.88487099999844
pt,06,2025-03-19,36540.9224707731,4839.21084619887,4746.833430232638,46126.966747204606,1385.9675784722217,5356.142781613295
pt,06,2025-03-20,41552.699862743386,-1703.8657254297536,22499.726929992703,62348.561067306335,5795.374096527778,473.19695513449074
pt,06,2025-03-21,14492.973544679548,-113.42367591127267,8265.645584305898,22645.19545307417,2067.9763534722206,128.49601635760735
pt,06,2025-03-22,15474.289731099892,-156.77948880375433,7786.298812100403,23103.80905439654,2127.791142528261,0.0
pt,06,2025-03-23,42055.69025608721,-1422.112428115542,5253.199087948787,45886.776915920454,1191.6989263888893,0.0
pt,06,2025-03-24,39138.46229307605,-70.3830232130521,5239.970130534729,44308.04940039773,1561.434825000002,652.6970317901236
pt,06,2025-03-25,43662.139254123256,-3518.9311727410795,19280.919637592535,59424.127718974705,4843.421561111111,1.3859500000002072
pt,06,2025-03-26,37384.411902169704,424.0757328747336,3806.306871752083,41614.79450679652,1057.3672746527773,891.3977898370407
pt,06,2025-03-27,39953.801892089585,-109.86509271175942,6244.564757589919,46088.50155696775,1720.484790624997,749.0895625000015
pt,06,2025-03-28,14620.005472828783,-71.54552017499512,5979.887321633154,20528.34727428694,1457.6988836805535,0.0
pt,06,2025-03-29,13728.513414453128,621.1221035443762,5985.310566589584,20334.946084587085,1428.2740194444439,443.90962604584405
pt,06,2025-03-30,38832.01395614655,-2021.4826256251931,10863.49977957777,47674.031110099124,2819.8334059027766,3.7908999999983735
pt,06,2025-03-31,33862.62530027203,7031.024247828951,3430.9899961312485,44324.63954423223,995.2556194444435,8008.018521664006
pt,06,2025-04-01,40947.39762657466,-387.61353775566056,5543.485907707287,46103.26999652629,1505.0925854166658,539.850876604949
pt,06,2025-04-02,39002.5333945479,1320.3557696325527,4640.006605529332,44962.89576970978,1192.746177083332,1160.2326812019182
pt,06,2025-04-03,40390.823184781184,-2099.5333264669916,7155.634666486804,45446.924524801,1771.447394444444,0.0
pt,06,2025-04-04,13358.681335403751,-161.20192153291856,8471.922446926736,21669.401860797567,2097.723144097222,5.684341886080802e-14
pt,06,2025-04-05,13230.436998269544,156.23173267057567,12032.395516399649,25419.064247339767,2931.3713704861107,142.7157351038194
pt,06,2025-04-06,36926.41266849177,-1077.0996415109219,10657.89176914672,46507.204796127575,2644.8129968750036,241.297649999999
pt,06,2025-04-07,32366.603389726977,3050.9038785145353,5038.262580221184,40455.769848462696,1453.0475038194447,2872.222027288023
pt,06,2025-04-08,38318.74130910387,-1081.202782503385,7648.188691710404,44885.72721831089,1718.5147138888858,271.7426375000017
pt,06,2025-04-09,37129.27533082283,1233.6469416882037,6380.954755687158,44743.877028198185,1579.0956746527793,1638.6571218728525
pt,06,2025-04-10,36613.47504725665,999.041818681401,4363.356399140097,41975.873265078146,1036.4148097222205,1440.6010920175358
pt,06,2025-04-11,12381.99729448498,872.522792961955,7957.000614701566,21211.5207021485,1950.3139704861119,648.0535843574511
pt,06,2025-04-12,13588.039186571696,-316.77953801815875,5469.403059302604,18740.66270785614,1303.518571875,0.0
pt,06,2025-04-13,34019.35385199075,-468.60738067925814,14418.982532000166,47969.72900331166,3363.946346180554,0.0
pt,06,2025-04-14,36365.90823296843,-2706.2584210574187,20053.82745138999,53713.477263301,4895.964194621853,0.0
pt,06,2025-04-15,31264.94157355848,3500.26816041725,5192.959059488203,39958.168793463934,1149.6210805555568,3575.811869216191
pt,06,2025-04-16,34494.13026370996,2579.1802937038647,5494.251708783322,42567.56226619714,1404.4927333333305,2212.939458041286
pt,06,2025-04-17,32121.875046102912,3753.4782838357696,6152.845553161627,42028.19888310031,1407.2998711805542,5043.587075774244
pt,06,2025-04-18,12552.166794340661,23.51841954139723,8429.864010969439,21005.549224851497,2055.178965972221,83.26443476237208
pt,06,2025-04-19,11996.164411215794,-57.87331934685574,10267.639814608683,22205.93090647762,2358.970879513889,0.0
pt,06,2025-04-20,32198.69699913097,845.9357964865156,8445.916622003988,41490.54941762147,2188.0221315972203,1130.2615548275228
pt,06,2025-04-21,34151.14126052944,-1658.5049016547848,14209.704500708154,46702.34085958281,3428.638093402776,0.0
pt,06,2025-04-22,30875.372061007613,3745.6320874380576,6954.97705010382,41575.98119854949,1843.6598461805554,4032.361375346161
pt,06,2025-04-23,29855.585663036072,3397.7042840840827,10948.77629756094,44202.06624468109,2725.356137500001,4077.749812543425
pt,06,2025-04-24,30572.91946593447,366.3556283310381,10811.111868584885,41750.38696285039,2863.715811458331,271.47514410139627
pt,06,2025-04-25,12036.98463686594,72.82482254715126,5235.743337969445,17345.552797382537,1338.3298531250002,88.38365437713902
pt,06,2025-04-26,11930.23383196719,1.3707526880900147,10691.259205069966,22622.86378972525,2467.5398225694444,62.506836854438745
pt,06,2025-04-27,29598.187837916532,2929.8521810557263,14873.676680894778,47401.71669986704,3415.733253472219,3061.7768211159632
pt,06,2025-04-28,35579.6315656445,2178.0793141888626,4653.14794742083,42410.8588272542,1076.2674822916658,2754.3656997496023
pt,06,2025-04-29,30229.68815221868,904.945062818144,10463.399448068052,41598.03266310488,2344.844625347221,729.1308915846057
pt,06,2025-04-30,29519.468991629088,1368.88864848445,11297.5805251375,42185.93816525104,2951.3853499999996,1514.2005072874229
pt,06,2025-05-01,30753.94940990811,2028.0761845044622,24656.431226332395,57438.45682074497,5751.400952008022,1725.1213961165608
pt,06,2025-05-02,12964.482144587813,-8.972092735654975,14989.368416469271,27944.87846832143,3319.3332951388893,1.5347723092418164e-12
pt,06,2025-05-03,12143.015023857275,-81.22172172477876,17611.247855870315,29673.041158002812,3650.4161895833336,0.0
pt,06,2025-05-04,31946.455757709813,-269.75106975128045,23867.95039541251,55544.65508337104,6047.991801388892,116.45600802935837
pt,06,2025-05-05,33454.47940096076,-95.92755924514701,23272.81273952707,56631.364581242684,5123.13271909722,0.004348993317755401
pt,06,2025-05-06,29065.016384050305,3064.16269646191,25513.43833044948,57642.6174109617,5890.670967708334,3419.0063044409985
pt,06,2025-05-07,31191.93495226778,3218.9832645600527,19358.780598920133,53769.698815747965,4230.588466666666,3789.4157039223355
pt,06,2025-05-08,34939.13393974159,-136.80791809155204,17643.676420235577,52446.00244188561,4121.041583680554,268.1462699821351
pt,06,2025-05-09,13274.71773706595,866.6851228382269,10508.732826853502,24650.13568675768,2368.7519019874067,630.5987902967357
pt,06,2025-05-10,13318.784242563888,1080.859657400725,6203.972313702254,20603.616213666864,1541.2702958333327,748.051340629174
pt,06,2025-05-11,33822.14143712901,1738.1877795376772,12130.121655533321,47690.45087220001,2816.2747822916645,1590.3724423900655
pt,06,2025-05-12,30149.00871265416,6776.435124158586,6937.955202587504,43863.39903940025,1636.3373704861124,7726.563496569585
pt,06,2025-05-13,34780.52526782069,299.27798463527773,12000.65098859774,47080.45424105371,2612.310701041666,1140.0296538194452
pt,06,2025-05-14,34640.626595091,2571.5245140344196,5738.209882512841,42950.36099163826,1269.1722243055544,3746.3974477345864
pt,06,2025-05-15,34385.74106962362,4369.077310322299,4699.368784461286,43454.1871644072,1191.143320138889,5628.173468497183
pt,06,2025-05-16,13272.591569025968,-65.97286592938904,8984.426330972912,22191.04503406949,2278.5636940972213,112.30188598536944
pt,06,2025-05-17,13228.131157104825,-78.60292780928324,11992.971589392877,25142.49981868842,2769.9595027777777,40.66016029643316
pt,06,2025-05-18,35810.017581799926,-67.44069005434723,4555.402659898962,40297.979551644545,1345.6994038194464,285.0908640085437
pt,06,2025-05-19,31993.104644547577,747.0585759125795,7627.502890243397,40367.666110703554,1648.5020180555548,668.438832495169
pt,06,2025-05-20,31953.13828662751,4252.2748035783,8806.34093032223,45011.75402052804,2055.1008086805564,5135.733326807563
pt,06,2025-05-21,30604.654185669977,6833.935487145604,5456.316563256423,42894.906236072,1300.2386684027779,7376.016962618964
pt,06,2025-05-22,32166.152232775952,870.1944162658473,11305.495587290961,44341.84223633276,2783.4988124999973,906.9563219294275
pt,06,2025-05-23,12825.100358615833,83.79753752291288,8838.002973422565,21746.90086956131,1990.8373986111105,57.613073858952
pt,06,2025-05-24,13514.88966343868,-172.59617878285397,5097.689467115623,18439.98295177145,1228.903625694444,63.469813763140365
pt,06,2025-05-25,32188.657427389262,1124.8884599759501,8119.5493515590215,41433.09523892423,1725.230303472221,974.8018013612257
pt,06,2025-05-26,31553.712923113453,4610.113499982266,12588.068147813721,48751.89457090944,3183.3882645833346,5776.420154753493
pt,06,2025-05-27,30503.55794877616,6536.2794863509025,5910.562005865282,42950.39944099235,1463.9039763888898,7489.355530138682
pt,06,2025-05-28,33539.27747167915,1408.244018086215,4993.346974389572,39940.86846415493,1373.5014062499972,1226.2501326208503
pt,06,2025-05-29,32999.6759140333,4981.0186995462855,7621.136217296703,45601.83083087629,1796.380150694444,6185.7993677748345
pt,06,2025-05-30,13324.444609594728,791.6165388340996,4854.884366907117,18970.945515335945,1227.5431638888886,573.7263348851995
pt,06,2025-05-31,14593.586821927463,-467.6914987689773,5435.213968688715,19561.1092918472,1370.6674010416664,0.0
pt,06,2025-06-01,42705.38170288688,134.4419504042087,30182.24935568437,73022.07300897545,7576.301719444446,794.102716666665
pt,06,2025-06-02,43538.194383675196,-2806.532197619614,39924.78913087535,80656.45131693094,10233.566809027778,7.856127777777374
pt,06,2025-06-03,39421.15760896633,3903.681593897769,24409.974670989235,67734.81387385333,6159.8208465277785,3429.5484659385065
pt,06,2025-06-04,46335.807320181964,-5137.222169539116,51502.30240237553,92700.88755301837,13139.072263194445,0.7459499999978334
pt,06,2025-06-05,38874.58549472381,2436.96013455529,34786.97678560729,76098.52241488639,8955.147555902777,2173.145723988787
pt,06,2025-06-06,15283.391672993333,-235.64734125463738,38114.52537062117,53162.269702359874,9653.346683680553,15.677845873484443
pt,06,2025-06-07,15303.538448624495,-173.594072218098,38238.1679445783,53368.1123209847,9241.999992013887,2.1316282072803006e-14
pt,06,2025-06-08,42180.57972535989,1831.5083087875707,10766.442087146877,54778.53012129433,2679.9159333333337,2569.761220638033
pt,06,2025-06-09,48575.25303480965,-1904.9623871278818,13992.897804159018,60663.18845184078,3409.4583958333315,0.0
pt,06,2025-06-10,44352.153883836596,614.8114025613856,16010.461703630033,60977.42699002801,4500.210825347222,582.5817907310803
pt,06,2025-06-11,48857.24537459138,1384.3242812661324,18207.1479846533,68448.71764051082,4195.292350347222,1430.8211776715384
pt,06,2025-06-12,47088.081125233206,710.2634593571231,10111.842265533507,57910.186850123835,2359.072394097221,632.3291813406433
pt,06,2025-06-13,18644.255338276114,-288.89185108699166,15223.526828720142,33578.890315909266,3397.2290538194443,162.5175736512541
pt,06,2025-06-14,18760.057585764964,70.56400592119168,10160.156135035757,28990.777726721913,2756.898709374998,185.60960907668152
pt,06,2025-06-15,43672.03341296814,3696.7229522114053,8962.925012648786,56331.68137782834,2051.170743055556,4549.830505492155
pt,06,2025-06-16,45743.94865996836,2473.5322446587043,10796.219442708152,59013.70034733521,2660.063743749998,2810.26892279603
pt,06,2025-06-17,46500.97210296344,4615.811096755874,8427.022790069273,59543.80598978858,2057.981659375,4643.9654892002045
pt,06,2025-06-18,46979.49121749478,4722.013759687003,4904.916879301909,56606.42185648369,1080.2190600694446,4588.404423845515
pt,06,2025-06-19,43852.77961578075,779.504312147566,14319.626739297386,58951.910667225704,3667.898724999997,1811.595316015092
pt,06,2025-06-20,18806.859685340874,-355.78654788395704,6540.106953030727,24991.180090487644,1750.5051197916662,1.7053025658242404e-13
pt,06,2025-06-21,18430.4370370149,-40.239816295414386,4618.036353572566,23008.23357429205,1219.4673972222213,65.73442376024659
pt,06,2025-06-22,42084.472881586764,4062.1453085067733,7055.4050694404405,53202.02325953398,1870.821352083331,3718.837515569154
pt,06,2025-06-23,43922.499031723106,1974.6724977792114,6229.203283756242,52126.37481325856,1577.9314329861097,2290.141240058411
pt,06,2025-06-24,51394.80411604481,-449.5728376421319,11396.018312823086,62341.249591225765,3009.620448263887,481.76017176783114
pt,06,2025-06-25,44166.86018904258,2356.1565845430905,10412.430960624464,56935.44773421013,2360.0286847222196,2217.9668233092502
pt,06,2025-06-26,43372.00998001198,2441.602820093175,9355.847343003657,55169.46014310881,2251.8093274305575,3259.6479381005806
pt,06,2025-06-27,18909.22241316975,-521.5603565830029,6447.26411804757,24834.926174634318,1612.1639072916669,0.0
pt,06,2025-06-28,18119.12445604257,132.46116577349963,5702.9421663571065,23954.527788173174,1394.617068749998,257.2446469238902
pt,06,2025-06-29,41530.39593690989,3991.0227278247435,12238.75834736598,57760.17701210061,3534.1707583333355,3456.478203629772
pt,06,2025-06-30,45855.367800781954,522.5105710153263,11480.756920759379,57858.63529255666,3184.2714718750017,643.3183458333332
pt,06,2025-07-01,39696.798729950766,2565.8324558582,57272.689706150864,99535.32089195983,15326.153476388885,2686.0291668173368
pt,06,2025-07-02,37794.21206243971,280.23822666563274,59405.630293232985,97480.08058233833,15455.178210763888,432.16716708699727
pt,06,2025-07-03,42534.32177102707,2062.989884931233,47420.88132935919,92018.1929853175,12575.780365624996,2509.220919113224
pt,06,2025-07-04,16451.940997065383,804.3380045161166,42788.26163987014,60044.54064145165,11274.307350694446,595.4263124402062
pt,06,2025-07-05,16971.749952726146,-126.0875032209241,49755.17707765642,66600.83952716165,12912.654088541667,4.547473508864641e-13
pt,06,2025-07-06,39153.81374358249,6718.966133050102,51934.85832500137,97807.63820163396,13237.046180555553,8178.234078298585
pt,06,2025-07-07,39136.27257306197,-1131.6439367159264,65774.89527475591,103779.52391110195,16836.239575,0.0
pt,06,2025-07-08,49807.209776542004,-913.9410187894748,21175.509964813013,70068.77872256553,5119.276638194444,166.32796249999853
pt,06,2025-07-09,49408.474486313964,-695.8100906828429,14179.574975897385,62892.23937152851,3274.6219982638863,0.0
pt,06,2025-07-10,46135.254243012925,2188.6463189174888,14811.293905604334,63135.19446753475,4408.933912847221,2177.0343261101375
pt,06,2025-07-11,24003.15505071962,-272.8274149295729,9409.861768569082,33140.18940435913,2527.4780447916633,0.0
pt,06,2025-07-12,22761.101901069404,1060.5986146025516,9808.341812813185,33630.04232848514,2511.1551468749976,757.1419231853974
pt,06,2025-07-13,49997.63586525927,-2142.702140632796,12003.736195521351,59858.66992014782,2860.271402430554,0.0
pt,06,2025-07-14,45798.112762584,235.62651381771437,19496.17429047361,65529.91356687532,4446.0635802083325,810.0413792235273
pt,06,2025-07-15,48667.611491499374,-978.5132720697693,18763.508414563374,66452.60663399298,4877.1573225694465,188.03917678912316
pt,06,2025-07-16,47483.37329342734,-1130.007479152404,21969.80071192431,68323.16652619925,5891.768623263888,0.0
pt,06,2025-07-17,45661.89559399538,3278.4396485485795,12628.58432282882,61568.91956537278,3200.979462152777,3210.126397869791
pt,06,2025-07-18,24238.954690921906,-415.7075024622776,8053.388693528473,31876.6358819881,1898.3171500000003,27.33091130679344
pt,06,2025-07-19,24733.21807600801,-886.6563478156945,18011.44315085886,41858.00487905118,4539.171587500001,63.3849694206275
pt,06,2025-07-20,48242.20531150893,547.2151737942157,8438.501221214578,57227.92170651772,2230.409726041665,652.8821222222223
pt,06,2025-07-21,49914.715633017404,-1168.7440435534425,16173.192165609718,64919.16375507368,4218.011571180555,6.910549999998466
pt,06,2025-07-22,47279.633420225495,9466.12286337901,6029.18870179409,62774.94498539859,1723.4682034722214,10011.165775685618
pt,06,2025-07-23,54360.088752072894,-3201.6964638409777,15634.803366306773,66793.1956545387,3761.7695513888893,0.0
pt,06,2025-07-24,53662.860761101634,-2131.98397698392,7969.486021337148,59500.36280545487,2165.480869444443,0.0
pt,06,2025-07-25,22956.489539529648,318.0519993405576,6723.378300423958,29997.91983929416,1647.8469590277775,302.2884197324557
pt,06,2025-07-26,23031.94164762695,785.0048260472848,5039.846102906942,28856.792576581174,1346.4101614583328,523.2342221437256
pt,06,2025-07-27,47766.26757232465,1346.4492279911124,14019.062490574812,63131.779290890576,3725.1349819444413,1640.5966278635137
pt,06,2025-07-28,49499.9903592364,2613.7281575174493,9676.203815217352,61789.922331971204,2597.5584319444433,1920.5338166969877
pt,06,2025-07-29,48707.40952251691,4555.913693346236,7990.88205261927,61254.205268482416,1801.2325888888884,5176.203217352069
pt,06,2025-07-30,44823.477677886105,8498.547190767204,5830.656061469604,59152.680930122915,1580.3511010416628,9144.285641785173
pt,06,2025-07-31,46584.99962638361,3611.349418110266,13023.530730140606,63219.87977463448,3109.9468944444397,3761.0524492365116
pt,06,2025-08-01,23419.171541426236,-380.6706644707463,11996.27881826492,35034.77969522041,3147.705263541665,9.145178065814015
pt,06,2025-08-02,24053.32963254216,-467.195837191202,7725.485508857639,31311.6193042086,1737.919945138889,9.470712540141768
pt,06,2025-08-03,41366.93244172939,2586.5936188237783,7985.651373099838,51939.17743365301,1880.650176736114,2526.6133005905012
pt,06,2025-08-04,44724.19171663722,2496.324629133822,3643.2855322310816,50863.80187800212,933.978602083334,3602.266926660376
pt,06,2025-08-05,43462.030566761,3384.3721433211686,6009.1585781458325,52855.561288228004,1454.8754177083333,4453.839791557026
pt,06,2025-08-06,48831.58974221253,-1121.2815068349444,9019.114054077598,56729.42228945518,2221.2374597222197,0.0
pt,06,2025-08-07,47663.238326177365,-148.51789127910828,4979.001610082991,52493.722044981245,1406.2793833333346,1244.924801388888
pt,06,2025-08-08,22946.343526463468,242.35345047770116,3737.0378439783008,26925.73482091947,917.5928815972222,158.9965388103922
pt,06,2025-08-09,22838.165690890695,-83.94810598065764,6781.471102351043,29535.68868726108,1684.6005322916672,17.676751429040543
pt,06,2025-08-10,45648.686190943015,-623.65211559223,8133.743467482638,53158.77754283342,2336.0851222222236,0.0
pt,06,2025-08-11,43697.34877350436,2428.7907385352432,6156.615447149647,52282.75495918925,1512.8789027777766,2269.1576510757436
pt,06,2025-08-12,46447.15897522019,1482.849773676558,6285.80420769375,54215.8129565905,1509.7913291666664,1563.9709731270555
pt,06,2025-08-13,42256.485980199504,1967.0067785610195,11924.547872697924,56148.040631458454,2828.852961458336,2627.850922689366
pt,06,2025-08-14,44148.18381569487,4010.0367912906686,5859.291050360239,54017.51165734578,1332.5106895833326,5131.357395019499
pt,06,2025-08-15,23330.526502013643,-240.20571801663223,4776.869502028998,27867.19028602601,1380.9728496527782,124.56072468714711
pt,06,2025-08-16,24697.847154393618,-965.6402484666693,8755.107507342882,32487.31441326983,1999.6605666666671,193.5865767849948
pt,06,2025-08-17,45207.46308106982,-137.77319101976624,8579.14203557136,53648.831925621416,1945.011048958335,279.7397515106867
pt,06,2025-08-18,44554.121815595376,894.5312272758629,6225.44653590173,51674.09957877296,1566.2356902777756,1231.7178159646785
pt,06,2025-08-19,43985.14699058597,-334.6588509131907,12391.418636890281,56041.90677656306,2899.1681621527778,0.0
pt,06,2025-08-20,48251.3320426945,954.3510819311786,11467.209033111623,60672.8921577373,2858.2406645833316,1749.5114415500884
pt,06,2025-08-21,45972.90908068325,108.6808534778637,11307.583480924832,57389.17341508594,3016.1177809027786,878.8531824703274
pt,06,2025-08-22,23072.879882577916,-282.70452306228924,14759.670722356073,37549.8460818717,3557.827903472222,93.03027920681203
pt,06,2025-08-23,22077.140697862258,1292.4781350508313,8695.245253881774,32064.864086794863,2264.958408333334,867.911159871354
pt,06,2025-08-24,44179.75949345682,-740.4280961512206,19657.587907893394,63096.91930519899,4689.273810763887,410.92925347222126
pt,06,2025-08-25,57370.5153256076,-4123.433195533705,5512.824307213015,58759.90643728691,1361.9054305555546,160.83710000000121
pt,06,2025-08-26,44916.957697577425,2204.8949737345074,4655.170540736106,51777.02321204804,1115.4549993055543,3187.628552219021
pt,06,2025-08-27,45140.916241307044,6737.997934075995,3258.6670875678747,55137.58126295092,782.9574253472207,7746.479056738039
pt,06,2025-08-28,43616.36563345749,7061.840779603228,9720.536845560764,60398.743258621485,2347.984667361112,6991.8071642664
pt,06,2025-08-29,24853.44076610278,-721.2153421640111,7124.866714437841,31257.09213837661,1701.0896277777765,0.0
pt,06,2025-08-30,23748.438102796772,92.7138129977932,4799.21588861632,28640.367804410886,1296.843432986111,171.31030964372923
pt,06,2025-08-31,44588.85330290906,2074.1683308341444,9649.843401663185,56312.865035406394,2330.117736805554,3044.0506625021853
pt,06,2025-09-01,49081.50054468097,-2558.836323208139,1117.7805712807274,47640.44479275355,241.29375034722182,0.0
pt,06,2025-09-02,43541.44953882178,5276.178603319479,338.5548186135432,49156.1829607548,114.5968812500005,5851.332437558242
pt,06,2025-09-03,46388.11752362353,184.65404171758797,336.63003725243357,46909.40160259355,85.83137465277818,690.2512533154787
pt,06,2025-09-04,46443.35541816445,170.73005977448105,1278.2286688295133,47892.31414676845,506.7267437499995,540.0225135948161
pt,06,2025-09-05,23569.168610231904,-221.602410506815,370.76463613854185,23718.33083586363,168.3841270833334,202.90799028915382
pt,06,2025-09-06,23738.9522927652,-7.72762488389899,194.4038257590272,23925.628493640324,54.85174583333321,179.2001521177197
pt,06,2025-09-07,43837.027673537814,5668.298765663339,408.34978201562484,49913.67622121678,125.75718923611126,6956.263685310163
pt,06,2025-09-08,41020.874260439334,277.82797501101385,6766.9536839135435,48065.6559193639,1575.170398611112,854.2139661085841
pt,06,2025-09-09,36710.32809842911,4361.37516759137,3111.373947204005,44183.07721322449,714.7964701388908,4319.610862886475
pt,06,2025-09-10,42067.458914824,-1231.6682733800455,14495.596108763002,55331.38675020695,3471.8025545138853,0.0
pt,06,2025-09-11,42152.248025029636,-2038.429458728583,6397.741715596184,46511.56028189723,1472.2045045138898,0.0
pt,06,2025-09-12,18388.880365068882,-266.42650124282875,6588.334866322428,24710.78873014848,1594.4861766987144,1.1368683772161603e-13
pt,06,2025-09-13,18343.266229649387,78.09019515784027,3465.734555248441,21887.09098005567,817.6865743055564,162.56055001133265
pt,06,2025-09-14,45143.897915910566,-2126.3824309102033,7612.0595852611,50629.57507026146,1954.1004128472198,0.0
pt,06,2025-09-15,37729.92402132209,705.0619606402612,6138.27638681789,44573.26236878024,1621.6475006944459,602.6029363556524
pt,06,2025-09-16,43935.21289910114,-1127.6926955979225,3645.348832993226,46452.86903649644,948.9435593749986,144.32998472222317
pt,06,2025-09-17,42287.07451564614,-142.0523340404767,6869.253182466677,49014.27536407234,1887.2301204861128,533.7685763888865
pt,06,2025-09-18,38011.870971319324,6515.188463489572,2809.067734246868,47336.12716905576,633.067479166665,8158.138521459037
pt,06,2025-09-19,18557.98970835834,608.7799621008635,2504.587719939935,21671.35739039914,731.2374076388899,491.03135397992946
pt,06,2025-09-20,18573.35297972056,68.33647914364212,3104.374405349131,21746.063864213334,717.4756774305554,175.49810556690613
pt,06,2025-09-21,41576.048013614185,660.2453452494567,1904.8661257897604,44141.159484653406,470.16333715277875,913.1145386168802
pt,06,2025-09-22,43914.53950521477,-1683.2365861830654,8070.091982745651,50301.39490177736,2365.386960069442,107.38348392370563
pt,06,2025-09-23,43290.5439962618,-379.5752332837492,3920.69864214513,46831.667405123175,886.1021357638884,0.0
pt,06,2025-09-24,38241.97043335492,1807.4557838535202,12925.871427143233,52975.297644351675,3412.603585069445,2426.910743362702
pt,06,2025-09-25,41017.972355299455,3030.371723292559,5273.395417802949,49321.73949639496,1391.5407774305554,3653.177888484599
pt,06,2025-09-26,18782.667713798015,-521.8293718495926,4031.3330284668377,22292.17137041526,1027.7153194444436,12.33998996872998
pt,06,2025-09-27,18008.25858873566,1588.7927157540603,5433.223491856424,25030.274796346148,1456.2056503472222,1274.71629509855
pt,06,2025-09-28,40924.59267644906,7175.970650324749,3417.6293296803833,51518.192656454194,917.3163513888895,7980.13142366433
pt,06,2025-09-29,43150.05854119893,-1814.7842123561331,19610.263400641314,60945.53772948411,5108.785126736109,0.0
pt,06,2025-09-30,42764.96413209121,1409.9983096662636,9572.276496827073,53747.238938584545,2488.032324305554,1195.474132448898
pt,06,2025-10-01,39382.98097064166,433.23298826209805,668.4101869467015,40484.62414585047,234.74455277777793,590.2778522211444
pt,06,2025-10-02,43826.78918039297,-2426.7003568127247,2129.546531972917,43529.63535555316,636.7354954861111,0.0
pt,06,2025-10-03,16568.16076022146,247.11958993958388,7187.245128415445,24002.52547857649,1736.4518878472213,202.10822461244186
pt,06,2025-10-04,18460.897658632704,-162.36561981881616,4178.342472644967,22476.874511458856,1106.1649548611115,1.1368683772161603e-13
pt,06,2025-10-05,42822.19761609345,-2231.3107600649714,6990.908847781088,47581.79570380956,2013.2453861111135,147.63581111111307
pt,06,2025-10-06,38359.146389366,2237.7866529914654,5357.155564740102,45954.08860709757,1600.7766635416663,2779.3828592209793
pt,06,2025-10-07,39464.373290253665,1079.6733099655403,6522.173359593572,47066.21995981278,1684.5874996527764,925.2159363570042
pt,06,2025-10-08,35782.502704911094,351.3837847927374,10622.013563394628,46755.900053098456,2748.2576861111124,357.2264954999713
pt,06,2025-10-09,41957.54000786523,-3172.915976229796,12505.846365511115,51290.47039714655,3028.8106909722246,0.0
pt,06,2025-10-10,15895.423854563789,-75.96237130805258,4502.540660650868,20322.002143906604,1264.8839013888887,27.041663545846703
pt,06,2025-10-11,16163.892681233552,411.75505017124857,3957.781950504168,20533.429681908972,1063.4263819444448,309.0093885458432
pt,06,2025-10-12,37973.89452170949,907.6637699910624,8266.04510103212,47147.60339273267,1976.3992256944439,987.9337382276278
pt,06,2025-10-13,39540.04381280914,-624.4687025000521,11860.218621416665,50775.79373172575,2965.8864767361115,875.1612376252122
pt,06,2025-10-14,41299.3065298633,-1135.2674202183152,21611.628651269057,61775.667760914046,5667.822824577463,788.2255353526733
pt,06,2025-10-15,43074.784612946896,-2404.2294629531198,16064.533467418933,56735.08861741271,4405.116194097225,0.0013322784736260473
pt,06,2025-10-16,41057.43679877605,563.9066014847996,10383.798003879327,52005.14140414017,2786.3779739583306,855.522529019851
pt,06,2025-10-17,15188.113522615346,1502.1655895893,8685.297825856049,25375.576938060694,2287.159977793236,1170.8876975091007
pt,06,2025-10-18,16966.852322680134,-17.07502602541856,3159.9888105255195,20109.766107180236,973.5484437499997,169.8622819626044
pt,06,2025-10-19,42299.40501825283,-166.0123512298225,5737.172919325341,47870.56558634835,1490.1028736111102,0.001230992815578702
pt,06,2025-10-20,45233.87764206388,-985.0335688875532,4752.883444144265,49001.72751732059,1255.054138541666,0.0
pt,06,2025-10-21,44103.84344916285,491.63676706479254,4250.920416954686,48846.40063318233,1115.3163149305547,657.5421139203494
pt,06,2025-10-22,42047.63002519988,-487.8266013259133,18133.918469213528,59693.721893087495,4343.443704861109,120.03696097330067
pt,06,2025-10-23,48847.91712809935,-4345.988614911399,17154.97776304097,61656.90627622891,4566.658624305554,156.72448888889073
pt,06,2025-10-24,16285.32917641892,313.1454844412458,7462.356339099299,24060.830999959464,1945.9926236111091,243.4797246569502
pt,06,2025-10-25,16254.276021813566,75.59343916874813,8221.922758067363,24551.792219049676,2077.015919791668,54.23615521251057
pt,06,2025-10-26,45337.12413850276,-2303.1045906583495,15830.555555242885,58864.57510308729,4358.527889236113,148.94220694444607
pt,06,2025-10-27,41433.30282492811,4032.215338675729,3661.567299474651,49127.08546307849,960.6963222222219,4640.872039693535
pt,06,2025-10-28,41273.344660150564,3217.1390469469743,5863.828599924816,50354.31230702236,1632.3182357638866,3420.4873053722504
pt,06,2025-10-29,45981.79063081026,386.02024749706936,7229.309532202437,53597.12041050977,1768.6603121527799,655.8201940888373
pt,06,2025-10-30,40472.04438626324,1730.4340005667755,12290.291541951901,54492.76992878191,3182.1624114583315,1627.8856375337468
pt,06,2025-10-31,17761.309926706228,-382.93230883845354,6221.221603265969,23599.599221133743,1530.0800357638882,0.0
pt,06,2025-11-01,16976.74175937866,-127.78911731388769,9331.230146635939,26180.18278870071,2292.044521527778,10.23692222222374
pt,06,2025-11-02,44396.16679477531,3777.5852678810556,4990.194515913189,53163.94657856955,1163.3480034722209,4120.881292823249
pt,06,2025-11-03,47337.20778089116,-947.3870452605364,5588.0515423531215,51977.872277983755,1497.685755208332,50.78935836111202
pt,06,2025-11-04,43631.86670792599,2118.999481708356,7398.8818976427065,53149.748087277054,1726.4937826388887,2108.5318834041395
pt,06,2025-11-05,49226.45374614499,-2604.6491133875606,14305.83057916629,60927.63521192371,3677.6786458333263,0.0
pt,06,2025-11-06,45365.56171250801,2129.381225820105,7202.608574205025,54697.551512533144,1892.9275045138866,1919.1698802408619
pt,06,2025-11-07,16945.071313565706,375.31427823302886,5637.8854893515645,22958.2710811503,1439.5679447916668,289.9305767402946
pt,06,2025-11-08,17131.18754025425,178.2244479754171,9769.116984748436,27078.5289729781,2348.8262364583334,133.1268829902881
pt,06,2025-11-09,47355.27927843032,-427.8616132444248,10726.295531357304,57653.7131965432,2767.397967013891,79.81049999999982
pt,06,2025-11-10,47891.283366537755,2662.4491540511526,7443.588711074835,57997.321231663744,1714.7229302083347,2957.5500802902693
pt,06,2025-11-11,49533.020460594205,-882.1865351224196,4442.552220544097,53093.38614601588,1147.984988541666,43.20487406944528
pt,06,2025-11-12,46997.046348102725,3941.778775963524,4039.689367875175,54978.51449194142,883.329329513889,3538.14136104902
pt,06,2025-11-13,45797.169723089166,1537.4838634706075,13065.924799552433,60400.57838611221,3300.031731250001,1583.5801869127774
pt,06,2025-11-14,17870.299703177512,-150.5428304420879,14884.625932771176,32604.382805506597,3741.884731944443,3.410605131648481e-13
pt,06,2025-11-15,18473.714576168393,-199.6816308799957,6177.130910938021,24451.163856226416,1536.5809340277779,0.0
pt,06,2025-11-16,47488.31913802814,3556.6111823969964,5833.503151254682,56878.433471679826,1506.7118347222208,3110.748008073074
pt,06,2025-11-17,45983.50658015134,7207.875376903054,3509.88773295608,56701.26969001047,1024.34215451389,7370.657885994988
pt,06,2025-11-18,47993.77900550759,-1.6514245438218609,16279.620608883157,64271.74818984693,4363.499748958333,460.05798940510897
pt,06,2025-11-19,47219.004363877546,6490.369998698878,6268.98867688437,59978.3630394608,1708.0579597222218,6135.305841953147
pt,06,2025-11-20,47230.55190609809,2169.676911575522,9465.607353387844,58865.836171061455,2371.733076041666,2017.689610716621
pt,06,2025-11-21,17967.88279755307,268.0079754321065,5203.204640480043,23439.095413465217,1517.9481375000018,240.55149553834036
pt,06,2025-11-22,19170.391106264964,-173.34572684407826,7395.6431796505185,26392.6885590714,1874.2011305555548,0.0
pt,06,2025-11-23,48059.12706359805,4867.974544515177,3190.1172890782937,56117.21889719152,872.854831944443,4307.772864049992
pt,06,2025-11-24,46789.06195982365,2184.138690136684,9285.92072946198,58259.121379422315,2513.871574305554,2092.9027960307694
pt,06,2025-11-25,54959.9200512811,-1812.4431894588138,4521.440665193746,57668.917527016034,1249.8457291666668,0.0
pt,06,2025-11-26,51387.96120653025,2019.6222212185744,3903.415141976379,57310.998569725205,1015.2613618055543,1739.5847801031955
pt,06,2025-11-27,49730.96120582782,2856.081478613765,5786.951970368402,58373.99465480998,1459.5917774305556,2651.6195011751174
pt,06,2025-11-28,18505.254777259895,411.03339622900444,6218.8831807310735,25135.171354219976,1471.0295465277773,440.02176459924533
pt,06,2025-11-29,22607.759117958052,-1314.6649713493498,7220.325643809027,28513.419790417727,1892.3154815972214,0.0
pt,06,2025-11-30,51544.55006540953,4011.9291162498776,5075.288478825168,60631.76766048458,1315.3821954861096,3530.919009803726
pt,06,2025-12-01,54693.31108663771,-343.42335814175505,24746.887654967875,79096.77538346383,6935.88005,170.733005555555
pt,06,2025-12-02,56218.59727842573,-359.5063082060698,24649.213843089245,80508.3048133089,6487.978144097224,122.69170972222162
pt,06,2025-12-03,49669.2504485041,6164.3801836969205,23248.352135962145,79081.98276816317,6725.023368749997,6195.779895308604
pt,06,2025-12-04,54998.53098341971,-923.3813317678579,29245.942415454694,83321.09206710654,8005.535026736112,231.63546718055284
pt,06,2025-12-05,20098.330303167506,973.3284080747405,19699.78149542587,40771.440206668114,5564.861659375001,1281.1020053739417
pt,06,2025-12-06,21339.897323225603,-317.5080126657364,27207.51140406944,48229.9007146293,7455.116895833332,0.0
pt,06,2025-12-07,56865.649710310914,-2005.695192610435,31328.975181380196,86188.92969908068,8914.814442708332,2.06429548611095
pt,06,2025-12-08,60556.196428852985,1454.8634106863433,4880.307913406601,66891.36775294594,1328.2160041666675,1235.6814984045516
pt,06,2025-12-09,60145.18104131477,-645.159056330181,9049.772920045487,68549.79490503008,2214.25616875,320.9185222222234
pt,06,2025-12-10,56846.604655404895,3677.793714582506,7475.4102311998395,67999.80860118724,1973.379669097225,3649.7469904031755
pt,06,2025-12-11,59638.736249504465,-1040.8572131003298,8694.551386932115,67292.43042333625,2195.4773604166667,1.9476555555555706
pt,06,2025-12-12,23480.141847541512,1981.4450114551137,9213.971047840103,34675.55790683673,2431.854292708333,2554.0069881252425
pt,06,2025-12-13,24356.006889261113,1587.905593086308,5977.154987366668,31921.067469714086,1495.0369458333334,1617.0378571330548
pt,06,2025-12-14,56366.679173302124,4066.436478620263,8216.537313185943,68649.65296510833,2014.1632413194448,3913.3336677060174
pt,06,2025-12-15,56104.545157127686,5777.832595581133,6138.335600889073,68020.7133535979,1661.5459621527807,5507.940751494398
pt,06,2025-12-16,60421.96001631696,-313.0634675343405,7281.085822901552,67389.98237168418,2108.575054861108,37.934903380918165
pt,06,2025-12-17,60121.65714057047,-1214.8542806127675,11027.839065038519,69934.64192499622,2830.416310416662,0.0
pt,06,2025-12-18,57201.2170182447,2797.381862400921,5559.308217868751,65557.90709851438,1760.8170371527776,2542.127328847658
pt,06,2025-12-19,22757.86287620301,2650.030363041308,6447.049158059373,31854.94239730369,1690.8020444444444,3607.116989635378
pt,06,2025-12-20,24256.30035105296,-355.25570307034525,8516.204354714044,32417.249002696655,2286.2783489583285,0.0
pt,06,2025-12-21,59218.98928365427,-274.7138572135725,10328.444533173628,69272.71995961433,3087.478328819449,110.99826805555551
pt,06,2025-12-22,58247.50156794743,589.4572544462615,11258.089675806425,70095.04849820012,2905.4366114583345,757.4667215992592
pt,06,2025-12-23,59870.13452838014,-641.2770195294535,7959.476174827429,67188.33368367812,2217.691593749999,224.13711250000006
pt,06,2025-12-24,59338.355088925884,329.66204085644404,6705.776701968926,66373.79383175125,1746.7269447916665,400.9889984363889
pt,06,2025-12-25,56446.277754603936,694.3650826355233,14023.425140452444,71164.0679776919,3727.410310763892,911.5807881503449
pt,06,2025-12-26,23251.3361435557,788.411152294108,10971.304032482467,35011.05132833228,2974.9695559027773,967.0770965493961
pt,06,2025-12-27,23885.221132572482,403.2684341196239,8055.397842502611,32343.88740919472,2199.2477569444454,503.3161878518096
pt,06,2025-12-28,58680.567631815764,11.866208699281486,7891.149793202083,66583.58363371713,2164.95984548611,205.73460476981168
pt,06,2025-12-29,57939.95093339546,2781.0480246286816,3819.0890442486098,64540.08800227276,1039.2792854166664,2777.4434168717735
pt,06,2025-12-30,58555.46500988699,1471.8602491424242,4594.8546353301945,64622.17989435961,1406.1802569444421,1273.6904974785489
pt,06,2025-12-31,59685.76063790849,3.1277509453666887,7065.214893550174,66754.10328240403,1894.4740826388886,153.52647992699178
pt,0612,2025-02-01,22411.412180353713,232.57265768621323,3050.555544776562,25694.54038281649,669.2537374999999,170.24443199493953
pt,0612,2025-02-02,55995.14439344194,-148.98596772941016,1078.3855724227421,56924.54399813527,296.3091993055551,256.9592153018608
pt,0612,2025-02-03,57347.867362389625,-1284.479855345688,3430.7086613328165,59494.09616837675,836.1986180555568,3.224000000001638
pt,0612,2025-02-04,59728.85253122213,-931.9424790015561,2593.154797109885,61390.06484933046,705.1449295138865,222.47545833333407
pt,0612,2025-02-05,55430.31204255613,1434.818750539089,3038.3600034951382,59903.490796590355,651.2340100694453,1662.7655684173642
pt,0612,2025-02-06,59985.8125896588,-2160.521943319922,2935.477365054337,60760.768011393215,705.9203996527766,0.0
pt,0612,2025-02-07,22684.45960208608,-847.7545072879499,2327.4992441973973,24164.20433899553,480.5219520833337,0.0
pt,0612,2025-02-08,18459.095229431045,822.0966267026054,5569.84575096528,24851.03760709893,1264.69285763889,513.1824029020736
pt,0612,2025-02-09,54385.42102578824,1000.2257951973547,2675.049318097926,58060.69613908351,651.8620038194458,693.8188844310557
pt,0612,2025-02-10,52005.14557823467,998.4217518926293,3604.1772255215205,56607.74455564882,1048.7719795138878,93.40418888888837
pt,0612,2025-02-11,52340.49353860222,-1555.3997321170275,6628.151066502965,57413.24487298816,1484.2529822916692,0.036881944444530745
pt,0612,2025-02-12,52399.74786788672,-1433.4802296920109,7105.160004521354,58071.427642716066,1635.3244236111107,0.0
pt,0612,2025-02-13,48583.17257817925,603.5595829814745,4619.317630099478,53806.0497912602,1096.5445416666664,732.0998160228114
pt,0612,2025-02-14,18206.466297714996,847.8101165783241,4364.784355246527,23419.060769539847,1093.6294263888885,648.324155828963
pt,0612,2025-02-15,18375.350034768206,168.61566163436834,8372.439044003468,26916.40474040604,2078.3924361111103,167.1276027777778
pt,0612,2025-02-16,52667.6305742969,-2231.385848753343,10591.86483364201,61028.10955918556,2669.890629166666,0.0
pt,0612,2025-02-17,52064.845330683645,-2700.5600837670236,8794.2582159908,58158.54346290742,2117.839036458334,9.94513573063864
pt,0612,2025-02-18,46525.79345541181,1899.8638105573543,7839.433947114578,56265.091213083746,1849.5837968749993,2263.1334874089584
pt,0612,2025-02-19,46707.113368729275,1195.0821638303014,7357.167897253987,55259.363429813566,2054.679365624999,1277.2967873223795
pt,0612,2025-02-20,48123.96672794524,-34.08829334989201,7001.8673134557275,55091.74574805107,1704.0158482638892,201.07087600842658
pt,0612,2025-02-21,17273.84041379063,178.23026966436174,6051.614425912153,23503.685109367143,1509.183930208334,132.9694269986935
pt,0612,2025-02-22,17514.664669321857,318.9625973220176,6627.075186806442,24460.702453450314,1591.7368469384296,140.64148021250773
pt,0612,2025-02-23,47731.84869897379,-447.29168111437866,8371.969714705547,55656.526732564955,2250.321914930553,241.06061112376202
pt,0612,2025-02-24,46011.88162277675,442.235685125998,7083.420854345148,53537.538162247896,1589.7849805555575,788.8858859137544
pt,0612,2025-02-25,47350.09556578218,-1833.357658472119,7784.809657619243,53301.54756492931,1902.7885510416618,0.0010010084137945796
pt,0612,2025-02-26,42938.095499975294,2763.8638252164783,6571.239640292368,52273.19896548414,1598.1634416666686,3030.744561520402
pt,0612,2025-02-27,43684.33518855859,875.9948952409438,6864.342057581775,51424.67214138131,1578.7770315972223,1033.0602611032614
pt,0612,2025-02-28,16735.43515647982,339.9886722828785,6774.805799156767,23850.229627919463,1628.5404909722213,253.29690763889175
pt,0612,2025-03-01,18303.566979124895,-303.9644430417132,4643.1354295135425,22642.737965596723,1075.7724201388892,1.1368683772161603e-13
pt,0612,2025-03-02,49619.67915857669,1012.9491468158824,4592.559371985763,55225.18767737834,974.165769444444,908.9012586026803
pt,0612,2025-03-03,50967.92298682699,11.611715801117612,6848.08812425208,57827.622826880186,1689.5559600694437,930.0787833333333
pt,0612,2025-03-04,45182.15657880099,1849.1647793490583,7373.199238850866,54404.52059700091,1869.1456395833331,1941.300666458405
pt,0612,2025-03-05,47371.36140493321,-1501.4080142067046,8150.27163541754,54020.22502614405,1955.4275329861125,3.392304166666463
pt,0612,2025-03-06,44063.19846767506,1200.1599690956248,5315.432491045476,50578.79092781616,1384.1405635416645,878.7061678216248
pt,0612,2025-03-07,17180.605773277966,-427.23757917063756,5812.89267010052,22566.26086420785,1416.2005173611105,0.0
pt,0612,2025-03-08,15658.761979057213,166.42645622132326,4614.99728751459,20440.185722793125,1187.4696354166686,77.66313749999965
pt,0612,2025-03-09,44942.476199615696,-93.34403414313192,6597.54754488594,51446.6797103585,1729.0755041666673,5.245796268966586
pt,0612,2025-03-10,42794.52393901348,2159.2219555021757,7329.879549933854,52283.625444449506,1993.386883333334,1378.8969789163655
pt,0612,2025-03-11,38074.84092604294,6157.700979580209,8804.010711867184,53036.552617490335,2045.6932718749988,6143.075903989917
pt,0612,2025-03-12,43761.406577787304,217.75530878482186,7054.820064440447,51033.981951012574,1851.787240624999,0.005429536649586453
pt,0612,2025-03-13,43429.5618573254,733.499489365732,6875.6969314071175,51038.758278098256,1547.4196430555548,920.8616011621295
pt,0612,2025-03-14,14946.80904350198,591.7103950155843,7026.874755203294,22565.39419372086,1768.0589576388882,336.82400130425606
pt,0612,2025-03-15,14878.27588348326,726.0463850244502,5209.8945497934,20814.21681830111,1231.655755902777,422.86503672093147
pt,0612,2025-03-16,41812.85014510973,864.5034625381126,5779.948738828303,48457.30234647615,1492.1481000000013,1605.218839196075
pt,0612,2025-03-17,38273.873964026636,1541.772527969108,9735.171254054523,49550.81774605026,2323.889706944447,1873.3645910371274
pt,0612,2025-03-18,44317.569961104185,-1997.35728064075,5882.145677825349,48202.35835828878,1408.2992284722222,4.33773850842006
pt,0612,2025-03-19,36540.9224707731,4524.764064101202,6387.934825621349,47453.62136049565,1696.3585413194432,4816.395633838426
pt,0612,2025-03-20,41552.699862743386,1150.6598822972278,11234.10147435243,53937.461219393044,3014.370742361112,823.8204746673964
pt,0612,2025-03-21,14492.973544679548,448.14102126288174,6266.741834620136,21207.856400562567,1590.6118215277768,162.1768556337595
pt,0612,2025-03-22,15474.289731099892,-125.48272700114153,4113.755771492588,19462.562775591337,1336.2193894032603,1.1368683772161603e-13
pt,0612,2025-03-23,42055.69025608721,-1680.7226727684442,5814.619559811288,46189.587143130055,1313.6824458333338,0.0
pt,0612,2025-03-24,39138.46229307605,77.22365155616822,4819.972339272057,44035.658283904275,1430.7390673611135,666.4276130042131
pt,0612,2025-03-25,43662.139254123256,-1140.9444030802465,10250.927895431945,52772.12274647495,2613.477688888889,3.345612869970374
pt,0612,2025-03-26,37384.411902169704,47.27729654335258,6266.38373211388,43698.07293082694,1639.6097166666639,890.5543898370405
pt,0612,2025-03-27,39953.801892089585,-916.3235715923622,10517.81063119911,49555.28895169633,2724.223617013883,0.0
pt,0612,2025-03-28,14620.005472828783,25.59787238915743,3625.900031597391,18271.50337681533,934.248829861109,6.27466111111282
pt,0612,2025-03-29,13728.513414453128,606.9980799865114,5259.5250226244825,19595.036517064123,1248.4207052083334,415.0505065212697
pt,0612,2025-03-30,38832.01395614655,-2202.937133614533,13337.591999298947,49966.66882183096,3334.3529791666638,1.8954499999982772
pt,0612,2025-03-31,33862.62530027203,5722.290913852768,9248.585663245487,48833.50187737029,2336.247529513888,4459.908215150446
pt,0612,2025-04-01,40947.39762657466,-920.0758501992917,7015.716921775165,47043.038698150536,1852.8187840277758,282.98818869444574
pt,0612,2025-04-02,39002.5333945479,802.1364899110895,7536.4245833848945,47341.09446784388,1832.4964055555552,254.0860698037805
pt,0612,2025-04-03,40390.823184781184,-1518.0324309198518,5595.7318969609405,44468.52265082227,1430.200922222223,0.005429536730101329
pt,0612,2025-04-04,13358.681335403751,387.2535899787542,5040.288530935766,18786.223456318272,1304.3835510416673,57.65948888889075
pt,0612,2025-04-05,13230.436998269544,278.6899286627697,9800.089541697043,23309.216468629358,2449.151547222221,225.86493163159918
pt,0612,2025-04-06,36926.41266849177,941.1365693503428,5013.233701402958,42880.782939245066,1262.9267538194454,1334.19183419616
pt,0612,2025-04-07,32366.603389726977,2667.8456944854524,7754.094150909555,42788.543235121986,2022.5312295138892,1804.5963837627598
pt,0612,2025-04-08,38318.74130910387,-1213.177851845819,8684.08521205276,45789.648669310816,1980.1499184027734,62.370921707138905
pt,0612,2025-04-09,37129.27533082283,1095.279310171101,7102.2126892479255,45326.767330241855,1777.058910416669,1676.1347652362042
pt,0612,2025-04-10,36613.47504725665,-57.681408836681044,9221.788120532963,45777.58175895293,2102.7805527777737,998.5889637820433
pt,0612,2025-04-11,12381.99729448498,712.5173574727322,9838.477040003474,22932.991691961186,2368.5780475694446,311.209938270086
pt,0612,2025-04-12,13588.039186571696,-88.03490453607421,4645.439349076057,18145.443631111677,1207.838622498999,0.0
pt,0612,2025-04-13,34019.35385199075,915.9349312843135,9492.864023543047,44428.15280681811,2301.7457454861087,652.156444189002
pt,0612,2025-04-14,36365.90823296843,-1837.751161867624,15431.02977112123,49959.18684222204,3718.6645390662943,0.0
pt,0612,2025-04-15,31264.94157355848,2877.3374109999395,9039.672660078133,43181.95164463655,2061.067355555558,1677.4264073655104
pt,0612,2025-04-16,34494.13026370996,1873.21074269037,8200.745287034186,44568.08629343451,2072.5575378472186,1024.9665701766148
pt,0612,2025-04-17,32121.875046102912,3283.0837710700685,9759.705527151375,45164.66434432435,2209.4819579861087,3851.486264017492
pt,0612,2025-04-18,12552.166794340661,284.5290599694494,7024.5973230359305,19861.29317734604,1648.8485246527764,111.19434587348232
pt,0612,2025-04-19,11996.164411215794,876.1662908473013,5058.97396376371,17931.304665826807,1283.2557715277767,536.6059807947115
pt,0612,2025-04-20,32198.69699913097,1484.1134338641205,6821.010292366489,40503.82072536158,1878.9526697916654,1554.8930687038064
pt,0612,2025-04-21,34151.14126052944,-852.8346277543752,11204.42640519479,44502.733037969854,2731.3189914196996,0.0
pt,0612,2025-04-22,30875.372061007613,3295.7908607569975,10476.671360244269,44647.83428200888,2755.0953708333323,2518.575146161939
pt,0612,2025-04-23,29855.585663036072,4116.838319018601,8042.5436154604195,42014.96759751509,2059.482233333334,4871.633314368575
pt,0612,2025-04-24,30572.91946593447,1855.3089123323866,6201.686626781071,38629.91500504793,1707.674048263887,1752.9179564457202
pt,0612,2025-04-25,12036.98463686594,-113.94520666639266,6448.3566865602415,18371.396116759788,1552.3143833333331,65.96804484055416
pt,0612,2025-04-26,11930.23383196719,447.7929134560022,6788.514482487328,19166.541227910522,1684.7497340277775,222.43158501027042
pt,0612,2025-04-27,29598.187837916532,3519.696350277605,10796.72234112707,43914.6065293212,2487.4601246527754,3499.315503055688
pt,0612,2025-04-28,35579.6315656445,1695.8534848211664,5480.804712013711,42756.28976247938,1256.72008298611,2524.378230927735
pt,0612,2025-04-29,30229.68815221868,1814.8595922996915,6321.66484826858,38366.21259278695,1388.7887666666672,1352.867741658947
pt,0612,2025-04-30,29519.468991629088,965.6993012806064,13301.715083545487,43786.88337645518,3454.864575347222,1329.636364930555
pt,0612,2025-05-01,30753.94940990811,2981.7663155978207,20762.203527929516,54497.919253435444,4715.826061458333,3026.8295825242867
pt,0612,2025-05-02,12964.482144587813,-98.65882972745746,16897.00845308055,29762.83176794091,3720.3854795138855,4.263256414560601e-12
pt,0612,2025-05-03,12143.015023857275,226.6137679634342,16288.82895075347,28658.45774257418,3365.3688302083324,45.59364640581832
pt,0612,2025-05-04,31946.455757709813,-790.0459131370869,27970.908455030043,59127.31829960277,6765.855854513892,7.105427357601002e-15
pt,0612,2025-05-05,33454.47940096076,-340.8686085390134,23065.959842987315,56179.57063540906,5181.512914930552,0.004348993317755401
pt,0612,2025-05-06,29065.016384050305,3454.9826173457,23442.970244630735,55962.96924602674,5535.19960277778,2808.2330447419863
pt,0612,2025-05-07,31191.93495226778,3131.1326990695434,21445.690703365108,55768.75835470243,4670.023550000001,3686.1474747533453
pt,0612,2025-05-08,34939.13393974159,1309.7731321350839,11201.763521631416,47450.67059350809,2596.620175694442,1131.7160619742415
pt,0612,2025-05-09,13274.71773706595,875.516817462399,9513.188168449653,23663.422722978,2127.992909027778,606.923009050389
pt,0612,2025-05-10,13318.784242563888,897.0993266569745,7967.577621715796,22183.461190936658,1922.3803274305553,370.46317208566205
pt,0612,2025-05-11,33822.14143712901,1591.037447188804,13224.581361775163,48637.76024609298,3161.6493913194417,854.0999996534101
pt,0612,2025-05-12,30149.00871265416,6152.0208533678715,9378.830748822053,45679.86031484408,2300.4837086805564,5579.467313549124
pt,0612,2025-05-13,34780.52526782069,644.4507853278417,11640.630855231764,47065.606908380294,2476.8252458333322,1276.3146944544847
pt,0612,2025-05-14,34640.626595091,1401.8816077672122,10440.0993292828,46482.60753214101,2367.0234798611077,2224.0538591659442
pt,0612,2025-05-15,34385.74106962362,2840.5743885093616,9543.006064961983,46769.321523094965,2306.9312024305564,2784.742005208338
pt,0612,2025-05-16,13272.591569025968,-128.75656889619094,8458.7002584276,21602.53525855738,2116.577490972221,112.30188598536944
pt,0612,2025-05-17,13228.131157104825,157.85621395055864,10636.728209165622,24022.715580221004,2482.262936805555,55.901085683692884
pt,0612,2025-05-18,35810.017581799926,-275.480696754834,6034.863799950008,41569.4006849951,1634.4434013888913,64.56153313423113
pt,0612,2025-05-19,31993.104644547577,859.5100301397179,7609.4518041531155,40462.06647884041,1656.0086885416658,768.8278639347857
pt,0612,2025-05-20,31953.13828662751,3878.813746085648,10808.907419644793,46640.859452357945,2499.5458767361106,4320.215546946785
pt,0612,2025-05-21,30604.654185669977,6273.6077849092635,8491.763362724294,45370.025333303536,1994.510085069443,5476.028170624248
pt,0612,2025-05-22,32166.152232775952,1053.3613304674107,10963.635764916135,44183.149328159496,2556.520830555553,1188.341717023186
pt,0612,2025-05-23,12825.100358615833,1056.501284006039,5375.195426663885,19256.797069285756,1227.1070343749993,747.6964175201468
pt,0612,2025-05-24,13514.88966343868,-34.66412346888234,5633.130618910764,19113.35615888056,1308.0831208333334,63.469813763140365
pt,0612,2025-05-25,32188.657427389262,875.0196384026916,9704.912862876205,42768.58992866816,2143.666117708331,638.383938352541
pt,0612,2025-05-26,31553.712923113453,6507.467889991378,7280.302326494792,45341.48313959962,1800.0796034722216,7777.500349770093
pt,0612,2025-05-27,30503.55794877616,5412.982654766939,7645.884966930375,43562.425570473475,1869.203125347221,3884.629355252644
pt,0612,2025-05-28,33539.27747167915,1330.2776715196114,5263.898968176729,40133.45411137548,1380.383433680553,1089.2914696765151
pt,0612,2025-05-29,32999.6759140333,4051.945179496596,11516.806033677782,48568.42712720767,2723.823405902778,4429.639829407736
pt,0612,2025-05-30,13324.444609594728,691.6066593076956,5165.545143353816,19181.59641225624,1294.4778944444429,359.9855792099979
pt,0612,2025-05-31,14593.586821927463,-494.108906716388,5517.283244519096,19616.761159730173,1383.3138357638882,0.0
pt,0612,2025-06-01,42705.38170288688,-694.7581895122705,37831.234972799124,79841.85848617373,9220.379603125,794.102716666665
pt,0612,2025-06-02,43538.194383675196,-2585.4076853500937,38986.81647560053,79939.60317392563,9958.90470451389,7.856127777777374
pt,0612,2025-06-03,39421.15760896633,2732.573907629025,35461.19510706146,77614.92662365682,8742.984383333333,1014.2407256486852
pt,0612,2025-06-04,46335.807320181964,-75.99645836900527,32002.04562418577,78261.85648599872,8359.769630902778,6.700466666665989
pt,0612,2025-06-05,38874.58549472381,2616.5208643177816,34962.10234151145,76453.20870055305,8944.564665624997,2174.1097080056697
pt,0612,2025-06-06,15283.391672993333,-370.31481194916483,38645.91243181527,53558.989292859434,9447.405264930552,15.677845873484443
pt,0612,2025-06-07,15303.538448624495,961.7048333764037,32468.049192278988,48733.292474279886,7986.152548958331,511.22866384065793
pt,0612,2025-06-08,42180.57972535989,1629.38503238408,11921.496168597561,55731.46092634153,2956.975162847221,2085.69382872426
pt,0612,2025-06-09,48575.25303480965,-1288.7319428133019,12596.15951411492,59882.68060611126,3118.170567361109,0.04391672095926946
pt,0612,2025-06-10,44352.153883836596,2773.3237130570114,10548.06061611909,57673.538213012696,3034.6456072916653,2632.174617860395
pt,0612,2025-06-11,48857.24537459138,2849.797071499913,11141.236915820318,62848.27936191161,2648.0663277777785,2302.352669869072
pt,0612,2025-06-12,47088.081125233206,356.2316882933281,11687.99628974653,59132.309103273066,2735.533175694444,523.0107519585492
pt,0612,2025-06-13,18644.255338276114,1034.4169116679514,9918.978973504345,29597.65122344841,2304.486314236112,231.4978354811612
pt,0612,2025-06-14,18760.057585764964,-145.92213027328648,12708.497648919265,31322.63310441094,3290.194956249997,185.60960907668152
pt,0612,2025-06-15,43672.03341296814,4037.1697547111708,8074.905121906951,55784.108289586264,1839.530844097224,4862.232739602043
pt,0612,2025-06-16,45743.94865996836,2209.447055792938,12196.642597971875,60150.038313733174,2995.6687552083336,2558.829450260978
pt,0612,2025-06-17,46500.97210296344,3801.2960716623065,12084.273358042172,62386.541532667914,2878.5641503472198,3225.2639875622463
pt,0612,2025-06-18,46979.49121749478,3244.4735671005456,7072.734734835241,57296.69951943057,1621.2658875,2379.14204249417
pt,0612,2025-06-19,43852.77961578075,2922.975530893825,10912.994110945314,57688.74925761989,2870.4708871527773,3404.0725510166967
pt,0612,2025-06-20,18806.859685340874,-190.77170979464847,6669.237125901905,25285.325101448132,1799.5595194444434,1.7053025658242404e-13
pt,0612,2025-06-21,18430.4370370149,147.85679111614584,4168.989949482635,22747.28377761368,1111.9908309027767,65.73238691161166
pt,0612,2025-06-22,42084.472881586764,3557.6674574227995,9198.651788340268,54840.792127349836,2359.1068090277763,2600.145503883779
pt,0612,2025-06-23,43922.499031723106,1507.0827953519529,9436.178305172729,54865.760132247786,2270.0845499999964,1608.0612231519704
pt,0612,2025-06-24,51394.80411604481,253.03436852219448,8318.683092771005,59966.52157733801,2257.9145590277767,481.76017176783114
pt,0612,2025-06-25,44166.86018904258,3455.7182484782543,8010.246574472208,55632.82501199304,1842.8357128472194,3034.4455456077085
pt,0612,2025-06-26,43372.00998001198,2888.5634019727395,7282.892646152615,53543.46602813733,1841.5915315972247,3450.914557106438
pt,0612,2025-06-27,18909.22241316975,-610.9074319838228,8702.662515182117,27000.977496368047,2097.92434375,0.0
pt,0612,2025-06-28,18119.12445604257,334.86777629799775,5207.539830638198,23661.532062978764,1332.3105600694453,257.2461911208072
pt,0612,2025-06-29,41530.39593690989,4942.927696314169,10169.740928307476,56643.06456153153,2855.7699579861137,4542.680984167632
pt,0612,2025-06-30,45855.367800781954,1508.4734450752496,8533.686425775866,55897.52767163307,2311.6735934027774,811.3598669796506
pt,0612,2025-07-01,39696.798729950766,3354.8673458434228,54048.68795382656,97100.35402962074,14439.147626388887,3608.4146192255434
pt,0612,2025-07-02,37794.21206243971,235.8899788078788,59718.02074285521,97748.1227841028,15517.951260763888,442.24532940056696
pt,0612,2025-07-03,42534.32177102707,1643.6849760592652,51886.869455912674,96064.876202999,13662.896273958335,1883.5326165486117
pt,0612,2025-07-04,16451.940997065383,547.5031888741682,47787.48268707751,64786.92687301706,12344.457060088185,115.42866874999982
pt,0612,2025-07-05,16971.749952726146,145.651731977788,50222.465080690454,67339.86676539438,12842.003165625003,115.43737708333327
pt,0612,2025-07-06,39153.81374358249,7124.697583530285,50704.94880868749,96983.46013580027,13049.323530555554,8434.392896012349
pt,0612,2025-07-07,39136.27257306197,1554.962489075022,55495.14253761909,96186.37759975609,14548.648264583331,338.0990642588939
pt,0612,2025-07-08,49807.209776542004,1027.1947642692232,14217.2842829802,65051.688823791425,3513.380025347221,982.9758366616604
pt,0612,2025-07-09,49408.474486313964,-168.96498838452942,14221.441536557113,63460.95103448655,3389.959387847222,416.10843434175666
pt,0612,2025-07-10,46135.254243012925,2045.3349773647803,15589.23656872621,63769.82578910391,4355.551107638888,1940.6023579445791
pt,0612,2025-07-11,24003.15505071962,-554.2369778997768,13259.242842685753,36708.16091550559,3366.216306944441,2.2737367544323206e-13
pt,0612,2025-07-12,22761.101901069404,1307.1708375240971,8494.317201621168,32562.589940214668,2212.0437534722196,959.2217401367132
pt,0612,2025-07-13,49997.63586525927,-2565.172800680696,15833.961051421875,63266.424116000446,3702.784004166666,0.0
pt,0612,2025-07-14,45798.112762584,1131.337529185172,16447.60346698437,63377.05375875354,3799.7664621527765,1421.2441221611543
pt,0612,2025-07-15,48667.611491499374,-666.9323392963535,17047.431793776574,65048.11094597959,4395.838745486113,356.8952637375076
pt,0612,2025-07-16,47483.37329342734,1108.7594385921511,14554.85517347516,63146.98790549466,3930.344466666663,1862.3459357830643
pt,0612,2025-07-17,45661.89559399538,3296.3229290537547,13571.229968421521,62529.448491470655,3423.6676097222207,2744.9193611963487
pt,0612,2025-07-18,24238.954690921906,-737.624632884163,13291.157826596173,36792.48788463391,3014.341107638887,27.329588929048782
pt,0612,2025-07-19,24733.21807600801,3.1912265582122927,8987.844927087672,33724.254229653896,2430.27051423611,121.48113161656158
pt,0612,2025-07-20,48242.20531150893,532.0922733742359,9553.533714459018,58327.83129934218,2517.1795121527753,827.5376996195349
pt,0612,2025-07-21,49914.715633017404,2283.0302232976037,6647.782786123609,58845.528642438614,1967.5277079861103,1474.374685900597
pt,0612,2025-07-22,47279.633420225495,7275.239961282529,10401.217181537995,64956.09056304602,2817.304622222218,4023.0497024686956
pt,0612,2025-07-23,54360.088752072894,-2533.0311854616843,14800.057160155735,66627.11472676694,3603.228090972223,73.49833509223362
pt,0612,2025-07-24,53662.860761101634,-2292.15084249576,8195.210584799665,59565.92050340554,2136.721279513891,0.0
pt,0612,2025-07-25,22956.489539529648,226.73748309576658,7350.207872454165,30533.43489507958,1784.9245420138882,209.37611665061246
pt,0612,2025-07-26,23031.94164762695,733.2122672591646,6345.506193095479,30110.660107981596,1650.7005902777764,350.7515329507717
pt,0612,2025-07-27,47766.26757232465,2434.8191113669254,10785.135636145991,60986.222319837565,2848.4924770833304,2476.1826572264954
pt,0612,2025-07-28,49499.9903592364,2283.0187471073573,12083.219923557646,63866.229029901406,3095.815676388892,1232.1027280274775
pt,0612,2025-07-29,48707.40952251691,5701.718885455071,5399.146642415103,59808.27505038708,1269.4233131944438,6080.688103928667
pt,0612,2025-07-30,44823.477677886105,9386.62378252266,4974.457768165279,59184.55922857405,1275.5435541666661,10102.100365661136
pt,0612,2025-07-31,46584.99962638361,5029.115740593186,9250.535548759017,60864.65091573581,2220.3131295138865,5042.693972676296
pt,0612,2025-08-01,23419.171541426236,-453.048601908666,8485.708252234197,31451.831191751764,2293.8753777777765,8.135978065814278
pt,0612,2025-08-02,24053.32963254216,-8.558391484732567,8131.4497528338525,32176.22099389128,1879.830513194444,32.11656415405211
pt,0612,2025-08-03,41366.93244172939,1747.0461455730049,14497.981510028496,57611.96009733089,3346.6135875000055,75.9911970719752
pt,0612,2025-08-04,44724.19171663722,1084.2283164913697,14414.856930149845,60223.27696327843,3376.043469444448,1951.2918254242568
pt,0612,2025-08-05,43462.030566761,2745.172128330974,8036.011973744962,54243.21466883694,1908.3410416666663,3142.160941575005
pt,0612,2025-08-06,48831.58974221253,-228.44482147591384,7301.108142218047,55904.25306295467,1848.3224888888858,150.97077692996828
pt,0612,2025-08-07,47663.238326177365,-506.14721788284066,6457.965604289067,53615.056712583595,1772.285082291668,945.6142732306575
pt,0612,2025-08-08,22946.343526463468,155.75669070186663,4146.073662437674,27248.173879603008,971.9682843749996,49.86757559654636
pt,0612,2025-08-09,22838.165690890695,234.01422593306586,5327.589856316847,28399.769773140608,1387.889930555557,41.19828754015183
pt,0612,2025-08-10,45648.686190943015,-709.6586825575732,8386.29163230677,53325.31914069221,2279.7421947916673,0.0010068565682110897
pt,0612,2025-08-11,43697.34877350436,2517.4109985453692,5315.290760028643,51530.05053207837,1309.7584670138885,2261.799518824818
pt,0612,2025-08-12,46447.15897522019,1010.2376398695008,8037.849720639771,55495.24633572946,1901.6782822916684,843.1264632108349
pt,0612,2025-08-13,42256.485980199504,2866.724031672362,9825.65127573195,54948.86128760382,2340.394058333335,3179.029969207511
pt,0612,2025-08-14,44148.18381569487,3451.0437663511766,7625.228246206947,55224.455828253,1747.4718211805557,4308.205088363575
pt,0612,2025-08-15,23330.526502013643,-419.3788173965751,6018.060111753477,28929.207796370545,1676.4696388888901,124.56072468714859
pt,0612,2025-08-16,24697.847154393618,-890.2256987693324,6702.2520542656275,30509.873509889912,1566.54337951389,193.5865767849948
pt,0612,2025-08-17,45207.46308106982,125.55691744503312,6914.134775704346,52247.154774219205,1621.4339559027796,671.8943039379488
pt,0612,2025-08-18,44554.121815595376,320.34072098446563,10006.016191679848,54880.47872825969,2432.8793479166634,872.991885913709
pt,0612,2025-08-19,43985.14699058597,1061.7994108929179,7715.030442916843,52761.97684439573,1812.2082017361115,800.1605662954917
pt,0612,2025-08-20,48251.3320426945,1399.394197359519,9882.94208032274,59533.66832037676,2362.093131597222,2065.237918146061
pt,0612,2025-08-21,45972.90908068325,665.8697773057221,8174.6992141130195,54813.478072101985,2155.5491666666667,878.8531824703274
pt,0612,2025-08-22,23072.879882577916,-297.86475727730027,11198.430393842704,33973.44551914332,2687.4189256944437,93.03027920681203
pt,0612,2025-08-23,22077.140697862258,1322.8520335621615,6422.121986764237,29822.114718188655,1746.2619736111114,892.2262478691827
pt,0612,2025-08-24,44179.75949345682,3117.245365089242,7402.700069419266,54699.70492796533,1901.7823034722214,1266.995149675563
pt,0612,2025-08-25,57370.5153256076,-4756.666052261602,8020.452062707107,60634.301336053104,1916.5841225694421,0.0
pt,0612,2025-08-26,44916.957697577425,1553.1675916042266,6539.51905023714,53009.644339418795,1612.2435652777745,2124.49231983013
pt,0612,2025-08-27,45140.916241307044,5760.839083378195,4141.591563763015,55043.34688844826,966.32551423611,4952.888173194759
pt,0612,2025-08-28,43616.36563345749,6534.695150736259,10570.256071832464,60721.31685602621,2544.8178625,5648.976381724464
pt,0612,2025-08-29,24853.44076610278,440.84518677348285,3769.0335524298557,29063.31950530612,968.3298423611097,0.0
pt,0612,2025-08-30,23748.438102796772,-82.04269385373074,5799.253255440103,29465.648664383145,1504.5423638888883,1.8843846437290885
pt,0612,2025-08-31,44588.85330290906,2206.4666157616753,8744.93548280468,55540.25540147541,2098.5528753472204,3065.82343773074
pt,0612,2025-09-01,49081.50054468097,96.11016664201134,0.0,49177.61071132298,0.0,345.5147406477784
pt,0612,2025-09-02,43541.44953882178,4254.504962629401,338.5548186135432,48134.50932006472,114.5968812500005,3705.6380947368143
pt,0612,2025-09-03,46388.11752362353,467.6960393476531,293.95706464826793,47149.77062761945,72.90017083333404,797.2415431251991
pt,0612,2025-09-04,46443.35541816445,-222.75946487599867,1128.6099714951365,47349.205924783586,412.0351284722211,153.0962608170374
pt,0612,2025-09-05,23569.168610231904,-277.20578084881106,392.65927426388987,23684.622103646983,170.58291493055594,202.90799028915416
pt,0612,2025-09-06,23738.9522927652,-52.23002433181308,194.4038257590272,23881.126094192412,54.85174583333321,179.2001521177197
pt,0612,2025-09-07,43837.027673537814,4967.053038025193,408.34978201562484,49212.430493578635,125.75718923611126,4652.146782094962
pt,0612,2025-09-08,41020.874260439334,1637.812793653948,3846.783194223258,46505.47024831654,948.7267378472211,2176.484939436825
pt,0612,2025-09-09,36710.32809842911,3576.011763046071,4694.58265808559,44980.92251956077,1063.136312152778,1855.7630802050958
pt,0612,2025-09-10,42067.458914824,2029.8553598189367,3997.718460222909,48095.03273486585,992.7586184027762,2081.9859290239597
pt,0612,2025-09-11,42152.248025029636,-1627.0963580672897,4777.953515295322,45303.10518225767,1105.6019461805574,0.0
pt,0612,2025-09-12,18388.880365068882,662.2903125925362,3023.715303769095,22074.885981430514,754.8548527777775,97.94678127435083
pt,0612,2025-09-13,18343.266229649387,364.2099585566366,3379.8255802333347,22087.301768439356,789.4272888888892,235.09698021966398
pt,0612,2025-09-14,45143.897915910566,-669.9731176276468,3982.2108957248265,48456.135694007746,1030.3428409722228,917.0188498274645
pt,0612,2025-09-15,37729.92402132209,960.8050934148514,5294.899934225014,43985.62904896196,1366.1550746527814,790.8056332672115
pt,0612,2025-09-16,43935.21289910114,-1504.7365517565718,4112.641691422053,46543.118038766625,1065.528646527778,146.99434041163067
pt,0612,2025-09-17,42287.07451564614,-316.6317878886147,5177.424238033856,47147.866965791385,1463.219706597222,533.7685763888865
pt,0612,2025-09-18,38011.870971319324,5917.229942050806,3416.6109468210025,47345.711860191135,798.7096006944441,6145.49548114306
pt,0612,2025-09-19,18557.98970835834,315.69412598738376,3670.096994023095,22543.780828368814,1002.618981250001,209.62176092437747
pt,0612,2025-09-20,18573.35297972056,-89.68311452816243,6400.148358798091,24883.81822399049,1499.820224652778,175.49810556690602
pt,0612,2025-09-21,41576.048013614185,97.48661629622018,4103.0300078941,45776.564637804506,976.1816777777788,361.85097241822155
pt,0612,2025-09-22,43914.53950521477,-1983.022115240731,9501.760761010064,51433.2781509841,2566.111038888887,107.38430645446763
pt,0612,2025-09-23,43290.5439962618,-681.3054303397088,6665.433287229497,49274.67185315159,1494.1024538194422,0.0005005042077691688
pt,0612,2025-09-24,38241.97043335492,3490.1640412265356,6983.092281827085,48715.22675640854,1957.4464180555556,4110.498595603728
pt,0612,2025-09-25,41017.972355299455,2891.8497433450966,5318.7916672663105,49228.613765910864,1417.8283687499984,3546.429712908439
pt,0612,2025-09-26,18782.667713798015,-445.94175776843133,4150.974354684372,22487.700310713954,1026.9103916666659,12.339989968729867
pt,0612,2025-09-27,18008.25858873566,1270.8080748525415,6847.947381309746,26127.01404489795,1791.9803632099085,516.6704719719403
pt,0612,2025-09-28,40924.59267644906,6029.341179546073,5090.764147829863,52044.69800382499,1349.3796920138898,4196.383769875343
pt,0612,2025-09-29,43150.05854119893,-496.4013394098299,13638.024215781257,56291.68141757036,3489.2882628472235,502.4111659950086
pt,0612,2025-09-30,42764.96413209121,2388.6903100373447,6589.061119163187,51742.71556129174,1759.68277361111,2437.222361256171
pt,0612,2025-10-01,39382.98097064166,-291.7432683773701,1682.4856795782955,40773.72338184259,462.0553444444436,125.32616178643674
pt,0612,2025-10-02,43826.78918039297,-2979.3050886366773,2843.909168951389,43691.39326070768,795.416161111111,0.0005719934988661635
pt,0612,2025-10-03,16568.16076022146,450.58732644177286,4278.454732053127,21297.20281871636,1066.3051923611115,350.6602158557372
pt,0612,2025-10-04,18460.897658632704,-212.7100283198601,4065.8677497220506,22314.055380034893,1053.974820833334,0.0
pt,0612,2025-10-05,42822.19761609345,-1342.598148569385,3640.0411200298695,45119.640587553935,1141.8630166666685,235.39492398113157
pt,0612,2025-10-06,38359.146389366,2172.4855048780105,6239.675949430899,46771.307843674906,1730.1162593749991,2772.4920115039
pt,0612,2025-10-07,39464.373290253665,2740.414949076319,2113.4073705680544,44318.19560989804,617.2959559027773,2484.478377066689
pt,0612,2025-10-08,35782.502704911094,1094.0836660624936,7546.440504327088,44423.026875300675,1878.2787569444454,1132.2164016860156
pt,0612,2025-10-09,41957.54000786523,-2369.8644306487035,9641.78811292899,49229.463690145516,2256.2393437500004,0.0009044302005349891
pt,0612,2025-10-10,15895.423854563789,-246.3675534579141,7486.008851172396,23135.065152278272,1925.7505041666666,0.0009663236232455574
pt,0612,2025-10-11,16163.892681233552,206.86741485201628,4676.054506718576,21046.814602804145,1214.7408607638883,0.0009663236207870796
pt,0612,2025-10-12,37973.89452170949,537.7821761272023,10212.977262409897,48724.653960246585,2425.431146180556,408.14057677902923
pt,0612,2025-10-13,39540.04381280914,-278.30758924631544,10533.819830212502,49795.556053775326,2637.153796527777,875.1621420554036
pt,0612,2025-10-14,41299.3065298633,1297.8740876144716,11337.070834476688,53934.251451954464,3118.2212047857943,1317.7450221809986
pt,0612,2025-10-15,43074.784612946896,-454.17090660990425,9170.412960085425,51791.02666642242,2530.3052958333355,381.79243957014035
pt,0612,2025-10-16,41057.43679877605,1317.9668734825455,7729.808743788182,50105.21241604678,2058.588199999998,1467.9572367512662
pt,0612,2025-10-17,15188.113522615346,1448.46351903694,5672.35244329878,22308.929484951066,1517.0018267361097,1056.7127070042338
pt,0612,2025-10-18,16966.852322680134,-247.6288208255004,5977.678655239408,22696.902157094042,1621.4467951388885,169.8622819626044
pt,0612,2025-10-19,42299.40501825283,-617.8311195740077,9818.116080897213,51499.68997957603,2448.89975347222,0.0016792546555024455
pt,0612,2025-10-20,45233.87764206388,-1393.2574016091519,6373.73616300972,50214.35640346445,1652.7891159722221,0.0010010084218947668
pt,0612,2025-10-21,44103.84344916285,243.97380308935496,5324.3753101451375,49672.192562397344,1355.0013878472214,657.5431207769186
pt,0612,2025-10-22,42047.63002519988,2182.4804173922184,7709.386857631587,51939.49730022368,1882.6664114583314,1440.6360251311921
pt,0612,2025-10-23,48847.91712809935,-2396.680234008565,9496.737444266493,55947.97433835728,2542.2187753472226,357.67217953668427
pt,0612,2025-10-24,16285.32917641892,256.37074989401935,8219.22281155485,24760.92273786779,2097.1748892361084,113.20877720761652
pt,0612,2025-10-25,16254.276021813566,100.99097592056388,7888.6626712300385,24243.92966896417,1975.1421378472232,81.80682422093483
pt,0612,2025-10-26,45337.12413850276,-535.2422816714675,9352.504814855909,54154.3866716872,2599.8943461805566,725.4275717038847
pt,0612,2025-10-27,41433.30282492811,3644.6999644182783,4465.448135049827,49543.45092439622,1166.9368944444452,3389.429492302853
pt,0612,2025-10-28,41273.344660150564,3225.262460166293,6084.246128014742,50582.853248331594,1659.8508097222193,3429.007045888803
pt,0612,2025-10-29,45981.79063081026,614.915793944482,6533.151210841499,53129.85763559624,1594.557410416669,656.8002303838455
pt,0612,2025-10-30,40472.04438626324,2237.554741514702,10743.014475051728,53452.61360282967,2743.892626388886,2320.9618226794405
pt,0612,2025-10-31,17761.309926706228,-144.83548348637714,7436.078277476734,25052.552720696585,1786.614857291666,0.0
pt,0612,2025-11-01,16976.74175937866,277.9697494615249,6189.5316762781285,23444.243185118314,1636.9803440972232,46.99052260948295
pt,0612,2025-11-02,44396.16679477531,2869.2379774819983,7250.53193702221,54515.936709279515,1760.0632503472189,2971.529391378626
pt,0612,2025-11-03,47337.20778089116,-1176.8008865124204,6643.354869964228,52803.76176434297,1765.7182097222199,18.403231856572148
pt,0612,2025-11-04,43631.86670792599,1914.1376377229747,8898.623485857466,54444.627831506434,2061.9595069444445,1539.7131608184527
pt,0612,2025-11-05,49226.45374614499,-899.0751113195481,8796.86863637759,57124.24727120303,2361.3323218749956,0.0054295366926453426
pt,0612,2025-11-06,45365.56171250801,2126.6322487874736,7086.55616010416,54578.750121399644,1854.9892673611091,1565.430414802241
pt,0612,2025-11-07,16945.071313565706,368.7271923035775,6634.73658716319,23948.53509303247,1713.6927645833323,272.608319359817
pt,0612,2025-11-08,17131.18754025425,166.3811649157797,7256.898870085753,24554.46757525578,1797.9808725694422,108.03851454511559
pt,0612,2025-11-09,47355.27927843032,487.6364073113906,7662.829789800355,55505.74547554206,2020.0531517361128,383.60040117490917
pt,0612,2025-11-10,47891.283366537755,2359.097160058937,7845.091890264762,58095.472416861456,1878.0745170138891,2550.910079837826
pt,0612,2025-11-11,49533.020460594205,-1299.1952076519726,7139.492682971342,55373.317935913576,1767.6667142361084,0.0010068565612755265
pt,0612,2025-11-12,46997.046348102725,2965.3076331084962,7241.888219844797,57204.24220105602,1648.5616677083349,2044.5224437070835
pt,0612,2025-11-13,45797.169723089166,2235.2289735635213,10589.461553214058,58621.860249866746,2701.0304607638873,2285.229089674218
pt,0612,2025-11-14,17870.299703177512,772.2204950404889,7002.595373744265,25645.115571962266,1801.3394368055538,695.7388155435433
pt,0612,2025-11-15,18473.714576168393,-250.23510181569037,7617.847168520661,25841.326642873362,1877.7581541666673,5.684341886080801e-13
pt,0612,2025-11-16,47488.31913802814,3321.125581016975,7707.939298065962,58517.38401711108,1949.5634979166643,2498.3555512113244
pt,0612,2025-11-17,45983.50658015134,6644.7926178505395,4108.056604315798,56736.355802317674,1187.3384371527777,5658.533095088835
pt,0612,2025-11-18,47993.77900550759,2491.036034263585,8341.496491652606,58826.31153142378,2292.0708288194446,1609.8597267357518
pt,0612,2025-11-19,47219.004363877546,6115.9095741020865,6561.376456398252,59896.29039437789,1759.8710982638866,4747.680140039526
pt,0612,2025-11-20,47230.55190609809,3147.381671882072,6498.051879413544,56875.985457393705,1654.0604072916674,2935.228149545157
pt,0612,2025-11-21,17967.88279755307,468.8372850804527,5509.434694753647,23946.154777387168,1609.865397916667,406.38555562861814
pt,0612,2025-11-22,19170.391106264964,34.06215485299575,6238.8866075449605,25443.339868662923,1606.2858326388875,5.440732331701838
pt,0612,2025-11-23,48059.12706359805,4421.210081595308,5124.82943148264,57605.166576676,1317.380490277777,3096.8579058850382
pt,0612,2025-11-24,46789.06195982365,2218.0567999466894,9212.215469981775,58219.334229752116,2393.2231763888885,2119.1570619315335
pt,0612,2025-11-25,54959.9200512811,-2001.706151682074,5349.279882527776,58307.4937821268,1462.2025107638892,0.0
pt,0612,2025-11-26,51387.96120653025,1757.8969165758813,5214.789703983662,58360.64782708979,1330.3334552083309,1461.500972433394
pt,0612,2025-11-27,49730.96120582782,2874.475790480077,5467.021203720313,58072.45820002821,1370.7973343750002,2182.991840712008
pt,0612,2025-11-28,18505.254777259895,301.0286674382465,7758.422191903299,26564.705636601444,1847.2696347222218,68.96746054546809
pt,0612,2025-11-29,22607.759117958052,-357.9242389481567,3644.273974701732,25894.10885371163,1053.2138472222211,21.73288055555571
pt,0612,2025-11-30,51544.55006540953,3711.9526144425886,6377.102291810242,61633.60497166236,1614.5333343749999,2735.715996451033
pt,0612,2025-12-01,54693.31108663771,-1037.35524681073,29837.723004551368,83493.67884437834,8204.353893055551,5.113106944446031
pt,0612,2025-12-02,56218.59727842573,-834.1562993816976,28419.973754797385,83804.41473384142,7452.3724315972195,27.261284722222058
pt,0612,2025-12-03,49669.2504485041,6776.490273978434,21391.139902344952,77836.88062482748,6327.445332291662,6664.529844483246
pt,0612,2025-12-04,54998.53098341971,-885.1341163428041,29290.933775979174,83404.33064305608,8071.017525000001,231.63546718055284
pt,0612,2025-12-05,20098.330303167506,1060.6301045810326,21858.0655848724,43017.02599262094,6169.492195486113,935.4452865512139
pt,0612,2025-12-06,21339.897323225603,233.22279266780276,24032.383606886113,45605.50372277952,6740.873233333334,0.0
pt,0612,2025-12-07,56865.649710310914,-715.3411180603828,27247.24130045451,83397.54989270505,7790.40674375,6.651371874999882
pt,0612,2025-12-08,60556.196428852985,631.4867508571222,6326.3357069211725,67514.01888663128,1683.1129118055528,216.02479244444567
pt,0612,2025-12-09,60145.18104131477,-508.96853252352685,8329.511074019967,67965.72358281122,2066.995103472223,372.5556468753191
pt,0612,2025-12-10,56846.604655404895,3194.6460310520374,8226.662775892553,68267.91346234948,2190.798321875004,2512.784848370692
pt,0612,2025-12-11,59638.736249504465,-496.4710444722625,6800.338192275349,65942.60339730755,1762.7932003472233,1.9476555555555706
pt,0612,2025-12-12,23480.141847541512,2399.6461190315363,7263.467873576912,33143.255840149955,2010.8226131944452,2619.2735244453397
pt,0612,2025-12-13,24356.006889261113,1144.804204931685,7347.509630967361,32848.320725160156,1822.0809857638883,606.3021612087668
pt,0612,2025-12-14,56366.679173302124,4429.042430268296,7130.099180190979,67925.8207837614,1750.046771527779,4202.255011463808
pt,0612,2025-12-15,56104.545157127686,5681.339399831728,6563.579570764755,68349.46412772416,1737.6697111111105,5065.550942748532
pt,0612,2025-12-16,60421.96001631696,-67.38410838749871,6482.306200597391,66836.88210852684,1886.460811805554,342.5179695681194
pt,0612,2025-12-17,60121.65714057047,-764.6975174212192,9540.977229684011,68897.93685283326,2466.9456819444413,56.01053750000051
pt,0612,2025-12-18,57201.2170182447,2436.058324425426,7752.318909840787,67389.59425251091,2295.487438194441,1553.3392209550675
pt,0612,2025-12-19,22757.86287620301,2311.456821385161,8959.583988549823,34028.903686137994,2372.550630902777,2929.1089195943096
pt,0612,2025-12-20,24256.30035105296,-141.7794229217272,8270.583330456233,32385.104258587464,2197.6862010416626,14.56620106442866
pt,0612,2025-12-21,59218.98928365427,907.0820477555328,7822.167061939592,67948.2383933494,2355.8342538194474,908.517060429953
pt,0612,2025-12-22,58247.50156794743,1760.1015901810367,7595.262364738896,67602.86552286736,1995.3676246527803,1790.602435782582
pt,0612,2025-12-23,59870.13452838014,-333.8842602970472,6528.2396815758675,66064.48994965896,1753.8135565972216,242.09134710416072
pt,0612,2025-12-24,59338.355088925884,239.51775235737165,7661.0455728746565,67238.91841415792,1949.3767885416678,400.9903658746366
pt,0612,2025-12-25,56446.277754603936,3012.480108008903,7607.969180024319,67066.72704263715,2103.424690972226,3009.9134441010874
pt,0612,2025-12-26,23251.3361435557,1442.1793092238872,7684.818621994262,32378.33407477385,2195.5526239583305,1745.850794968336
pt,0612,2025-12-27,23885.221132572482,864.5528535911042,6646.752698419624,31396.52668458321,1785.7129645833343,990.1073808205733
pt,0612,2025-12-28,58680.567631815764,367.9039711143821,6953.425027497913,66001.89663042806,1909.1632718749984,451.6267473458779
pt,0612,2025-12-29,57939.95093339546,3233.3055802750396,3166.984194710069,64340.240708380574,907.9810427083332,2978.4190818570214
pt,0612,2025-12-30,58555.46500988699,653.1343929711543,6643.954412955195,65852.55381581334,1939.3144822916634,422.5222000000049
pt,0612,2025-12-31,59685.76063790849,540.0201666915987,5913.854432985243,66139.63523758533,1605.8625357638884,552.8691874992749
pt,061218,2025-02-01,22411.412180353713,232.5736576862159,3050.555544776562,25694.54138281649,669.2537374999999,170.24506805782153
pt,061218,2025-02-02,55995.14439344194,-148.98496772940666,1078.3855724227421,56924.54499813527,296.3091993055551,256.9598139531238
pt,061218,2025-02-03,57347.867362389625,-1284.4788553456935,3430.7086613328165,59494.09716837674,836.1986180555568,3.2245986512594556
pt,061218,2025-02-04,59728.85253122213,-931.9414790015625,2593.154797109885,61390.06584933045,705.1449295138865,222.4760569845912
pt,061218,2025-02-05,55430.31204255613,1434.819750539079,3038.3600034951546,59903.49179659036,651.2340100694478,1662.7661847799595
pt,061218,2025-02-06,59985.8125896588,-2160.5209433199225,2935.477365054337,60760.76901139322,705.9203996527766,0.0005986512604181371
pt,061218,2025-02-07,22684.45960208608,-847.7535072879534,2327.4992441973973,24164.205338995525,480.5219520833337,0.0
pt,061218,2025-02-08,18459.095229431045,822.0976267026022,5569.84575096528,24851.038607098926,1264.69285763889,513.1832232993761
pt,061218,2025-02-09,54385.42102578824,1000.2267951973575,2675.0493180979224,58060.69713908352,651.8620038194447,693.8195007936583
pt,061218,2025-02-10,52005.14557823467,998.4227518926285,3604.1772255215187,56607.74555564881,1048.771979513887,93.40478754014875
pt,061218,2025-02-11,52340.49353860222,-1555.3987321170262,6628.151066502964,57413.245872988155,1484.2529822916686,0.03749830704600754
pt,061218,2025-02-12,52399.74786788672,-1433.47922969201,7105.160004521354,58071.42864271606,1635.3244236111111,0.0006163626012494205
pt,061218,2025-02-13,48583.17257817925,603.5605829814589,4619.317630099478,53806.05079126019,1096.5445416666664,732.1004323854031
pt,061218,2025-02-14,18206.466297714996,847.8111165783251,4364.784355246527,23419.06176953985,1093.6294263888885,648.3249762262684
pt,061218,2025-02-15,18375.350034768206,168.61666163436837,8372.439044003468,26916.405740406044,2078.3924361111103,167.1276027777778
pt,061218,2025-02-16,52667.6305742969,-2231.384848753352,10591.864833642008,61028.11055918555,2669.8906291666653,0.0006163625959061392
pt,061218,2025-02-17,52064.845330683645,-2700.559083767027,8794.258215990798,58158.54446290742,2117.839036458333,9.945752093237616
pt,061218,2025-02-18,46525.79345541181,1899.8648105573498,7839.433947114566,56265.09221308373,1849.583796874997,2263.1340860602168
pt,061218,2025-02-19,46707.113368729275,1195.083163830415,7357.167897253989,55259.36442981368,2054.6793656249993,1277.2974036850405
pt,061218,2025-02-20,48123.96672794524,-34.08729334988908,7001.867313455732,55091.74674805108,1704.0158482638901,201.0714746596893
pt,061218,2025-02-21,17273.84041379063,178.231269664357,6051.614425912153,23503.68610936714,1509.183930208334,132.97024739599556
pt,061218,2025-02-22,17514.664669321857,318.9635973220163,6627.075186806441,24460.703453450315,1591.7368469384296,140.64148021250773
pt,061218,2025-02-23,47731.84869897379,-447.29068111438767,8371.969714705534,55656.52773256493,2250.3219149305505,241.06120977501774
pt,061218,2025-02-24,46011.88162277675,442.2366851259988,7083.420854345168,53537.53916224792,1589.784980555561,788.8864845650157
pt,061218,2025-02-25,47350.09556578218,-1833.356658472122,7784.80965761926,53301.548564929326,1902.7885510416636,0.0015996596732854584
pt,061218,2025-02-26,42938.095499975294,2763.864825216478,6571.239640292368,52273.19996548414,1598.1634416666686,3030.745160171662
pt,061218,2025-02-27,43684.33518855859,875.995895240945,6864.342057581766,51424.673141381296,1578.7770315972207,1033.0608774658626
pt,061218,2025-02-28,16735.43515647982,339.98967228287887,6774.805799156767,23850.230627919464,1628.5404909722213,253.29690763889175
pt,061218,2025-03-01,18303.566979124895,-303.96344304171635,4643.1354295135425,22642.73896559672,1075.7724201388892,1.1368683772161603e-13
pt,061218,2025-03-02,49619.67915857669,1012.9501468158803,4592.559371985758,55225.188677378326,974.1657694444426,908.9018572539399
pt,061218,2025-03-03,50967.92298682699,11.612715801123905,6848.08812425208,57827.62382688019,1689.5559600694437,930.079399695937
pt,061218,2025-03-04,45182.15657880099,1849.1657793490567,7373.199238850864,54404.521597000916,1869.145639583332,1941.301265109665
pt,061218,2025-03-05,47371.36140493321,-1501.4070142067058,8150.27163541754,54020.226026144046,1955.4275329861125,3.3929205292662346
pt,061218,2025-03-06,44063.19846767506,1200.1609690956311,5315.432491045476,50578.791927816164,1384.1405635416638,878.7067841842288
pt,061218,2025-03-07,17180.605773277966,-427.2365791706402,5812.892670100522,22566.26186420785,1416.2005173611115,0.0
pt,061218,2025-03-08,15658.761979057213,166.42745622132645,4614.99728751459,20440.18672279313,1187.4696354166683,77.66313749999965
pt,061218,2025-03-09,44942.476199615696,-93.34303414313386,6597.54754488594,51446.6807103585,1729.0755041666673,5.246394920226484
pt,061218,2025-03-10,42794.52393901348,2159.222955502169,7329.879549933844,52283.626444449495,1993.3868833333324,1378.8975775676226
pt,061218,2025-03-11,38074.84092604294,6157.701979580203,8804.010711867175,53036.55361749032,2045.6932718749974,6143.076502641175
pt,061218,2025-03-12,43761.406577787304,217.7563087848118,7054.820064440447,51033.982951012564,1851.787240624999,0.00602818790468973
pt,061218,2025-03-13,43429.5618573254,733.5004893657301,6875.696931407119,51038.75927809825,1547.4196430555548,920.8622175247292
pt,061218,2025-03-14,14946.80904350198,591.7113950155855,7026.874755203296,22565.395193720862,1768.0589576388886,336.8248217015621
pt,061218,2025-03-15,14878.27588348326,726.0473850244551,5209.8945497934,20814.217818301113,1231.6557559027774,422.86585711824057
pt,061218,2025-03-16,41812.85014510973,864.5044625381105,5779.948738828303,48457.30334647615,1492.1481000000013,1605.2194378473346
pt,061218,2025-03-17,38273.873964026636,1541.7735279691076,9735.17125405452,49550.81874605026,2323.8897069444456,1873.365189688388
pt,061218,2025-03-18,44317.569961104185,-1997.3562806407465,5882.145677825349,48202.359358288784,1408.2992284722218,4.338354871023242
pt,061218,2025-03-19,36540.9224707731,4524.765064101202,6387.934825621343,47453.62236049564,1696.3585413194423,4816.3962324896875
pt,061218,2025-03-20,41552.699862743386,1150.660882297229,11234.101474352428,53937.46221939304,3014.3707423611113,823.8210733186579
pt,061218,2025-03-21,14492.973544679548,448.1420212628831,6266.741834620136,21207.857400562567,1590.611821527777,162.17767603106546
pt,061218,2025-03-22,15474.289731099892,-125.4817270011404,4113.755771492588,19462.56377559134,1336.2193894032603,1.1368683772161603e-13
pt,061218,2025-03-23,42055.69025608721,-1680.8321342034415,5814.9006213612865,46189.75874324506,1313.7265458333338,0.0
pt,061218,2025-03-24,39138.46229307605,78.07138352011425,4817.862365035263,44034.39604163143,1430.4019798611157,666.8776616554671
pt,061218,2025-03-25,43662.139254123256,-1141.893158513716,10252.025585991667,52772.2716816012,2613.646211111111,1.8316427116966096
pt,061218,2025-03-26,37384.411902169704,46.726584257033856,6267.6230880173525,43698.76157444409,1639.8055055555526,890.5543898370405
pt,061218,2025-03-27,39953.801892089585,-914.3046008654918,10517.81063119911,49557.307922423206,2724.223617013883,0.0
pt,061218,2025-03-28,14620.005472828783,23.506689261658334,3649.48675343003,18292.99891552047,938.016874305554,6.27466111111282
pt,061218,2025-03-29,13728.513414453128,612.6890698715154,5240.767027120314,19581.969511444957,1245.431782986111,418.89422691857766
pt,061218,2025-03-30,38832.01395614655,-2189.727489269829,13295.37009519062,49937.65656206734,3327.6079124999983,7.1526702805910745
pt,061218,2025-03-31,33862.62530027203,5721.594453839714,9251.124694101043,48835.344448212796,2336.6497350694435,4458.7971449921715
pt,061218,2025-04-01,40947.39762657466,-914.8601342659588,7005.580659552943,47038.11815186164,1851.2041173611092,282.98818869444574
pt,061218,2025-04-02,39002.5333945479,816.0483286813038,7491.376129983497,47309.9578532127,1825.317565277775,261.47061845504453
pt,061218,2025-04-03,40390.823184781184,-1519.150013862564,5606.932199044288,44478.60536996291,1431.9821722222248,0.005429536730101329
pt,061218,2025-04-04,13358.681335403751,390.4526083362547,5030.8494180697935,18779.9833618098,1302.883169097223,57.65948888889075
pt,061218,2025-04-05,13230.436998269544,304.74608261337465,9689.436530608154,23224.61961149107,2431.553747222221,240.62306247522486
pt,061218,2025-04-06,36926.41266849177,934.4687106916623,5054.658775655916,42915.54015483935,1269.4980215277794,1323.5448140378812
pt,061218,2025-04-07,32366.603389726977,2674.450616348169,7731.990020703998,42773.04402677914,2019.0158795138896,1805.4548216030526
pt,061218,2025-04-08,38318.74130910387,-1202.4703881951993,8648.35082510276,45764.62174601143,1974.4668684027731,68.05457035839646
pt,061218,2025-04-09,37129.27533082283,1093.0673527754818,7124.370895297941,45346.713578896255,1780.582860416671,1672.6134308352018
pt,061218,2025-04-10,36613.47504725665,-25.192144553967687,9116.579075714923,45704.861978417604,2086.014629166665,998.5889637820433
pt,061218,2025-04-11,12381.99729448498,728.84447806547,9782.5827582875,22893.42453083795,2359.6940989583327,322.235404105826
pt,061218,2025-04-12,13588.039186571696,-94.50797262857402,4725.466479571891,18218.99769351501,1220.5916016656658,0.0
pt,061218,2025-04-13,34019.35385199075,913.8890108459129,9511.000657729854,44444.243520566524,2304.6431232638865,652.156444189002
pt,061218,2025-04-14,36365.90823296843,-1818.934178661361,15368.008485929564,49914.98254023664,3708.62158073296,0.0
pt,061218,2025-04-15,31264.94157355848,2958.3501910603572,8777.326481008697,43000.618245627535,2019.2603416666698,1720.4285060167722
pt,061218,2025-04-16,34494.13026370996,1868.1397531098853,8251.674986273072,44613.945003092915,2080.6571878472173,1016.8696500183376
pt,061218,2025-04-17,32121.875046102912,3306.2724538427738,9682.313247523607,45110.46074746929,2197.17380798611,3851.486264017492
pt,061218,2025-04-18,12552.166794340661,276.1237341369503,7134.053787359542,19962.344315837152,1666.2913093749987,111.19434587348232
pt,061218,2025-04-19,11996.164411215794,866.0966988423027,5194.120188441489,18056.381298499586,1304.7488715277766,536.6059807947115
pt,061218,2025-04-20,32198.69699913097,1483.0096942743992,6832.103385944263,40513.810079349634,1880.7168697916645,1553.1315985455276
pt,061218,2025-04-21,34151.14126052944,-857.8814773784078,11255.113706317014,44548.37348946804,2739.3800914197,0.0
pt,061218,2025-04-22,30875.372061007613,3291.3777833206814,10520.869245638714,44687.61908996701,2762.1244208333324,2511.5487117609264
pt,061218,2025-04-23,29855.585663036072,4116.530433111759,8045.03969439653,42017.15579054436,2059.88098888889,4871.140658351622
pt,061218,2025-04-24,30572.91946593447,1824.1681550227306,6513.507123908847,38910.594744866044,1757.2646982638867,1703.3299220446913
pt,061218,2025-04-25,12036.98463686594,-111.01122380608412,6435.885602132465,18361.85901519232,1550.3310333333332,67.94756385279486
pt,061218,2025-04-26,11930.23383196719,443.19429867100405,6831.402145013715,19204.83027565191,1691.5668868055545,222.43158501027042
pt,061218,2025-04-27,29598.187837916532,3534.290846289683,10749.329021757636,43881.80770596385,2479.9076107638875,3507.084419418286
pt,061218,2025-04-28,35579.6315656445,1694.8153625005232,5490.3255189748215,42764.772447119845,1258.2342329861099,2522.7158827953845
pt,061218,2025-04-29,30229.68815221868,1839.4470805382284,6233.309432269966,38302.44466502688,1374.708606944444,1365.9221663548776
pt,061218,2025-04-30,29519.468991629088,1025.6430067795593,13107.047281996875,43652.159280405525,3423.8426656249985,1329.636364930555
pt,061218,2025-05-01,30753.94940990811,2976.002091572267,20814.869942079516,54544.82144355989,4724.201911458333,3020.9609343905686
pt,061218,2025-05-02,12964.482144587813,-110.17544469745506,17051.573565013885,29905.88026490424,3744.9668795138864,4.263256414560601e-12
pt,061218,2025-05-03,12143.015023857275,221.01301843843675,16364.003806364582,28728.031848660292,3377.3243302083333,45.59364640581832
pt,061218,2025-05-04,31946.455757709813,-719.4301807450299,27734.542310174507,58961.56788713929,6728.265154513894,7.105427357601002e-15
pt,061218,2025-05-05,33454.47940096076,-266.2064237686005,22815.3783533262,56003.65133051836,5141.661464930552,0.004348993317755401
pt,061218,2025-05-06,29065.016384050305,3482.780031133321,23343.14089108073,55890.93730626436,5519.323152777778,2822.8725394765806
pt,061218,2025-05-07,31191.93495226778,3140.054774962875,21415.830776609546,55747.8205038402,4665.27475,3686.1474747533453
pt,061218,2025-05-08,34939.13393974159,1355.78192245918,11129.721337573079,47424.637199773846,2585.252534027775,1155.5275665309257
pt,061218,2025-05-09,13274.71773706595,866.8267227698985,9623.913804655207,23765.458264491055,2145.602259027778,589.3179727121826
pt,061218,2025-05-10,13318.784242563888,911.691244664758,7919.025138735242,22149.50062596389,1914.6430913194445,378.41879417725585
pt,061218,2025-05-11,33822.14143712901,1568.1784738946405,13453.47686584184,48843.796776865485,3198.051991319442,817.7000152523983
pt,061218,2025-05-12,30149.00871265416,6180.976431712662,9293.31389374219,45623.29903810901,2286.822153125001,5594.837162200384
pt,061218,2025-05-13,34780.52526782069,636.9806500205141,11713.530123853987,47131.03604169519,2488.4188458333324,1264.4187265200776
pt,061218,2025-05-14,34640.626595091,1394.664804147419,10512.370752199486,46547.66215143791,2378.5172298611105,2224.0538591659442
pt,061218,2025-05-15,34385.74106962362,2862.620328569774,9483.654099184032,46732.01549737742,2297.49475763889,2784.742005208338
pt,061218,2025-05-16,13272.591569025968,-135.64969739369116,8546.5323199776,21683.474191609876,2130.5459409722207,112.30188598536944
pt,061218,2025-05-17,13228.131157104825,235.17285719337218,10368.63867944618,23831.94269374438,2439.540672916667,99.84350134451432
pt,061218,2025-05-18,35810.017581799926,-291.348203252887,6175.304685306951,41693.974063853995,1656.8792236111133,39.32368248410099
pt,061218,2025-05-19,31993.104644547577,883.4234872676238,7537.769460127427,40414.297591942624,1644.6153538194437,781.3081359568168
pt,061218,2025-05-20,31953.13828662751,3918.3360005368986,10676.99945774479,46548.47374490919,2478.5677767361094,4320.215546946785
pt,061218,2025-05-21,30604.654185669977,6275.718691379471,8484.930703322912,45365.30358037236,1993.4212447916657,5477.1487192755085
pt,061218,2025-05-22,32166.152232775952,1130.445446130067,10689.873804010582,43986.471482916604,2512.8165194444423,1228.2365098020841
pt,061218,2025-05-23,12825.100358615833,1028.3166306060364,5734.284185330551,19587.70117455242,1284.2150343749993,690.5927311819295
pt,061218,2025-05-24,13514.88966343868,-39.246352156378585,5680.195526497569,19155.83883777987,1315.5637111111112,63.469813763140365
pt,061218,2025-05-25,32188.657427389262,905.5339940266854,9603.060066681772,42697.25148809772,2127.467867708333,654.5804446199171
pt,061218,2025-05-26,31553.712923113453,6497.8973835904135,7359.175865944617,45410.786172648484,1812.620603124999,7767.332463501529
pt,061218,2025-05-27,30503.55794877616,5424.6154827356895,7608.25027995122,43536.423711463074,1863.2057295138893,3890.7964723527343
pt,061218,2025-05-28,33539.27747167915,1331.5102902123265,5262.059987586446,40132.84774947792,1380.0928781249968,1089.2914696765151
pt,061218,2025-05-29,32999.6759140333,4083.2002960689115,11424.940243759898,48507.81645386211,2709.182574305556,4429.639829407736
pt,061218,2025-05-30,13324.444609594728,700.0081392776959,5149.5104664357605,19173.963215308184,1291.9321722222212,364.5659721138354
pt,061218,2025-05-31,14593.586821927463,-511.9987487313867,5745.214815219095,19826.80288841517,1419.563135763888,0.0
pt,061218,2025-06-01,42705.38170288688,-537.3053603001912,37305.716484654695,79473.79282724138,9136.803303125002,794.102716666665
pt,061218,2025-06-02,43538.194383675196,-2590.742453878961,39039.036135244976,79986.48806504121,9967.20950451389,1.2933425751939467
pt,061218,2025-06-03,39421.15760896633,2827.997566102358,35143.07320208368,77392.22837715237,8692.391583333332,1064.8340976421882
pt,061218,2025-06-04,46335.807320181964,-84.02420481053576,32082.34479484689,78334.12791021832,8372.54008090278,1.423266666668269
pt,061218,2025-06-05,38874.58549472381,2620.747191819865,34945.88933440589,76441.22202094956,8941.986215624998,2176.2116679121636
pt,061218,2025-06-06,15283.391672993333,-324.29319782858045,38488.09553814304,53447.194013307795,9422.306714930553,40.77008650860898
pt,061218,2025-06-07,15303.538448624495,943.1599388914026,32658.813994940097,48905.51238245599,8016.490998958332,480.89307448490104
pt,061218,2025-06-08,42180.57972535989,1657.4531732340754,11813.799722864238,55651.832621458205,2939.847562847222,2099.6573873113057
pt,061218,2025-06-09,48575.25303480965,-1302.138068251499,12730.250316642709,60003.36528320085,3139.49581736111,0.04391672095926946
pt,061218,2025-06-10,44352.153883836596,2784.5429825653355,10518.152361805202,57654.84922820713,3029.891579513888,2637.7556533918837
pt,061218,2025-06-11,48857.24537459138,2850.38417448532,11139.282954348113,62846.91250342481,2647.7555777777816,2302.352669869072
pt,061218,2025-06-12,47088.081125233206,407.83738415541427,11516.081270146531,59011.99977953515,2708.1940701388885,523.018048952054
pt,061218,2025-06-13,18644.255338276114,1027.9553981504546,9967.726784797575,29639.937521224143,2312.2321756944457,221.11655847087968
pt,061218,2025-06-14,18760.057585764964,-99.9625068907704,12575.748784062325,31235.84386293652,3269.103847916666,185.60960907668152
pt,061218,2025-06-15,43672.03341296814,4029.6770630499554,8145.517019265285,55847.22749528338,1850.7827218750017,4862.2335495615425
pt,061218,2025-06-16,45743.94865996836,2302.8607967413013,11895.351292731591,59942.16074944125,2947.672023263888,2608.3244722544814
pt,061218,2025-06-17,46500.97210296344,3827.4518171935497,11997.48182519845,62325.90574535544,2864.765879513891,3225.264559555748
pt,061218,2025-06-18,46979.49121749478,3239.2948996839486,7121.5664854039915,57340.35260258272,1629.0431069444444,2378.9875049941697
pt,061218,2025-06-19,43852.77961578075,3006.4979073996574,10694.146165318925,57553.42368849934,2835.606912152778,3448.3254230101993
pt,061218,2025-06-20,18806.859685340874,-143.87376042253777,6558.230619420656,25221.21654433899,1781.8197847222211,1.7053025658242404e-13
pt,061218,2025-06-21,18430.4370370149,127.41768770395038,4192.492754245137,22750.347478963988,1115.5947809027768,37.85233307213577
pt,061218,2025-06-22,42084.472881586764,3586.673529509469,9155.544395724992,54826.69080682122,2352.302950694443,2615.5244758772833
pt,061218,2025-06-23,43922.499031723106,1506.5382880355646,9440.771319442183,54869.808639200855,2270.81398472222,1608.0612231519704
pt,061218,2025-06-24,51394.80411604481,223.58309456117573,8455.319704424126,60073.70691503011,2279.4777722222207,481.7609771369579
pt,061218,2025-06-25,44166.86018904258,3446.455256311308,8102.077545325002,55715.39299067889,1857.4316961805553,3020.205494957569
pt,061218,2025-06-26,43372.00998001198,2883.7957841011926,7308.735502338726,53564.5412664519,1845.6785982638912,3450.915380235344
pt,061218,2025-06-27,18909.22241316975,-611.6808843238164,8706.38655381545,27003.928082661383,2098.5094104166665,0.0
pt,061218,2025-06-28,18119.12445604257,301.8630041629998,5501.487673463199,23922.475133668766,1379.26670451389,257.2461911208072
pt,061218,2025-06-29,41530.39593690989,4955.8367267600115,10120.41233656303,56606.64500023293,2847.9267246527797,4549.102696782459
pt,061218,2025-06-30,45855.367800781954,1487.4654142541278,8672.607487432115,56015.44070246819,2333.7283059027773,778.0465189619958
pt,061218,2025-07-01,39696.798729950766,3351.6235679291817,54080.319246776555,97128.7415446565,14444.178176388887,3603.3512185868894
pt,061218,2025-07-02,37794.21206243971,285.8033205110025,59546.1793418052,97626.19472475591,15490.622310763889,448.5393846446929
pt,061218,2025-07-03,42534.32177102707,1632.5371403464867,51998.35781304045,96165.216724414,13680.626923958333,1883.5326165486117
pt,061218,2025-07-04,16451.940997065383,547.504188874176,47787.482687077514,64786.92787301708,12344.457060088185,115.42866874999982
pt,061218,2025-07-05,16971.749952726146,213.3675343887473,49994.41152494603,67179.52901206093,12805.734465625004,115.43737708333327
pt,061218,2025-07-06,39153.81374358249,7121.818391985503,50732.886213415266,97008.51834898326,13053.766580555553,8429.920703018468
pt,061218,2025-07-07,39136.27257306197,1521.292127030018,55831.856158069095,96489.42085816109,14602.197814583333,338.0990642588939
pt,061218,2025-07-08,49807.209776542004,1038.9270314213002,14172.270229607977,65018.407037571276,3506.22117534722,988.8120949014867
pt,061218,2025-07-09,49408.474486313964,-196.3621752006439,14495.423404718238,63707.53571583156,3433.532337847223,372.5379140526149
pt,061218,2025-07-10,46135.254243012925,2086.8210826469576,15481.879750375516,63703.9550760354,4338.446102083332,1962.5950799380826
pt,061218,2025-07-11,24003.15505071962,-491.176952196067,13048.15652631909,36560.13462484264,3332.646006944442,2.2737367544323206e-13
pt,061218,2025-07-12,22761.101901069404,1302.1829474470687,8539.908483193401,32603.193331709874,2219.2944034722213,951.262224976238
pt,061218,2025-07-13,49997.63586525927,-2479.579365188773,15557.139054151039,63075.19555422154,3658.670149999998,0.004332910609377905
pt,061218,2025-07-14,45798.112762584,1124.231579889614,16518.67295993994,63441.01730241356,3811.069062152779,1409.9439518720142
pt,061218,2025-07-15,48667.611491499374,-655.3446881546913,17002.97264659879,65015.239449943474,4388.768145486112,362.65957371344194
pt,061218,2025-07-16,47483.37329342734,1096.1453258932713,14641.675089898767,63221.193709219384,3944.1448138888845,1862.346745095148
pt,061218,2025-07-17,45661.89559399538,3286.017576133753,13671.227962721532,62619.141132850666,3439.603109722222,2728.5309909072107
pt,061218,2025-07-18,24238.954690921906,-645.9126450029031,12993.310736721174,36586.35278264018,2966.8767326388875,50.06964887628442
pt,061218,2025-07-19,24733.21807600801,-14.093579072421978,9161.41801273769,33880.54250967328,2457.8748642361134,93.87951145825949
pt,061218,2025-07-20,48242.20531150893,520.6739955603457,9598.131976271534,58361.01128334081,2524.2420260416666,809.3793793303967
pt,061218,2025-07-21,49914.715633017404,2270.920717858158,6701.960771772217,58887.59712264778,1976.0877302083313,1455.117065611458
pt,061218,2025-07-22,47279.633420225495,7317.011815884194,10266.122458481073,64862.76769459076,2795.776170833332,4023.050274462198
pt,061218,2025-07-23,54360.088752072894,-2555.047354163906,15020.228847177961,66825.27024508695,3638.243290972224,38.48556480309884
pt,061218,2025-07-24,53662.860761101634,-2229.4488823215643,8032.950930650349,59466.362809430415,2110.868685069445,0.008226284177112575
pt,061218,2025-07-25,22956.489539529648,207.42031856285192,7538.418827645841,30702.32868573834,1814.9175003472228,178.52894649233843
pt,061218,2025-07-26,23031.94164762695,745.055351961484,6327.773075557979,30104.770075146414,1647.8987902777762,357.05578181350444
pt,061218,2025-07-27,47766.26757232465,2433.184096996366,10801.49577985156,61000.94744917258,2851.0943270833322,2473.583236937353
pt,061218,2025-07-28,49499.9903592364,2318.0129285978915,11980.001551038202,63798.00483887249,3079.326254166669,1250.6539000209823
pt,061218,2025-07-29,48707.40952251691,5662.940776947291,5711.718447624836,60082.06874708903,1319.1040993055567,6019.017833639526
pt,061218,2025-07-30,44823.477677886105,9426.205324251821,4856.559502686113,59106.24250482404,1256.7574986111108,10121.791984387071
pt,061218,2025-07-31,46584.99962638361,5035.304211896514,9236.818762799294,60857.12260107942,2218.126396180553,5045.974644669795
pt,061218,2025-08-01,23419.171541426236,-453.06147220790047,8485.847528973089,31451.957598191424,2293.897527777777,8.135978065814278
pt,061218,2025-08-02,24053.32963254216,-25.408490039526285,8300.65778601719,32328.578928519826,1906.7406631944443,13.101754206808415
pt,061218,2025-08-03,41366.93244172939,1780.8572680729947,14385.271101695178,57533.06081149756,3328.688587500008,93.91458381105997
pt,061218,2025-08-04,44724.19171663722,1130.9260031366323,14259.201183888727,60114.318903662584,3351.288619444447,1951.2961583348826
pt,061218,2025-08-05,43462.030566761,2799.1616596445633,7960.856393367185,54222.048619772744,1896.4158749999997,3170.781913568509
pt,061218,2025-08-06,48831.58974221253,-227.36727201925015,7297.932680227777,55902.15515042106,1847.8151999999984,150.97134892347282
pt,061218,2025-08-07,47663.238326177365,-523.937988130621,6635.883306766853,53775.183644813595,1800.5803822916691,917.3214029415178
pt,061218,2025-08-08,22946.343526463468,148.5930392928382,4218.016543159907,27312.953108916212,983.4097843750011,38.428805438266565
pt,061218,2025-08-09,22838.165690890695,223.4969678622371,5429.572948812691,28491.23560756562,1404.141838888892,41.19828754015183
pt,061218,2025-08-10,45648.686190943015,-725.7590796353521,8542.516382778997,53465.443494086656,2304.6378892361117,0.0010068565682110897
pt,061218,2025-08-11,43697.34877350436,2541.37517454036,5253.2781219557355,51492.00207000045,1299.8780836805568,2274.503440818316
pt,061218,2025-08-12,46447.15897522019,995.0048457006134,8190.187662328648,55632.351483249455,1925.9054822916667,818.9016929217014
pt,061218,2025-08-13,42256.485980199504,2870.1613315106842,9814.196942937522,54940.84425464771,2338.5724083333375,3180.8521912010083
pt,061218,2025-08-14,44148.18381569487,3447.7792770145106,7657.883139573606,55253.84623228299,1752.6651211805543,4308.205088363575
pt,061218,2025-08-15,23330.526502013643,-420.47561638706236,6025.723288223617,28935.774173850197,1677.6877291666679,124.56072468714859
pt,061218,2025-08-16,24697.847154393618,-899.5810091529429,6796.252220421187,30594.51836566186,1581.4927795138906,193.5865767849948
pt,061218,2025-08-17,45207.46308106982,117.09539362336245,6970.415583606427,52294.97405829962,1630.4062559027795,658.4382836488064
pt,061218,2025-08-18,44554.121815595376,318.54432794557795,10023.455503165962,54896.12164670692,2435.658445138886,872.991885913709
pt,061218,2025-08-19,43985.14699058597,1087.2561745129142,7639.9444268418565,52712.34759194074,1800.2130017361135,800.1611382889945
pt,061218,2025-08-20,48251.3320426945,1391.0785152922576,9935.44330431163,59577.85386229838,2370.4614260416665,2052.0541833828706
pt,061218,2025-08-21,45972.90908068325,694.7183529994717,8067.300570242185,54734.928003924906,2138.4343124999996,893.2050170990425
pt,061218,2025-08-22,23072.879882577916,-214.4757792143978,10919.161983098256,33777.566086461775,2643.005225694443,93.03027920681203
pt,061218,2025-08-23,22077.140697862258,1316.9538572692093,6471.564886000351,29865.659441131822,1754.142556944445,882.7887958788107
pt,061218,2025-08-24,44179.75949345682,3090.5224600381302,7669.939119930391,54940.221073425346,1944.2829034722233,1244.2585496755646
pt,061218,2025-08-25,57370.5153256076,-4735.051571819682,7956.699391217521,60592.16314500544,1906.3994559027744,0.0043329106059672995
pt,061218,2025-08-26,44916.957697577425,1548.8077205836705,6578.108397204498,53043.87381536559,1618.40832083333,2124.49231983013
pt,061218,2025-08-27,45140.916241307044,5771.486133701781,4116.935100694963,55029.33747570379,962.4062781249994,4958.532445188262
pt,061218,2025-08-28,43616.36563345749,6533.036273827369,10581.788954729687,60731.19086201455,2546.6510569444445,5646.339011435327
pt,061218,2025-08-29,24853.44076610278,433.02139678861795,3821.288313661802,29107.7504765532,976.6603090277767,0.0
pt,061218,2025-08-30,23748.438102796772,-86.94924367893837,5836.044830904693,29497.53369002253,1510.4201513888893,1.8843846437290885
pt,061218,2025-08-31,44588.85330290906,2206.2158044146136,8746.759088305373,55541.828195629045,2098.8442128472207,3065.8242608596443
pt,061218,2025-09-01,49081.50054468097,93.78983526145386,0.0,49175.290379942424,0.0,345.5147406477784
pt,061218,2025-09-02,43541.44953882178,4272.063566101326,338.5548186135432,48152.06792353664,114.5968812500005,3714.9463167303193
pt,061218,2025-09-03,46388.11752362353,466.69216864709784,293.95706464826793,47148.76675691889,72.90017083333404,795.665401059937
pt,061218,2025-09-04,46443.35541816445,-224.0343718498865,1128.6099714951365,47347.9310178097,412.0351284722211,153.0962608170374
pt,061218,2025-09-05,23569.168610231904,-238.71856418882263,392.65927426388987,23723.109320306972,170.58291493055594,202.90799028915416
pt,061218,2025-09-06,23738.9522927652,-52.08868171641414,194.4038257590272,23881.26743680781,54.85174583333321,179.2001521177197
pt,061218,2025-09-07,43837.027673537814,4960.912877023525,408.34978201562484,49206.290332576966,125.75718923611126,4642.924832094961
pt,061218,2025-09-08,41020.874260439334,1644.2046266572743,3827.929618951048,46493.008506047656,945.7148267361121,2179.8739114303244
pt,061218,2025-09-09,36710.32809842911,3576.5761972428168,4693.180390192535,44980.084685864465,1062.912287152778,1856.062352198603
pt,061218,2025-09-10,42067.458914824,2030.6518406422606,3997.718460222909,48095.82921568917,992.7586184027762,2082.408201017458
pt,061218,2025-09-11,42152.248025029636,-1628.9215663235384,4786.015729607821,45309.34218831392,1106.8929461805574,0.0
pt,061218,2025-09-12,18388.880365068882,657.6764939900341,3039.2073029184007,22085.764161977317,757.3265694444442,94.50955694444679
pt,061218,2025-09-13,18343.266229649387,373.2496545416427,3379.8255802333347,22096.341464424364,789.4272888888892,238.39665454957174
pt,061218,2025-09-14,45143.897915910566,-657.028943727643,3960.288667124827,48447.15763930775,1026.8324409722227,923.4590629563725
pt,061218,2025-09-15,37729.92402132209,960.4775676813812,5296.280917752803,43986.682506756275,1366.37280381945,790.28553261708
pt,061218,2025-09-16,43935.21289910114,-1497.5979207578252,4107.3197915533,46544.934769896616,1064.6876798611102,150.7792624051321
pt,061218,2025-09-17,42287.07451564614,-317.985756141947,5183.40605550052,47152.49481500471,1464.1775732638876,533.7685763888865
pt,061218,2025-09-18,38011.870971319324,5917.249869132059,3416.60878665017,47345.72962710155,798.7092798611108,6145.505720730299
pt,061218,2025-09-19,18557.98970835834,315.64711168488515,3670.406490891842,22544.043310935063,1002.6682715277784,209.62176092437747
pt,061218,2025-09-20,18573.35297972056,-89.56845685514813,6400.01325444323,24883.797777308642,1499.7988413194446,175.55752892785165
pt,061218,2025-09-21,41576.048013614185,97.48761629621475,4103.0300078941,45776.5656378045,976.1816777777788,361.851544411722
pt,061218,2025-09-22,43914.53950521477,-1983.0211152407294,9501.760761010062,51433.279150984104,2566.1110388888865,107.38487844797149
pt,061218,2025-09-23,43290.5439962618,-681.3044303397103,6665.4332872295,49274.672853151584,1494.1024538194415,0.00107249771008857
pt,061218,2025-09-24,38241.97043335492,3490.165041226536,6983.092281827085,48715.227756408545,1957.4464180555556,4110.4991675972315
pt,061218,2025-09-25,41017.972355299455,2891.850743345098,5318.7916672663105,49228.61476591087,1417.8283687499984,3546.430284901943
pt,061218,2025-09-26,18782.667713798015,-445.94075776843493,4150.974354684371,22487.70131071395,1026.9103916666656,12.340612896867071
pt,061218,2025-09-27,18008.25858873566,1270.8090748525462,6847.947381309743,26127.01504489795,1791.980363209908,516.6710949000819
pt,061218,2025-09-28,40924.59267644906,6029.342179546073,5090.764147829861,52044.69900382499,1349.379692013889,4196.384341868847
pt,061218,2025-09-29,43150.05854119893,-496.40033940983267,13638.024215781257,56291.68241757035,3489.2882628472235,502.4117379885104
pt,061218,2025-09-30,42764.96413209121,2388.6913100373395,6589.061119163193,51742.716561291745,1759.6827736111106,2437.222933249671
pt,061218,2025-10-01,39382.98097064166,-291.7422683773745,1682.4856795782955,40773.724381842585,462.0553444444436,125.3267337799377
pt,061218,2025-10-02,43826.78918039297,-2979.304088636682,2843.909168951389,43691.394260707675,795.416161111111,0.0011439869994376295
pt,061218,2025-10-03,16568.16076022146,450.5883264417703,4278.454732053127,21297.20381871636,1066.3051923611115,350.66083878387474
pt,061218,2025-10-04,18460.897658632704,-212.70902831985882,4065.8677497220506,22314.056380034897,1053.974820833334,0.0006229281398191233
pt,061218,2025-10-05,42822.19761609345,-1342.5971485693854,3640.0411200298695,45119.64158755393,1141.8630166666685,235.39549597463474
pt,061218,2025-10-06,38359.146389366,2172.486504878009,6239.675949430899,46771.30884367491,1730.1162593749991,2772.492583497402
pt,061218,2025-10-07,39464.373290253665,2740.4159490763145,2113.4073705680544,44318.196609898034,617.2959559027773,2484.47894906019
pt,061218,2025-10-08,35782.502704911094,1094.0846660624918,7546.440504327067,44423.02787530065,1878.2787569444422,1132.2170003372753
pt,061218,2025-10-09,41957.54000786523,-2369.8634306487033,9641.78811292899,49229.46469014552,2256.2393437500004,0.001503081461365241
pt,061218,2025-10-10,15895.423854563789,-246.3665534579163,7486.008851172396,23135.06615227827,1925.7505041666666,0.0016023865025118766
pt,061218,2025-10-11,16163.892681233552,206.8684148520166,4676.054506718576,21046.815602804145,1214.7408607638881,0.001602386501986075
pt,061218,2025-10-12,37973.89452170949,537.783176127205,10212.977262409917,48724.65496024661,2425.431146180559,408.14117543029204
pt,061218,2025-10-13,39540.04381280914,-278.30658924630717,10533.819830212502,49795.55705377534,2637.153796527777,875.1627407066687
pt,061218,2025-10-14,41299.3065298633,1297.87508761446,11337.070834476668,53934.25245195443,3118.221204785791,1317.7456208322524
pt,061218,2025-10-15,43074.784612946896,-454.16990660990564,9170.412960085414,51791.02766642241,2530.3052958333337,381.79303822140014
pt,061218,2025-10-16,41057.43679877605,1317.967873482538,7729.808743788146,50105.21341604673,2058.588199999992,1467.957835402523
pt,061218,2025-10-17,15188.113522615346,1448.4645190369429,5672.35244329878,22308.93048495107,1517.0018267361097,1056.7135274015418
pt,061218,2025-10-18,16966.852322680134,-247.62782082550137,5977.678655239408,22696.90315709404,1621.4467951388885,169.86291802548453
pt,061218,2025-10-19,42299.40501825283,-617.8301195740073,9818.116080897213,51499.69097957604,2448.89975347222,0.0022779059167163905
pt,061218,2025-10-20,45233.87764206388,-1393.2564016091512,6373.7361630097175,50214.35740346445,1652.7891159722212,0.0015996596828244947
pt,061218,2025-10-21,44103.84344916285,243.97480308935303,5324.3753101451375,49672.19356239734,1355.0013878472214,657.5437194281782
pt,061218,2025-10-22,42047.63002519988,2182.4814173922164,7709.3868576315945,51939.498300223684,1882.6664114583318,1440.6366237824523
pt,061218,2025-10-23,48847.91712809935,-2396.6792340085644,9496.737444266493,55947.975338357275,2542.2187753472226,357.6727781879458
pt,061218,2025-10-24,16285.32917641892,256.371749894024,8219.22281155485,24760.923737867794,2097.1748892361084,113.2095976049255
pt,061218,2025-10-25,16254.276021813566,100.99197592056295,7888.6626712300385,24243.930668964167,1975.1421378472232,81.80764461823927
pt,061218,2025-10-26,45337.12413850276,-535.241281671472,9352.504814855907,54154.3876716872,2599.8943461805557,725.428170355143
pt,061218,2025-10-27,41433.30282492811,3644.700964418275,4465.448135049829,49543.45192439622,1166.9368944444454,3389.4300909541116
pt,061218,2025-10-28,41273.344660150564,3225.263460166287,6084.246128014752,50582.854248331605,1659.850809722221,3429.007644540061
pt,061218,2025-10-29,45981.79063081026,614.9167939444783,6533.151210841499,53129.85863559624,1594.557410416669,656.8008467464444
pt,061218,2025-10-30,40472.04438626324,2237.5557415147023,10743.014475051728,53452.61460282967,2743.892626388885,2320.9624213307015
pt,061218,2025-10-31,17761.309926706228,-144.83448348638044,7436.078277476734,25052.553720696582,1786.614857291666,0.0006360628787547284
pt,061218,2025-11-01,16976.74175937866,277.97074946152486,6189.5316762781285,23444.244185118314,1636.9803440972232,46.9913430067879
pt,061218,2025-11-02,44396.16679477531,2869.238977482,7250.53193702221,54515.93770927952,1760.0632503472189,2971.5300077412276
pt,061218,2025-11-03,47337.20778089116,-1176.7998865124196,6643.354869964228,52803.76276434297,1765.7182097222199,18.403830507833916
pt,061218,2025-11-04,43631.86670792599,1914.1386377229749,8898.623485857463,54444.62883150642,2061.959506944443,1539.7137771810537
pt,061218,2025-11-05,49226.45374614499,-899.0741113195509,8796.86863637759,57124.24827120303,2361.3323218749956,0.006028187951848452
pt,061218,2025-11-06,45365.56171250801,2126.6332487874693,7086.556160104175,54578.751121399655,1854.9892673611114,1565.4310311648396
pt,061218,2025-11-07,16945.071313565706,368.72819230357396,6634.73658716319,23948.536093032468,1713.6927645833323,272.6091397571198
pt,061218,2025-11-08,17131.18754025425,166.38216491578748,7256.898870085753,24554.46857525579,1797.9808725694422,108.03933494242602
pt,061218,2025-11-09,47355.27927843032,487.637407311391,7662.829789800355,55505.746475542066,2020.0531517361128,383.60099982617015
pt,061218,2025-11-10,47891.283366537755,2359.098160058935,7845.091890264762,58095.47341686145,1878.0745170138891,2550.9106962004257
pt,061218,2025-11-11,49533.020460594205,-1299.1942076519758,7139.492682971346,55373.31893591357,1767.6667142361093,0.0016055078203009998
pt,061218,2025-11-12,46997.046348102725,2965.3086331085015,7241.888219844796,57204.24320105602,1648.561667708334,2044.5230600696868
pt,061218,2025-11-13,45797.169723089166,2235.229973563516,10589.461553214058,58621.86124986674,2701.0304607638873,2285.2297060368155
pt,061218,2025-11-14,17870.299703177512,772.2214950404983,7002.595373744265,25645.116571962277,1801.3394368055538,695.739451606429
pt,061218,2025-11-15,18473.714576168393,-250.2341018156949,7617.847168520661,25841.32764287336,1877.7581541666673,5.684341886080801e-13
pt,061218,2025-11-16,47488.31913802814,3321.1265810169693,7707.939298065967,58517.38501711108,1949.5634979166653,2498.3561498625813
pt,061218,2025-11-17,45983.50658015134,6644.793617850537,4108.056604315798,56736.35680231767,1187.3384371527777,5658.533693740093
pt,061218,2025-11-18,47993.77900550759,2491.037034263588,8341.496491652606,58826.312531423784,2292.0708288194446,1609.860343098354
pt,061218,2025-11-19,47219.004363877546,6115.910574102087,6561.3764563982495,59896.29139437788,1759.8710982638856,4747.680738690788
pt,061218,2025-11-20,47230.55190609809,3147.3826718820687,6498.051879413543,56875.9864573937,1654.060407291667,2935.228748196416
pt,061218,2025-11-21,17967.88279755307,468.8382850804512,5509.434694753646,23946.15577738717,1609.865397916666,406.386376025922
pt,061218,2025-11-22,19170.391106264964,34.06315485299555,6238.8866075449605,25443.34086866292,1606.2858326388875,5.441552729007071
pt,061218,2025-11-23,48059.12706359805,4421.21108159531,5124.829431482642,57605.167576676,1317.380490277777,3096.8585045363006
pt,061218,2025-11-24,46789.06195982365,2218.0577999466886,9212.215469981773,58219.33522975212,2393.2231763888876,2119.157678294134
pt,061218,2025-11-25,54959.9200512811,-2001.7051516820752,5349.2798825277905,58307.49478212682,1462.202510763891,0.0006163626003399258
pt,061218,2025-11-26,51387.96120653025,1757.8979165758765,5214.789703983689,58360.64882708982,1330.3334552083347,1461.5015710846521
pt,061218,2025-11-27,49730.96120582782,2874.476790480071,5467.021203720313,58072.4592000282,1370.797334375,2182.992457074605
pt,061218,2025-11-28,18505.254777259895,301.02966743824675,7758.422191903299,26564.70663660144,1847.2696347222218,68.96746054546809
pt,061218,2025-11-29,22607.759117958052,-357.9232389481549,3644.273974701733,25894.10985371163,1053.2138472222216,21.73288055555571
pt,061218,2025-11-30,51544.55006540953,3711.9536144425906,6377.102291810241,61633.60597166236,1614.533334374999,2735.716612813635
pt,061218,2025-12-01,54693.31108663771,-1037.354246810734,29837.723004551368,83493.67984437835,8204.35389305555,5.113705595704701
pt,061218,2025-12-02,56218.59727842573,-834.1552993817036,28419.97375479739,83804.41573384142,7452.37243159722,27.261901084819556
pt,061218,2025-12-03,49669.2504485041,6776.491273978425,21391.139902344967,77836.8816248275,6327.445332291664,6664.530460845842
pt,061218,2025-12-04,54998.53098341971,-885.133116342803,29290.933775979167,83404.33164305607,8071.017524999999,231.6360835431541
pt,061218,2025-12-05,20098.330303167506,1060.631104581029,21858.065584872398,43017.02699262093,6169.492195486111,935.4459226140925
pt,061218,2025-12-06,21339.897323225603,233.2237926678022,24032.383606886113,45605.504722779515,6740.873233333334,0.0
pt,061218,2025-12-07,56865.649710310914,-715.3401180603887,27247.24130045451,83397.55089270504,7790.406743749998,6.651970526257315
pt,061218,2025-12-08,60556.196428852985,631.4877508571229,6326.335706921167,67514.01988663127,1683.1129118055514,216.025391095707
pt,061218,2025-12-09,60145.18104131477,-508.96753252353125,8329.511074019967,67965.7245828112,2066.995103472223,372.55624552657775
pt,061218,2025-12-10,56846.604655404895,3194.6470310520353,8226.662775892562,68267.9144623495,2190.798321875006,2512.785464733292
pt,061218,2025-12-11,59638.736249504465,-496.4700444722648,6800.338192275354,65942.60439730756,1762.793200347224,1.9482542068152782
pt,061218,2025-12-12,23480.141847541512,2399.6471190315438,7263.467873576912,33143.25684014997,2010.8226131944452,2619.274160508224
pt,061218,2025-12-13,24356.006889261113,1144.8052049316839,7347.509630967361,32848.32172516016,1822.0809857638883,606.3027972716468
pt,061218,2025-12-14,56366.679173302124,4429.043430268289,7130.099180190979,67925.82178376139,1750.046771527779,4202.255610115065
pt,061218,2025-12-15,56104.545157127686,5681.340399831728,6563.57957076475,68349.46512772416,1737.669711111109,5065.551541399793
pt,061218,2025-12-16,60421.96001631696,-67.38310838750479,6482.306200597379,66836.88310852683,1886.4608118055517,342.5185682193766
pt,061218,2025-12-17,60121.65714057047,-764.6965174212149,9540.97722968401,68897.93785283326,2466.9456819444404,56.01115386260369
pt,061218,2025-12-18,57201.2170182447,2436.05932442542,7752.318909840784,67389.5952525109,2295.48743819444,1553.3398196063254
pt,061218,2025-12-19,22757.86287620301,2311.4578213851623,8959.583988549823,34028.904686138,2372.550630902777,2929.109555657191
pt,061218,2025-12-20,24256.30035105296,-141.7784229217282,8270.583330456233,32385.105258587464,2197.6862010416626,14.56683712730855
pt,061218,2025-12-21,59218.98928365427,907.0830477555303,7822.16706193959,67948.23939334939,2355.8342538194465,908.5176590812123
pt,061218,2025-12-22,58247.50156794743,1760.1025901810362,7595.262364738906,67602.86652286738,1995.367624652782,1790.6030344338426
pt,061218,2025-12-23,59870.13452838014,-333.8832602970528,6528.2396815758675,66064.49094965895,1753.8135565972216,242.09194575541835
pt,061218,2025-12-24,59338.355088925884,239.5187523573632,7661.045572874664,67238.9194141579,1949.3767885416687,400.9909822372322
pt,061218,2025-12-25,56446.277754603936,3012.4811080088975,7607.969180024316,67066.72804263714,2103.4246909722256,3009.9140604636846
pt,061218,2025-12-26,23251.3361435557,1442.1803092238795,7684.818621994262,32378.335074773844,2195.5526239583305,1745.8514310312123
pt,061218,2025-12-27,23885.221132572482,864.5538535911045,6646.752698419624,31396.52768458321,1785.7129645833343,990.1082012178786
pt,061218,2025-12-28,58680.567631815764,367.90497111438253,6953.425027497913,66001.89763042805,1909.1632718749984,451.62734599713934
pt,061218,2025-12-29,57939.95093339546,3233.3065802750443,3166.984194710069,64340.24170838058,907.9810427083332,2978.4196805082856
pt,061218,2025-12-30,58555.46500988699,653.1353929711539,6643.954412955205,65852.55481581335,1939.3144822916652,422.52279865126536
pt,061218,2025-12-31,59685.76063790849,540.0211666915989,5913.854432985243,66139.63623758534,1605.8625357638884,552.8697861505358
